lemma	sense	pos	definitionEn	definitionZh	usageExplanationZh	exampleEn	exampleZh
forgo	verb	verb	to choose not to have or do something, often something desirable	放棄；捨棄（原可享有之事物）	及物動詞，常接名詞或動名詞，forgo dessert、forgo the opportunity；語氣比 give up 更正式。	She decided to forgo dessert to save money for the trip.	她決定放棄甜點，把錢省下來去旅行。
forlorn	adjective	adjective	sad and lonely because of neglect or loss	孤獨淒涼的；被遺棄而悲傷的	常修飾人的表情、處境或荒廢的地方，forlorn hope 則是固定用法，指渺茫的希望。	The forlorn dog waited outside the empty house.	那隻可憐的狗在空屋外淒涼地等待著。
format	noun	noun	the way information, a document, or a program is arranged or presented	格式；形式；編排方式	常接 in ... format，如 in digital format；也用於節目形式，如 talk show format。	Please submit the report in PDF format.	請以 PDF 格式繳交報告。
format	verb	verb	to arrange text, data, or a program in a particular structure or style	將資料設定為特定格式；編排	電腦用語常見 format a document 或 format a hard drive（後者指初始化磁碟，會清除資料）。	You need to format the document before printing it.	列印前你需要先設定文件的格式。
formation	noun	noun	the process of forming or developing something, or the way something is arranged	形成；構造；編隊	常接 the formation of，如 the formation of a company；亦用於軍事或飛行隊形，如 in formation。	The formation of the new government took several weeks.	新政府的組成花了好幾週的時間。
formerly	adverb	adverb	at an earlier time; in the past	從前；以前	常置句首或修飾職稱，如 formerly known as；比 before 更正式，強調狀態已改變。	The building was formerly a factory before it became a museum.	這棟建築以前是工廠，後來才變成博物館。
formidable	adjective	adjective	inspiring fear or respect through being impressively powerful, large, or capable	令人敬畏的；強大難以應付的	常修飾對手、任務或人物，formidable opponent 指難纏的對手，語氣正式且帶敬意。	She built a formidable reputation as a defense lawyer.	她建立起令人敬畏的辯護律師名聲。
formula	noun	noun	a mathematical or scientific rule expressed in symbols	公式；算式	數學或科學脈絡常用，如 a chemical formula；也可指固定的解決方法，如 a winning formula。	Students must memorize the formula for calculating area.	學生必須背誦計算面積的公式。
formulate	verb	verb	to develop or express an idea, plan, or opinion in a precise and systematic way	明確擬定；系統性地表達（想法、計畫）	常接 plan、strategy、policy 等抽象名詞，強調經過思考後清楚陳述。	The committee spent months formulating a new policy.	委員會花了數個月擬定新政策。
forsake	verb	verb	to leave or abandon someone or something one has a duty or attachment to	遺棄；拋棄（有責任或情感連結的對象）	語氣文學、正式，常見於誓言或書面語，如 forsake one's friends；日常口語較少用。	He vowed never to forsake his family.	他發誓絕不遺棄自己的家人。
forth	adverb	adverb	forward or out, especially into view or existence	向前；向外（顯現出來）	常見固定片語 back and forth（來回）、from this day forth（從今以後），單獨使用時語氣書面。	The plan was set forth in the committee's report.	該計畫已在委員會的報告中提出。
forthcoming	adjective	adjective	about to happen or appear soon; planned for the near future	即將到來的；準備要發生的	常修飾 event、election、book 等，如 the forthcoming election；正式用語，常見於新聞報導。	Details about the forthcoming concert will be released next week.	有關即將舉行的演唱會的細節將於下週公布。
forthright	adjective	adjective	direct and outspoken in expressing opinions	直率的；坦白的	常用來形容說話方式或個性，帶正面意味，強調誠實不拐彎抹角，如 a forthright answer。	He gave a forthright answer to the reporter's difficult question.	他直率地回答了記者的刁鑽問題。
fortify	verb	verb	to strengthen a place against attack, or to strengthen something in general	加強防禦；使堅固；增強	常見 fortify a city（建築防禦工事）或抽象用法 fortify one's resolve（堅定決心）。	The ancient walls were built to fortify the city against invasion.	這些古城牆是為了抵禦入侵而建造的防禦工事。
fortnight	noun	noun	a period of two weeks	兩星期；十四天	英式英語常用詞，美式英語較少見，常見 a fortnight ago、in a fortnight。	We are going on holiday for a fortnight.	我們要去度假兩個星期。
fortuitous	adjective	adjective	happening by a lucky chance rather than by design	偶然幸運的；碰巧的	強調意外卻帶來好結果的巧合，常修飾 meeting、event，語氣正式。	Their meeting at the conference was entirely fortuitous.	他們在研討會上的相遇完全是偶然的幸運。
fortunate	adjective	adjective	having good luck; favored by fortunate circumstances	幸運的；走運的	常接 to be fortunate to do something 或 fortunate enough，語氣比 lucky 稍正式。	We were fortunate to find a parking spot so close to the venue.	我們很幸運能在會場附近找到停車位。
fortune	noun	noun	a large amount of money or wealth	一大筆財富；巨款	常見 make a fortune（賺大錢）、cost a fortune（花費昂貴），為口語常用誇飾表達。	He made a fortune investing in real estate.	他靠投資房地產賺了一大筆財富。
fortune	noun_luck	noun	chance or luck as an unpredictable force affecting people's lives	命運；運氣	常見 good fortune／bad fortune，或 tell someone's fortune（算命）；比 luck 更帶宿命意味。	She believes her good fortune comes from hard work, not luck.	她相信自己的好運來自努力，而非單純的運氣。
forum	noun	noun	a place, meeting, or medium for open discussion of ideas	論壇；公開討論的場所	現在常指網路論壇 online forum，也可指公開辯論的實體場合，如 a public forum。	The website hosts a forum where users can discuss language learning.	這個網站設有一個讓使用者討論語言學習的論壇。
fossil	noun	noun	the preserved remains or impression of a plant or animal from a past geological age	化石	常接 fossil fuel（化石燃料）等複合詞，也可比喻守舊的人（口語，稍帶貶意）。	Scientists discovered a dinosaur fossil in the desert.	科學家在沙漠中發現了一個恐龍化石。
foster	verb	verb	to encourage the development or growth of something	培養；促進（發展、成長）	常接抽象名詞，如 foster creativity、foster relationships，語氣正式積極。	The program aims to foster creativity among young students.	這項計畫旨在培養年輕學生的創造力。
foster	verb_child	verb	to bring up a child that is not one's own, typically not through legal adoption	寄養；代養（非親生子女）	常見 foster a child、foster parent（寄養家庭），與 adopt（正式收養）不同，寄養通常屬臨時性質。	They have fostered several children over the years.	這些年來他們寄養過好幾個孩子。
founder	noun	noun	a person who establishes an organization, institution, or business	創辦人；奠基者	常接機構名稱，如 the founder of the company；常與 co-founder（共同創辦人）並用。	She is the founder of a nonprofit organization for literacy.	她是一個提倡識字教育的非營利組織的創辦人。
founder	verb	verb	to fail or break down completely, especially of a plan or ship	（計畫）失敗；（船）沉沒	常見 the plan foundered（計畫破局）或 the ship foundered（船隻沉沒），與 found（建立）為完全不同的詞。	The negotiations foundered over disagreements about pricing.	談判因價格分歧而破裂。
fountain	noun	noun	a structure that sends up jets of water, often for decoration	噴泉	常見於公園或廣場等公共空間，如 a water fountain；也可指飲水機（美式英語 drinking fountain）。	Tourists often take photos in front of the famous fountain.	遊客常在這座著名的噴泉前拍照。
fraction	noun	noun	a small part or amount of something	一小部分；小部分	常見 only a fraction of，強調數量極少，如 a fraction of the cost（僅一小部分的費用）。	He finished the marathon in a fraction of the time he expected.	他完成馬拉松所花的時間只是他預期的一小部分。
fraction	noun_math	noun	a numerical quantity that is not a whole number, expressed as one number divided by another	分數	數學用語，如 one half is a fraction；與整數 whole number 相對。	Students learn to add and subtract fractions in third grade.	學生在三年級學習分數的加減運算。
fracture	noun	noun	a break, especially in a bone	骨折；斷裂	醫學脈絡常用，如 a hairline fracture（裂痕型骨折）；也可指材料或結構的裂縫。	He suffered a fracture in his left arm during the fall.	他跌倒時左臂骨折了。
fracture	verb	verb	to break or crack, or to cause something to break	（使）破裂；（使）骨折	及物或不及物皆可，fracture a bone 或 the relationship fractured（比喻關係破裂）。	The vase fractured when it fell off the shelf.	花瓶從架上掉落時裂開了。
fragile	adjective	adjective	easily broken, damaged, or destroyed	易碎的；脆弱的	常修飾物品，如 fragile glassware；也可比喻脆弱的狀態，如 a fragile peace（脆弱的和平）。	The package was labeled "fragile" because it contained glass items.	這個包裹因為裝有玻璃製品，被標示為「易碎品」。
fragment	noun	noun	a small piece or part broken off from something larger	碎片；片段	常見 fragments of glass（玻璃碎片）或抽象用法 a fragment of memory（一段記憶片段）。	Archaeologists found fragments of ancient pottery at the site.	考古學家在遺址發現了古代陶器的碎片。
fragrance	noun	noun	a pleasant, sweet smell	香味；芬芳	常見於花朵、香水描述，如 a floral fragrance；比 smell 更正面、更文雅。	The garden was filled with the fragrance of blooming roses.	花園裡瀰漫著盛開玫瑰的芬芳。
fragrant	adjective	adjective	having a pleasant or sweet smell	芳香的；芬芳的	常修飾花、茶、食物等，如 fragrant tea；語氣正面優雅。	The bakery was filled with the fragrant smell of fresh bread.	麵包店裡瀰漫著新鮮麵包的香氣。
frame	noun	noun	a rigid structure that surrounds or supports something, such as a picture or window	框架；框	常見 a picture frame（相框）、window frame（窗框）；也可指人的體格，如 a slender frame。	She hung the photo in a wooden frame.	她把照片掛在木製相框裡。
frank	adjective	adjective	honest and direct in what one says, even if it might not be welcome	坦率的；直言不諱的	常見 to be frank with you（老實跟你說），常置句首作插入語，語氣誠懇。	To be frank, I don't think the plan will work.	老實說，我不認為這個計畫行得通。
fraternal	adjective	adjective	relating to or characteristic of brothers, or brotherly in feeling	兄弟般的；友愛的	常見 fraternal twins（異卵雙胞胎，與 identical twins 相對），也可形容如兄弟般的情誼。	The two soldiers developed a fraternal bond during the war.	這兩名士兵在戰爭期間建立了兄弟般的情誼。
fraternity	noun	noun	a group of people sharing a common profession or interest, or a male student society	同業團體；（美國大學）兄弟會	美國大學脈絡常指男學生社團 college fraternity；也可泛指有共同職業或興趣的團體，如 the legal fraternity。	He joined a fraternity during his freshman year at college.	他大一時加入了一個兄弟會。
fraud	noun	noun	the crime of deceiving someone to gain money or another advantage illegally	詐欺；詐騙罪	常見 commit fraud、credit card fraud；也可指騙子本人（口語），如 he's a fraud。	She was convicted of tax fraud after years of falsifying records.	她因多年偽造紀錄而被判犯有逃稅詐欺罪。
freight	noun	noun	goods transported by truck, train, ship, or aircraft	貨物；貨運	常見 freight train（貨運列車）、freight charges（運費）；多用於商業或物流語境。	The freight was delayed at customs for two days.	這批貨物在海關延誤了兩天。
freight	verb	verb	to load or send goods as freight, or to burden with something	運送（貨物）；使承載（負擔）	常用被動語態 be freighted with，比喻承載了某種情緒或意義，如 freighted with meaning。	The negotiations were freighted with tension from the start.	這場談判從一開始就充滿了緊張氣氛。
frequency	noun	noun	the rate at which something occurs over a period of time	頻率；發生的次數	常見 the frequency of visits（拜訪的頻率）；物理學脈絡也指波動頻率，如 radio frequency。	The frequency of earthquakes in the region has increased in recent years.	該地區近年來地震發生的頻率增加了。
frequent	adjective	adjective	occurring often or at short intervals	頻繁的；常發生的	常修飾 visits、flights 等可重複發生之事，如 frequent flyer（常客）。	He is a frequent visitor to the museum.	他是這間博物館的常客。
frequent	verb	verb	to visit a place often	經常光顧（某地）	及物動詞，直接接地點作受詞，如 frequent a café，語氣比 visit often 更正式簡潔。	The writer used to frequent this small café to work on her novels.	這位作家過去常在這家小咖啡館寫小說。
freshly	adverb	adverb	very recently; in a new or fresh way	剛剛；新近地	常修飾過去分詞，如 freshly baked（剛烤好的）、freshly painted（剛油漆好的）。	The kitchen smelled of freshly baked cookies.	廚房裡瀰漫著剛烤好的餅乾香味。
fringe	noun	noun	the outer, less central, or marginal part of something	邊緣；外圍	常見 the fringe of society（社會邊緣）、on the fringe of the city（城市外圍）；也指流蘇裝飾。	Radical ideas often start on the fringe before entering the mainstream.	激進的想法通常先出現在邊緣地帶，再進入主流。
fringe	verb	verb	to form a border or edge around something	鑲邊於；圍繞（形成邊緣）	常用被動語態 be fringed with，描述景物周圍環繞著什麼，如 fringed with trees。	The lake was fringed with tall pine trees.	這座湖泊四周環繞著高聳的松樹。
frivolous	adjective	adjective	not having any serious purpose or value; silly	輕浮的；不認真的；無意義的	常修飾 spending、lawsuit 等，如 a frivolous lawsuit（無理取鬧的訴訟），帶負面評價。	The judge dismissed the case as frivolous.	法官認定這起訴訟無理取鬧，予以駁回。
frontier	noun	noun	a border between two countries, or the edge of settled or explored territory	邊境；邊界；（知識或科技的）前沿	常見比喻用法 the frontier of science（科學的前沿），指尚待開發或探索的領域。	Researchers are pushing the frontier of medical technology.	研究人員正在推動醫療科技的前沿發展。
frown	noun	noun	an expression of displeasure or concentration made by wrinkling the forehead	皺眉（的表情）	常見 with a frown（皺著眉頭），描述臉部表情，語氣中性偏負面。	She read the letter with a deep frown on her face.	她讀信時，臉上帶著深深的皺眉。
frown	verb	verb	to wrinkle one's forehead in displeasure, concentration, or disapproval	皺眉	不及物動詞，常接 at，frown at someone 表示對某人不悅；frown on/upon 表示不贊同某事。	Teachers frown upon students using their phones in class.	老師不贊同學生在課堂上使用手機。
frugal	adjective	adjective	careful about spending money or using resources; avoiding waste	節儉的；儉樸的	正面詞彙，強調有智慧地節省而非小氣，如 a frugal lifestyle。	They lived a frugal life in order to save for retirement.	他們過著節儉的生活，以便為退休存錢。
fruition	noun	noun	the point at which a plan or project is realized or fulfilled	實現；成果	常見 come to fruition（實現、開花結果），多用於計畫或努力的最終成果。	Years of research finally came to fruition with this discovery.	多年的研究終於在這項發現中開花結果。
frustrate	verb	verb	to prevent someone from achieving a goal, causing feelings of annoyance	使沮喪；阻撓；使受挫	可接人（感到挫折）或計畫（被阻撓），如 frustrate someone's efforts。	Constant delays frustrated the entire team.	不斷的延誤讓整個團隊感到沮喪。
frustration	noun	noun	the feeling of being upset or annoyed as a result of being unable to change or achieve something	挫折感；沮喪	常見 out of frustration（出於挫折感）、express frustration（表達不滿）。	He sighed in frustration when the computer crashed again.	電腦又當機時，他無奈地嘆了口氣。
fuel	noun	noun	a material burned to produce heat or power	燃料	常見 fossil fuel（化石燃料）；比喻用法 add fuel to the fire（火上加油）。	The car ran out of fuel on the highway.	這輛車在高速公路上耗盡了燃料。
fuel	verb	verb	to supply with fuel, or to increase the intensity of something	為……提供燃料；加劇；助長	比喻用法常見 fuel speculation、fuel tension，指使情況更加惡化或激烈。	Rising prices fueled public anger over the new policy.	物價上漲加劇了民眾對新政策的憤怒。
fulfil	verb	verb	to achieve or carry out something, such as a promise, duty, or ambition	實現；履行；完成	常接 promise、duty、potential 等，如 fulfil one's potential（發揮潛力）；英式拼法，美式為 fulfill。	She worked hard to fulfil her dream of becoming a doctor.	她努力實現成為醫師的夢想。
functional	adjective	adjective	practical and useful, or working properly and as intended	實用的；功能性的；正常運作的	常修飾設計或系統，如 functional design（實用的設計），強調重視實用性而非美觀。	The office furniture is simple but functional.	這辦公家具雖然簡單，卻很實用。
fundamental	adjective	adjective	forming a necessary base or core; of central importance	基本的；根本的；重要的	常見 a fundamental right（基本權利）、fundamental change（根本性的改變）。	Trust is fundamental to any healthy relationship.	信任對任何健康的關係都是根本重要的。
fundamental	noun	noun	a basic principle or rule that forms the foundation of a system or belief	基本原理；基礎	常用複數 fundamentals，如 the fundamentals of physics（物理學基礎原理）。	Before learning advanced techniques, students must master the fundamentals.	在學習進階技巧之前，學生必須先掌握基本原理。
furious	adjective	adjective	extremely angry	盛怒的；狂怒的	比 angry 語氣強烈得多，常見 furious at/with someone；也可修飾激烈的活動，如 a furious pace。	He was furious when he discovered his car had been scratched.	他發現自己的車被刮傷時，勃然大怒。
furnish	verb	verb	to provide a room or building with furniture	布置（傢俱）；裝設	常見 furnish an apartment（為公寓布置傢俱），also furnish someone with information（提供資訊，較正式）。	They furnished the new apartment with secondhand furniture.	他們用二手家具布置了新公寓。
furrow	noun	noun	a long narrow trench made in the ground by a plow, or a deep wrinkle	犁溝；（臉上的）深皺紋	農業脈絡指田裡的犁溝；也可比喻皺紋，如 furrows on the brow（額頭的皺紋）。	The farmer plowed straight furrows across the field.	農夫在田裡犁出筆直的溝壟。
furrow	verb	verb	to make deep wrinkles or lines in something, especially the brow	使起皺紋（尤指額頭）	常見 furrow one's brow，表示皺眉思考或擔憂，是常見的固定搭配。	She furrowed her brow in confusion as she read the instructions.	她讀著說明時，困惑地皺起了眉頭。
fury	noun	noun	violent or uncontrollable anger	盛怒；狂怒	比 anger 更強烈，常見 in a fury（勃然大怒地）；也可形容自然力量的猛烈，如 the fury of the storm。	He stormed out of the room in a fury.	他在盛怒之下衝出了房間。
fusion	noun	noun	the process of joining two or more things together to form a single new thing	融合；結合	常見 nuclear fusion（核融合）；也用於文化或風格的融合，如 a fusion of jazz and rock。	The restaurant is known for its fusion of Thai and French cuisine.	這家餐廳以融合泰式與法式料理聞名。
fuss	noun	noun	unnecessary or excessive worry, excitement, or activity about something	大驚小怪；小題大作	常見 make a fuss（大驚小怪，抱怨）、without much fuss（沒有太多麻煩地）。	There's no need to make such a fuss over a small mistake.	沒必要為了一個小錯誤這麼大驚小怪。
fuss	verb	verb	to show unnecessary or excessive concern about something	大驚小怪；瞎操心	常接 over/about，如 fuss over details（在細節上瞎操心）。	Stop fussing over what other people think of you.	別再為別人怎麼看你而瞎操心了。
fussy	adjective	adjective	overly concerned with details or difficult to please	愛挑剔的；難取悅的	常修飾人，如 a fussy eater（挑食的人）；也可形容過度講究裝飾的設計，如 a fussy pattern。	My grandmother is very fussy about how her tea is prepared.	我祖母對泡茶的方式非常挑剔。
futile	adjective	adjective	incapable of producing any useful result; pointless	徒勞的；無用的	常見 a futile attempt（徒勞的嘗試），強調努力注定失敗，語氣正式。	Their futile attempts to fix the old car finally ended in giving up.	他們修理那輛舊車的努力終究徒勞無功，最後只好放棄。
futility	noun	noun	the state of being useless or having no effective result	徒勞；無用	常見 the futility of war（戰爭的徒勞無益），語氣書面、帶哲理色彩。	He eventually recognized the futility of arguing with her.	他最終意識到跟她爭論是徒勞的。
galaxy	noun	noun	a large system of stars, dust, and gas held together by gravity	銀河系；星系	天文學用語，如 the Milky Way galaxy；也可比喻眾多名人聚集，如 a galaxy of stars（群星薈萃）。	Our solar system is just a small part of the Milky Way galaxy.	我們的太陽系只是銀河系中的一小部分。
gall	noun	noun	rude boldness or lack of respect; shameless audacity	厚顏無恥；膽大妄為	常見 have the gall to do something（居然有臉做某事），語氣強烈帶批評。	He had the gall to ask for a raise after missing three deadlines.	他錯過三次期限後，居然還敢厚著臉皮要求加薪。
gall	verb	verb	to irritate or annoy someone greatly	使惱怒；使苦惱	常用被動語態，如 be galled by something，語氣正式書面。	It galled him to see his rival receive all the credit.	看到對手獲得所有讚譽，讓他十分惱怒。
gallery	noun	noun	a room or building for the display or sale of works of art	畫廊；美術館	常見 an art gallery；也指劇院或議會中的旁聽席，如 the public gallery。	They spent the afternoon browsing an art gallery downtown.	他們花了一個下午在市中心的一間畫廊裡參觀。
gallon	noun	noun	a unit of liquid measure	加侖（液體容量單位）	常見於油量或油耗描述，如 miles per gallon；英制與美制加侖容量略有不同。	The car gets about thirty miles per gallon on the highway.	這輛車在高速公路上每加侖油可跑約三十英里。
gallop	noun	noun	the fastest pace of a horse, with all four feet off the ground at once	（馬的）疾馳；奔馳	常見 at a gallop（以疾馳的速度）；比喻快速前進的過程亦可使用。	The horse broke into a gallop as soon as the gate opened.	閘門一開，馬就立刻疾馳起來。
gallop	verb	verb	(of a horse) to run at a gallop, or to move or progress very quickly	（馬）疾馳；快速前進	常見 gallop across the field；比喻用法如 the story gallops along（故事節奏明快）。	The horses galloped across the open field.	馬群在開闊的田野上疾馳而過。
galvanize	verb	verb	to shock or excite someone into taking action	刺激；激勵（使採取行動）	常接 into action，如 galvanize people into action，強調突然的激勵效果，語氣正式。	The speech galvanized the crowd into action.	這場演講激勵了群眾採取行動。
gamble	noun	noun	an act involving risk that may result in loss, undertaken with hope of gain	賭博；冒險行為	常見 take a gamble（冒險一試），可指實際賭博或比喻性的冒險決定。	Investing all his savings in the startup was a huge gamble.	把所有積蓄投資在這家新創公司是一場大賭注。
gamble	verb	verb	to risk money or something valuable on an uncertain outcome, especially in games of chance	賭博；下賭注	常接 on，如 gamble on the stock market；也可比喻性使用，指冒險做決定。	He gambled away his entire paycheck at the casino.	他在賭場把整份薪水都輸光了。
gape	noun	noun	a wide opening or gap	裂口；缺口	較少見用法，多描述物體上突然出現的空隙或裂縫。	There was a gape in the fence where the wood had rotted.	圍籬上有一個因木頭腐爛而出現的缺口。
gape	verb	verb	to stare with one's mouth open in surprise or wonder	目瞪口呆地凝視	常見 gape at，表示因驚訝而張大嘴巴盯著看，語氣生動。	Tourists gaped at the towering waterfall in amazement.	遊客們驚嘆地目瞪口呆望著那座高聳的瀑布。
garbage	noun	noun	waste material that is discarded, or something considered worthless	垃圾；廢物	常見 take out the garbage（倒垃圾）；口語也可比喻毫無價值的東西或言論，如 that's garbage。	Please take the garbage out before you leave for work.	上班前請把垃圾拿出去丟。
garland	noun	noun	a decorative wreath of flowers or leaves worn or hung as a decoration	花環；花圈	常見於慶典裝飾，如 a garland of flowers；與喪禮用花圈 wreath 略有不同，語氣較喜慶。	Dancers wore garlands of fresh flowers around their necks.	舞者的脖子上戴著新鮮花朵編成的花環。
garland	verb	verb	to decorate something with a garland	用花環裝飾	較少見用法，常用於描述場地或人物以花環裝飾的畫面。	The stage was garlanded with flowers for the ceremony.	舞台上為了這場典禮裝飾了花環。
garment	noun	noun	an item of clothing	衣物；服裝（單件）	比 clothes 更正式，常用於時尚、產業或法律語境，如 a garment factory（成衣廠）。	Each garment in the collection was handmade.	這系列中的每件服裝都是手工製作的。
garrulous	adjective	adjective	excessively talkative, especially about trivial matters	話多的；喋喋不休的	帶輕微負面意味，形容人愛說瑣事、話多到令人厭煩，語氣正式書面。	The garrulous old man kept the entire bus entertained with his stories.	那位話多的老先生用他的故事逗樂了整輛巴士的乘客。
gasoline	noun	noun	a liquid fuel used mainly in vehicle engines, refined from petroleum	汽油	美式英語用詞，英式英語常用 petrol；常見 gasoline prices、gasoline engine。	Gasoline prices have risen sharply this month.	這個月汽油價格大幅上漲。
gasp	noun	noun	a sudden, sharp intake of breath, often from surprise or pain	喘息；倒抽一口氣	常見 with a gasp（倒抽一口氣地），描述驚訝或痛苦的瞬間反應。	She let out a gasp when she saw the surprise party.	她看到驚喜派對時，倒抽了一口氣。
gastric	adjective	adjective	relating to the stomach	胃部的；胃的	醫學用語，常見 gastric ulcer（胃潰瘍）、gastric surgery（胃部手術）。	He was diagnosed with a gastric ulcer after months of stomach pain.	經過數月的胃痛後，他被診斷出患有胃潰瘍。
gauge	noun	noun	an instrument for measuring the amount or level of something	量表；測量儀器	常見 fuel gauge（油量表）、pressure gauge（壓力計）；也可比喻衡量標準，如 a gauge of public opinion。	The fuel gauge showed the tank was almost empty.	油量表顯示油箱幾乎空了。
gaunt	adjective	adjective	extremely thin and bony, especially from illness, hunger, or suffering	消瘦憔悴的	常修飾人的外貌，強調因病痛或飢餓而顯得虛弱，語氣中性偏負面。	After weeks of illness, he looked gaunt and pale.	經過數週的病痛，他看起來憔悴又蒼白。
gaze	noun	noun	a long, steady look at someone or something	凝視；注視	常見 fix one's gaze on（將視線固定在……上），語氣比 look 更持久專注。	Her gaze fell upon the old photograph on the wall.	她的目光落在牆上那張舊照片上。
gaze	verb	verb	to look steadily and intently at someone or something	凝視；注視	常接 at，如 gaze at the stars；比 look 更強調持續且專注的凝視。	He gazed at the horizon, lost in thought.	他凝視著地平線，陷入沉思。
gear	noun	noun	equipment or clothing needed for a particular activity	裝備；用具	常見 camping gear（露營裝備）、safety gear（安全裝備）；也可指機械齒輪或汽車排檔。	Make sure you bring all your hiking gear before the trip.	出發前確定你帶齊了所有登山裝備。
gear	verb	verb	to adjust or design something to suit a particular purpose or group	使適合；針對（某目的或對象調整）	常見 be geared toward/to，如 courses geared toward beginners（針對初學者設計的課程）。	The marketing campaign is geared toward younger consumers.	這項行銷活動是針對年輕消費者所設計的。
gene	noun	noun	a unit of heredity that is transferred from parent to offspring	基因	生物學用語，常見 gene mutation（基因突變）；比喻用法如 it's in his genes（那是他天生的特質）。	Scientists identified the gene responsible for the disease.	科學家找出了導致這種疾病的基因。
generality	noun	noun	a statement that is general and not specific, lacking detail	籠統的說法；泛泛之詞	常用複數 generalities，帶輕微負面意味，指言論空泛缺乏具體內容。	The politician's speech was full of generalities and short on specifics.	這位政治人物的演講充滿籠統之詞，缺乏具體內容。
generate	verb	verb	to produce or create something, especially energy, income, or interest	產生；引起；創造	常接 income、interest、electricity 等，如 generate revenue（創造營收）。	Solar panels generate electricity from sunlight.	太陽能板利用陽光發電。
generator	noun	noun	a machine that produces electricity	發電機	常見 backup generator（備用發電機），用於停電或緊急情況供電。	They used a generator to power the house during the storm.	暴風雨期間，他們用發電機為房子供電。
generic	adjective	adjective	not specific to a particular brand; general or common to a whole group	通用的；非品牌專屬的；一般性的	常見 generic drug（學名藥，非品牌藥）、generic term（通用術語）。	She bought the generic version of the medicine to save money.	她買了學名藥版本的藥品來省錢。
generous	adjective	adjective	willing to give more of something, such as money or time, than is expected	慷慨的；大方的	常接 with，如 generous with one's time；也可修飾份量，如 a generous portion（豐盛的份量）。	He is always generous with his time when helping students.	他在幫助學生時總是很慷慨地付出時間。
genetic	adjective	adjective	relating to genes or heredity	基因的；遺傳的	常見 genetic disorder（遺傳疾病）、genetic engineering（基因工程）。	The disease is believed to have a genetic cause.	這種疾病被認為具有遺傳性的成因。
genial	adjective	adjective	friendly, warm, and cheerful in manner	親切和藹的；友善的	常修飾人的態度或性格，語氣正面，強調讓人感到舒服自在。	The genial host made everyone feel welcome at the party.	這位親切和藹的主人讓每個人在派對上都感到賓至如歸。
genius	noun	noun	exceptional intellectual or creative ability, or a person who has it	天才；卓越的才能	常見 a stroke of genius（神來一筆）；可指人（he is a genius）或才能本身。	Her ability to solve the problem so quickly was pure genius.	她能這麼快解決問題，簡直是天才之舉。
genre	noun	noun	a category of artistic work characterized by a particular style or content	（文學、藝術）類型；體裁	常見於文學、電影、音樂分類，如 the horror genre（恐怖片類型）。	Science fiction is her favorite literary genre.	科幻小說是她最喜歡的文學體裁。
genteel	adjective	adjective	polite, refined, or affectedly elegant in manner	（有時帶矯揉造作意味的）優雅得體的	常帶輕微負面意味，暗示刻意表現出的高雅，與自然的 elegant 略有不同。	She spoke in a genteel manner that seemed a bit forced.	她說話的方式優雅得體，卻顯得有些做作。
gentle	adjective	adjective	mild, kind, or not forceful or harsh	溫和的；溫柔的	常修飾人的態度或動作力道，如 a gentle touch（輕柔的觸碰），也可形容坡度平緩，如 a gentle slope。	She gave the puppy a gentle pat on the head.	她輕柔地拍了拍小狗的頭。
genuine	adjective	adjective	truly what it is said to be; authentic; sincere	真正的；真誠的；非仿冒的	常見 genuine leather（真皮）、genuine concern（真誠的關心）；與 fake 相對。	His apology sounded genuine and heartfelt.	他的道歉聽起來真誠又發自內心。
geographic	adjective	adjective	relating to geography or the physical features of an area	地理的；地理學的	常見 geographic location（地理位置）、geographic boundary（地理界線）。	The company expanded its geographic reach into new markets.	這家公司將其地理版圖擴展到新的市場。
ghastly	adjective	adjective	extremely unpleasant, frightening, or shocking	可怕的；駭人的	語氣強烈，常修飾事故、景象或情況，如 a ghastly accident；口語也可誇張形容令人不快之事。	The car crash left a ghastly scene on the highway.	這場車禍在高速公路上留下了可怕的景象。
giant	noun	noun	a legendary being of human form but superhuman size, or something huge or very important	巨人；（產業或領域中的）巨頭	常見比喻用法 an industry giant（產業巨頭），指規模或影響力極大的組織或人物。	The company has grown into a giant in the tech industry.	這家公司已成長為科技產業的巨頭。
giddy	adjective	adjective	having a sensation of whirling and a loss of balance, or feeling extremely excited	頭暈的；興奮到飄飄然的	可形容生理暈眩，如 feel giddy；也常形容因興奮而忘乎所以，如 giddy with excitement。	She felt giddy with excitement after receiving the acceptance letter.	收到錄取通知後，她興奮得飄飄然。
giggle	verb	verb	to laugh in a silly or nervous, high-pitched way	咯咯地笑；傻笑	常見於形容孩童或害羞的笑聲，語氣輕鬆帶點孩子氣。	The girls giggled uncontrollably during the movie.	女孩們在電影播放時忍不住咯咯地笑個不停。
giggle	noun	noun	a silly, high-pitched laugh	咯咯的笑聲	常見 have a fit of giggles（一陣咯咯笑），常形容難以克制的笑意。	A giggle escaped from the back of the classroom.	教室後方傳來一聲咯咯的笑聲。
gingerly	adverb	adverb	in a careful, cautious manner, especially to avoid harm or noise	小心翼翼地；謹慎地	常修飾動作動詞，如 step gingerly（小心翼翼地踏步），強調動作輕柔謹慎。	She gingerly picked up the broken glass.	她小心翼翼地撿起碎玻璃。
glacial	adjective	adjective	relating to glaciers or ice ages, or extremely cold and slow	冰河的；極其緩慢冷淡的	可指地質上的冰河現象，如 glacial period；比喻用法如 glacial pace（極其緩慢的速度）。	The negotiations proceeded at a glacial pace.	談判進展得極其緩慢。
glacier	noun	noun	a large, slow-moving mass of ice formed over many years	冰河	地理學用語，常見 melting glaciers（融化的冰河），與氣候變遷議題常一起出現。	Scientists are studying how quickly the glacier is melting.	科學家正在研究這座冰河融化的速度有多快。
glance	noun	noun	a brief or quick look	一瞥；匆匆一看	常見 at a glance（一看就知道）、a quick glance；比 look 更短暫。	At a glance, the two designs seemed identical.	乍看之下，這兩個設計似乎一模一樣。
glance	verb	verb	to take a brief or quick look at something	瞥一眼；匆匆看一下	常接 at，如 glance at the clock；動作短暫，與 stare（長時間凝視）相對。	She glanced at her phone during the meeting.	她在會議中瞥了一眼手機。
glare	noun	noun	a fierce or angry look, or a strong, unpleasant light	怒目而視；刺眼的強光	常見 give someone a glare（狠狠瞪某人），或形容陽光刺眼，如 the glare of the sun。	He shot her an angry glare across the room.	他隔著房間狠狠地瞪了她一眼。
glare	verb	verb	to look at someone angrily, or (of light) to shine with a harsh, dazzling brightness	怒目而視；刺眼地照射	常接 at，如 glare at someone；亦可形容陽光或燈光過於刺眼。	The sun glared down on the empty street.	陽光刺眼地照在空無一人的街道上。
glaze	noun	noun	a smooth, shiny coating applied to pottery, food, or a surface	釉；（食物的）光亮糖漿或塗層	常見於陶藝 pottery glaze，或甜點裝飾 a sugar glaze（糖霜）。	The donuts were topped with a sweet glaze.	這些甜甜圈上淋了一層甜甜的糖霜。
glaze	verb	verb	to cover something with a smooth, shiny coating	為……上釉；為……塗上光亮塗層	常見 glaze a pot（為陶器上釉）；也可形容眼神呆滯，如 her eyes glazed over（她的眼神變得呆滯）。	The baker glazed the cake with a thin layer of chocolate.	麵包師在蛋糕上淋了一層薄薄的巧克力糖霜。
gleam	noun	noun	a brief flash or beam of light, often soft or reflected	微光；閃光	常見 a gleam in someone's eye（眼中閃現的光芒），比喻興奮或期待的神情。	There was a gleam in her eye as she talked about the trip.	她談到這趟旅行時，眼中閃著興奮的光芒。
gleam	verb	verb	to shine with a soft, reflected light	發出微光；閃爍	常修飾乾淨光亮的物體表面，如 the floor gleamed（地板閃閃發亮）。	The polished silverware gleamed under the light.	擦亮的銀器在燈光下閃閃發光。
glimmer	noun	noun	a faint, unsteady light, or a small sign of something	微弱的光；一絲（希望等）跡象	常見 a glimmer of hope（一線希望），比喻性用法非常普遍。	Even in the darkest times, there was a glimmer of hope.	即使在最黑暗的時刻，仍有一線希望。
glimmer	verb	verb	to shine faintly and unsteadily	發出微弱閃爍的光	常修飾星光、燭光等微弱光源，語氣柔和。	Candles glimmered softly on every table.	每張桌上都閃爍著柔和的燭光。
glimpse	noun	noun	a brief, incomplete view or look at something	一瞥；驚鴻一瞥	常見 catch a glimpse of（瞥見），描述短暫看到的畫面。	She caught a glimpse of the celebrity as the car drove by.	車子駛過時，她瞥見了那位名人。
glimpse	verb	verb	to see something briefly or partially	瞥見	及物動詞，常用於文學語氣，強調短暫且不完整的視覺經驗。	He glimpsed a figure moving in the shadows.	他瞥見一個身影在陰影中移動。
glisten	verb	verb	to shine with a wet or oily surface	（因潮濕或油亮）閃閃發光	常修飾露珠、汗水、雨後路面等，如 dew glistening on grass。	Dew glistened on the grass in the early morning light.	清晨的陽光下，草地上的露珠閃閃發光。
glisten	noun	noun	a sparkling or shining appearance, especially from wetness	（潮濕表面的）光澤；閃光	較少單獨作名詞使用，多見於文學描寫。	There was a glisten of sweat on his forehead after the run.	跑步之後，他額頭上泛著汗水的光澤。
glitter	noun	noun	small, sparkling pieces used for decoration, or a sparkling light	亮片；閃爍的光芒	常見手作或化妝用亮片 glitter makeup；比喻用法如 the glitter of fame（名聲的光環，常帶諷刺意味）。	The children decorated their cards with glitter and stickers.	孩子們用亮片和貼紙裝飾他們的卡片。
glitter	verb	verb	to shine with a sparkling light	閃閃發光；閃爍	常修飾珠寶、星星等，如 stars glittering in the sky；也可比喻虛有其表，如成語 all that glitters is not gold。	The lake glittered under the afternoon sun.	湖面在午後的陽光下閃閃發光。
gloom	noun	noun	partial or total darkness, or a feeling of sadness and hopelessness	幽暗；憂鬱；沮喪的氣氛	可指實際的昏暗光線，也可比喻低落的心情或氣氛，如 an air of gloom。	A sense of gloom hung over the office after the layoffs were announced.	裁員消息公布後，辦公室瀰漫著一股沮喪的氣氛。
glorify	verb	verb	to praise or represent something as more wonderful than it really is	美化；讚揚；頌揚	常帶批評意味，指過度美化某事物，如 glorify violence（美化暴力），需視語境判斷褒貶。	The movie has been criticized for glorifying violence.	這部電影因美化暴力而受到批評。
glorious	adjective	adjective	having, worthy of, or bringing great honor or praise; magnificent	光榮的；壯麗輝煌的	常修飾勝利、天氣或景色，如 a glorious victory、a glorious sunset。	They celebrated a glorious victory after the championship game.	他們在冠軍賽後慶祝了一場光榮的勝利。
gloss	noun	noun	a shiny appearance on a surface, or a brief explanatory note on a text	光澤；（文本的）注釋	可指物體表面的光澤，如 lip gloss（唇蜜）；也指對文字的簡短注解說明。	The magazine paper has a high gloss finish.	這本雜誌的紙張具有高光澤的質感。
gloss	verb	verb	to give a shiny surface to something, or to try to make a fault or mistake seem less serious	使有光澤；淡化（過失或錯誤，常與 over 連用）	常見固定片語 gloss over（輕描淡寫、掩飾過失），語氣帶批評意味。	The report glossed over the company's financial problems.	這份報告輕描淡寫地帶過了公司的財務問題。
glow	noun	noun	a steady, soft light or warmth, or a feeling of pleasure and well-being	微光；紅光；（自豪或喜悅的）光采	常見 the glow of the fire（爐火的微光）；比喻用法如 a healthy glow（健康紅潤的氣色）。	The candles gave the room a warm glow.	蠟燭讓房間裡瀰漫著溫暖的微光。
glow	verb	verb	to produce a steady light without flame, or to show pleasure and well-being	發出微光；（因喜悅或健康）容光煥發	常接 with，如 glow with pride（因驕傲而容光煥發），也可形容燒紅的煤炭等。	Her cheeks glowed with pride after the award ceremony.	頒獎典禮後，她的臉頰因驕傲而容光煥發。
gnaw	verb	verb	to bite or chew on something persistently, or to cause persistent distress	啃咬；（憂慮等）折磨、困擾	常見 gnaw a bone（啃骨頭）；比喻用法如 doubt gnawed at her（疑慮一直困擾著她）。	The dog gnawed on the bone for hours.	那隻狗啃著骨頭啃了好幾個小時。
gobble	verb	verb	to eat food quickly and greedily	狼吞虎嚥地吃	常接 up，如 gobble up food，語氣口語生動，強調吃得又快又急。	He gobbled up his breakfast before rushing out the door.	他狼吞虎嚥地吃完早餐後就匆忙出門了。
gobble	noun	noun	the sound made by a male turkey, or an act of eating greedily	火雞的咯咯叫聲；狼吞虎嚥（口語）	較少見用法，多見於描述火雞叫聲的擬聲詞。	The turkey's loud gobble echoed across the farmyard.	火雞響亮的咯咯叫聲在農場裡迴盪。
goggle	verb	verb	to stare with wide-open eyes in surprise	瞪大眼睛驚訝地看	較少見用法，語氣生動誇張，強調因驚訝而睜大雙眼。	The children goggled at the magician's incredible tricks.	孩子們瞪大眼睛，驚訝地看著魔術師不可思議的把戲。
gorgeous	adjective	adjective	extremely beautiful or attractive; delightful	極美的；華麗動人的	常修飾外貌、景色或天氣，口語常用，如 a gorgeous sunset（美麗的日落）。	The bride looked gorgeous in her wedding dress.	新娘穿著婚紗看起來美極了。
gospel	noun	noun	the teachings of Jesus Christ as recorded in the Bible, or something regarded as absolute truth	福音；（口語）絕對真理	常見 the Gospel of Matthew（馬太福音）；口語用法如 take something as gospel（把某事當成絕對真理）。	He took his mentor's advice as gospel.	他把導師的建議奉為金科玉律。
gossip	noun	noun	casual talk about other people's private lives, often unconfirmed	八卦；閒言閒語	常見 celebrity gossip（名人八卦）、office gossip（辦公室八卦），常帶輕微負面意味。	She loves reading celebrity gossip magazines.	她喜歡看名人八卦雜誌。
gouge	noun	noun	a deep hole, cut, or gash made in a surface	凹痕；深溝；挖出的洞	常見於描述表面損傷，如 a gouge in the wood（木頭上的凹痕）。	There was a deep gouge in the table where the tool had slipped.	工具滑落時在桌面上留下了一道深深的凹痕。
gouge	verb	verb	to make a hole or groove in something with a sharp tool, or (informally) to overcharge someone	（用工具）挖出洞；（口語）敲詐、漫天要價	常見 gouge a hole；口語用法如 price gouging（哄抬價格，敲詐消費者）。	The vendor was accused of gouging customers during the shortage.	這名商家被指控在物資短缺期間敲詐顧客。
govern	verb	verb	to control the affairs of a country or organization, or to determine the behavior of something	統治；治理；支配	常見 govern a country；也可指抽象規則的支配作用，如 laws that govern behavior。	The new constitution outlines how the country will be governed.	新憲法明訂了這個國家將如何被治理。
governor	noun	noun	the official leader of a state, province, or institution	州長；總督；（機構的）董事	常見 the governor of California（加州州長）；也指銀行、學校等機構的董事或首長。	The governor announced new measures to address the housing crisis.	州長宣布了應對住房危機的新措施。
gown	noun	noun	a long, formal dress, or a loose robe worn for a particular occasion	禮服；（正式場合穿的）長袍	常見 evening gown（晚禮服）、hospital gown（病人服），依語境不同意思各異。	She wore an elegant gown to the awards ceremony.	她穿著一襲優雅的禮服出席頒獎典禮。
grace	noun	noun	elegance and beauty of movement, or a period of extra time allowed before a deadline	優雅；恩典；（期限的）寬限	常見 with grace（優雅地）；也可指宗教中的恩典，或 a grace period（寬限期）。	The dancer moved with remarkable grace.	這位舞者的動作非常優雅。
gracious	adjective	adjective	courteous, kind, and pleasant, especially to those of lower status	親切有禮的；寬厚待人的	常修飾態度或風度，如 a gracious host（待客有禮的主人），語氣正面且帶點高雅意味。	Despite losing the match, she was gracious in defeat.	儘管輸了比賽，她在落敗時依然表現得很有風度。
gradual	adjective	adjective	happening or changing slowly over a period of time	逐漸的；漸進的	常修飾 change、increase 等，如 a gradual decline，與 sudden（突然的）相對。	There has been a gradual improvement in air quality over the years.	這些年來空氣品質已逐漸改善。
graft	noun	noun	a piece of tissue or plant transplanted onto another, or (informally) illegal use of one's position for personal profit	移植物；接枝；（口語，尤美式）貪污、營私	醫學或園藝脈絡指移植手術，如 a skin graft；美式口語中則指政治上的貪污舞弊。	The burn victim required a skin graft.	這名燒傷患者需要接受皮膚移植手術。
graft	verb	verb	to transplant living tissue or a plant part onto another surface	移植（組織）；嫁接（植物）	常見 graft skin onto a wound（將皮膚移植到傷口上）；園藝上指嫁接不同品種的枝條。	Surgeons grafted new skin onto the burned area.	外科醫生將新的皮膚移植到燒傷部位。
grain	noun	noun	a small hard seed of a food plant, or a very small amount of something	穀粒；穀物；（性質或特質的）一絲一毫	常見 grains of rice（米粒）；比喻用法如 a grain of truth（一絲真實）。	There isn't even a grain of truth in his story.	他的說法裡連一絲真實都沒有。
grand	adjective	adjective	impressive in size, appearance, or scope; magnificent	宏偉的；壯麗的；盛大的	常修飾建築、計畫或典禮，如 a grand entrance（氣派的入口）。	The hotel lobby had a grand marble staircase.	這間飯店的大廳有一座氣派的大理石樓梯。
grandiose	adjective	adjective	more impressive or ambitious than is necessary or practical; overblown	誇大的；虛浮壯麗的；好大喜功的	常帶負面意味，形容計畫或言辭過度誇張不切實際，如 grandiose plans。	He had grandiose plans to build a business empire overnight.	他有著一夜之間打造商業帝國的浮誇計畫。
graph	noun	noun	a diagram showing the relationship between quantities using lines, bars, or points	圖表（尤指以座標軸呈現數據）	常見 a bar graph（長條圖）、a line graph（折線圖），多用於數學或統計。	The graph shows a steady increase in sales over five years.	這張圖表顯示五年來銷售額穩定成長。
graphic	adjective	adjective	relating to visual art or design, or (of a description) vivid and detailed, especially unpleasantly so	圖像的；圖示的；（描述）逼真露骨的	常見 graphic design（平面設計）；也可形容描述過於露骨寫實，如 graphic violence（血腥暴力畫面）。	The novel contains graphic descriptions of violence.	這本小說包含了露骨的暴力描寫。
graphics	noun	noun	visual images or designs, especially on a printed page or computer screen	圖像；（電腦）繪圖	常見 computer graphics（電腦繪圖）、graphics card（顯示卡）。	The new video game has stunning graphics.	這款新電玩遊戲的畫面效果十分驚豔。
grate	noun	noun	a metal frame used to hold fuel in a fireplace	（壁爐的）爐柵；鐵格柵	常見於描述壁爐結構，the fire crackled in the grate。	Logs burned brightly in the fireplace grate.	木柴在壁爐的爐柵中熊熊燃燒。
grate	verb	verb	to shred food using a grater, or to make an irritating sound or have an irritating effect	磨碎（食物）；發出刺耳聲；使人心煩	常見 grate cheese（磨起司）；比喻用法 grate on someone's nerves（讓人心煩）。	Her constant complaining began to grate on his nerves.	她不斷的抱怨開始讓他心煩。
grateful	adjective	adjective	feeling or showing appreciation for something done or received	感激的；感謝的	常接 for，如 grateful for your help；比 thankful 稍正式，常見於書面感謝語。	I am truly grateful for all your support during this difficult time.	在這段艱難的時期，我真心感謝你所有的支持。
gratification	noun	noun	pleasure or satisfaction, especially when immediate	滿足；快感	常見 instant gratification（即時滿足），常用於心理學或消費文化的討論脈絡。	Many people seek instant gratification rather than long-term rewards.	許多人追求即時滿足，而非長期的回報。
gratitude	noun	noun	a feeling of thankfulness or appreciation	感激之情；感謝	常見 express gratitude（表達感謝）、a sense of gratitude；比 thanks 更書面正式。	She wrote a letter expressing her gratitude to the volunteers.	她寫了一封信向志工們表達感謝之意。
grave	noun	noun	a place in the ground where a dead body is buried	墳墓	常見 dig a grave（挖墳墓）；比喻用法 have one foot in the grave（來日無多）。	They visited the grave of their grandfather every year.	他們每年都會去祭拜祖父的墳墓。
grave	adjective	adjective	very serious or important, especially giving cause for anxiety	嚴重的；重大的；令人憂心的	常修飾 danger、mistake、concern 等，如 a grave mistake（重大的錯誤），語氣正式莊重。	The doctor's expression suggested the situation was grave.	醫生的表情顯示情況相當嚴重。
gravel	noun	noun	small stones and pebbles, often used to surface roads or paths	碎石；礫石	常見 a gravel road（碎石路）、a gravel driveway（碎石車道）。	The driveway was covered in gravel.	這條車道鋪滿了碎石。
gravitational	adjective	adjective	relating to gravity, the force that attracts objects toward each other	重力的；引力的	物理學用語，常見 gravitational force（重力）、gravitational pull（引力）。	The moon's gravitational pull causes the ocean tides.	月球的引力造成了海洋潮汐。
gravity	noun	noun	the force that attracts objects toward the center of the earth or another mass	重力；地心引力	物理學用語，常見 the force of gravity；也可比喻嚴重性，如 the gravity of the situation。	The astronauts experienced weightlessness because there was no gravity in space.	太空人在太空中因為沒有重力而處於失重狀態。
greenhouse	noun	noun	a glass building used for growing plants that need protection from cold weather	溫室	常見 greenhouse effect（溫室效應）、greenhouse gas（溫室氣體），環境議題常提及。	The gardener grows tomatoes in a greenhouse all year round.	這位園丁全年都在溫室裡種植番茄。
grid	noun	noun	a network of horizontal and vertical lines forming squares, or a network for distributing electricity	方格網；（電力）供應網	常見 a power grid（電力網）；也指地圖或圖表上的座標方格。	A power outage affected the entire electrical grid in the region.	一場停電影響了該地區整個電力供應網。
grief	noun	noun	deep sorrow, especially caused by someone's death	悲痛；哀傷	常見 grief counseling（悲傷輔導）；比 sadness 更強烈，多用於喪親等重大失落。	She was overwhelmed with grief after her mother's passing.	母親過世後，她被深深的悲痛所淹沒。
grieve	verb	verb	to feel or express deep sorrow, especially over a death	悲痛；哀悼	常接 for/over，如 grieve for a loved one；也可不接受詞，表示處於哀悼狀態。	He is still grieving the loss of his wife.	他仍在為喪妻之痛哀悼。
grievous	adjective	adjective	very severe or serious, causing great suffering	極其嚴重的；令人痛苦的	多見於正式或法律語境，如 grievous bodily harm（嚴重人身傷害），日常口語較少用。	The accident resulted in grievous injuries to several passengers.	這場意外造成數名乘客受到重傷。
grill	noun	noun	a frame of metal bars for cooking food over a fire, or the food cooked on it	烤架；（餐廳的）燒烤區	常見 barbecue grill（烤肉架）；也指烤肉料理，如 mixed grill（綜合烤肉拼盤）。	They fired up the grill for a summer barbecue.	他們生起烤架，準備一場夏日烤肉。
grill	verb	verb	to cook food on a grill, or to question someone intensively	用烤架烤（食物）；嚴厲盤問	常見 grill a suspect（嚴厲盤問嫌犯），比喻用法在口語中很常見。	The reporters grilled the politician about the scandal.	記者們就這起醜聞對這位政治人物嚴厲盤問。
grim	adjective	adjective	forbidding or unattractive; causing feelings of gloom or anxiety	嚴峻的；令人沮喪的；陰森的	常修飾 news、situation、expression 等，如 grim news（令人沮喪的消息）。	The doctor's grim expression worried the family.	醫生嚴肅的表情讓家屬感到擔憂。
grimace	noun	noun	a twisted facial expression showing disgust, pain, or disapproval	痛苦（或厭惡）的表情；扮鬼臉	常見 with a grimace（帶著痛苦的表情），描述臉部因不適而扭曲。	He winced with a grimace as the nurse gave him the injection.	護士幫他打針時，他痛得皺起了臉。
grimace	verb	verb	to make a twisted facial expression showing disgust, pain, or disapproval	露出痛苦（或厭惡）的表情	常接 at，如 grimace at the taste；描述因疼痛或不悅而臉部扭曲。	She grimaced at the bitter taste of the medicine.	她嚐到藥的苦味時，臉都皺了起來。
grin	verb	verb	to smile broadly	咧嘴而笑	常見 grin from ear to ear（笑得合不攏嘴）；比 smile 更燦爛、露齒。	He grinned with satisfaction after winning the game.	贏得比賽後，他滿意地咧嘴而笑。
grind	noun	noun	hard, tedious, or monotonous work	單調乏味的苦差事	常見 the daily grind（每天單調的例行工作），語氣帶疲憊感。	Commuting two hours a day is quite a grind.	每天通勤兩小時實在是個苦差事。
grind	verb	verb	to crush or reduce something to small particles by friction	磨碎；碾碎	常見 grind coffee beans（磨咖啡豆）；比喻用法如 grind to a halt（緩緩停止）。	She ground the coffee beans just before brewing.	她在沖泡前才剛磨好咖啡豆。
grip	noun	noun	a firm hold on something, or control over a situation	緊握；掌控	常見 lose one's grip（失去掌控）、have a grip on the situation（掌控局面）。	He tightened his grip on the steering wheel.	他更緊握住方向盤。
grip	verb	verb	to hold something firmly, or to hold someone's attention or interest strongly	緊握；（強烈地）吸引、抓住（注意力）	常見 grip the handle；比喻用法如 the movie gripped the audience（這部電影深深吸引了觀眾）。	The thriller gripped readers from the very first page.	這本驚悚小說從第一頁就緊緊抓住讀者的注意力。
grisly	adjective	adjective	causing horror or disgust; gruesome	令人毛骨悚然的；恐怖的	常修飾 murder、scene，如 a grisly crime scene，語氣強烈，多用於描述暴力或死亡場景。	Detectives arrived at the scene of a grisly murder.	偵探們抵達了一起令人毛骨悚然的謀殺案現場。
grit	noun	noun	small, coarse particles of stone or sand, or courage and determination	沙礫；細石；（面對困境的）堅毅、勇氣	常見 gravel and grit（碎石與沙礫）；比喻用法 have grit（有毅力）。	It takes real grit to finish an ultramarathon.	要完成一場超級馬拉松需要真正的毅力。
grit	verb	verb	to spread grit on an icy road, or to clench one's teeth in determination	在結冰路面撒沙礫；咬緊牙關（表示決心）	常見固定片語 grit one's teeth（咬緊牙關），表示忍耐或下定決心面對困難。	She gritted her teeth and pushed through the final mile of the race.	她咬緊牙關，撐過了比賽的最後一英里。
groan	noun	noun	a deep, low sound expressing pain, unhappiness, or disapproval	呻吟；抱怨聲	常見 with a groan（發出呻吟地），表達疼痛或不情願的情緒。	He let out a groan when he saw the pile of homework.	看到一堆作業，他發出了一聲呻吟。
groan	verb	verb	to make a deep, low sound expressing pain, unhappiness, or disapproval	呻吟；抱怨	常接 with，如 groan with pain；也可指口語上的抱怨，如 groan about the traffic。	The patient groaned in pain as the nurse changed his bandage.	護士換繃帶時，病人痛苦地呻吟著。
groom	noun	noun	a man who is about to be or has just been married, or a person who cares for horses	新郎；馬夫	常見 the bride and groom（新娘與新郎）；也指專門照料馬匹的人。	The groom looked nervous as he waited at the altar.	新郎在聖壇前等待時看起來很緊張。
groom	verb	verb	to clean and brush an animal's fur, or to prepare someone for a particular role or position	替（動物）梳理毛髮；栽培、培養（某人擔任特定職位）	常見 groom a horse；比喻用法如 groom someone for leadership（培養某人成為領導者）。	The company has been grooming her for a leadership role.	這家公司一直在培養她擔任領導職位。
gross	adjective	adjective	total, before deductions; or (informally) very unpleasant or disgusting	總計的（未扣除前）；（口語）令人作嘔的	常見 gross income（總收入，與 net income 相對）；口語 that's gross! 表示噁心。	Her gross salary is higher than her take-home pay after taxes.	她的總薪資高於扣稅後實際到手的薪資。
grotesque	adjective	adjective	comically or repulsively distorted or exaggerated in appearance	怪誕的；醜怪的；荒誕可笑的	常修飾 figure、image 等，強調外形扭曲怪異，語氣書面。	The sculpture depicted a grotesque, twisted figure.	這座雕塑描繪了一個怪誕扭曲的人形。
grudge	noun	noun	a persistent feeling of ill will or resentment resulting from a past insult or injury	怨恨；宿怨	常見 hold a grudge（懷恨在心）、bear a grudge against someone。	She still holds a grudge against her former business partner.	她對前生意夥伴仍然懷恨在心。
grudge	verb	verb	to give or allow something reluctantly or resentfully	不甘願地給予；勉強容許	常接 someone something，如 grudge him his success（不甘願承認他的成功）。	I don't grudge him his success; he worked hard for it.	我不嫉妒他的成功；他為此付出了很多努力。
grueling	adjective	adjective	extremely tiring and demanding	折磨人的；使人筋疲力竭的	常修飾 schedule、training、race 等，如 a grueling marathon，強調過程極度辛苦。	The soldiers completed a grueling training exercise in the desert.	士兵們在沙漠中完成了一次折磨人的訓練演習。
gruesome	adjective	adjective	causing repulsion or horror; horrific	令人毛骨悚然的；駭人的	常修飾 crime scene、discovery 等，強調視覺上令人反感的恐怖，如 grisly 為近義詞。	The film contains several gruesome scenes of violence.	這部電影包含好幾幕令人毛骨悚然的暴力場景。
grumble	noun	noun	a complaint expressed in a low, muttering voice	抱怨；牢騷	常見 with a grumble（帶著抱怨），指低聲的不滿。	There were a few grumbles from staff about the new schedule.	員工們對新的班表發出了一些抱怨。
grumble	verb	verb	to complain in a low, muttering voice about something	抱怨；發牢騷	常接 about，如 grumble about the weather；語氣較輕微，通常不是激烈爭吵。	He grumbled about having to work on the weekend.	他抱怨要在週末工作。
guarantee	noun	noun	a formal promise or assurance that something will be done or that a product will meet certain standards	保證；擔保；保固	常見 a money-back guarantee（退款保證）；也指口頭或書面的承諾。	The product comes with a two-year guarantee.	這項產品附有兩年的保固。
guarantee	verb	verb	to give a formal assurance that something will happen or be provided	保證；擔保	常接 that 子句或名詞，如 guarantee success；也可指法律上的擔保責任。	The company guarantees that all repairs will be completed within a week.	該公司保證所有維修將在一週內完成。
guild	noun	noun	an association of people with similar interests or professions, especially in medieval times or in a modern craft context	公會；行會；同業工會	常見 the Writers Guild（作家工會）；歷史脈絡中指中世紀的手工業者組織。	She joined a local artists' guild to network with other painters.	她加入了當地的藝術家公會，藉此與其他畫家交流。
guile	noun	noun	cunning or clever deception used to achieve one's aims	狡詐；奸計	常見 with guile（狡猾地）；也可用於正面語境，指機智靈巧地達成目的。	He used guile rather than force to win the negotiation.	他靠機智狡黠而非強硬手段贏得了這場談判。
guilt	noun	noun	the fact of having committed an offense, or a feeling of having done wrong	罪責；內疚感	常見 feel guilt（感到內疚）、admit guilt（承認有罪），視語境指法律上的罪責或心理上的內疚。	She felt a deep sense of guilt after forgetting her friend's birthday.	忘了朋友生日後，她感到深深的內疚。
guilty	adjective	adjective	responsible for a crime or wrongdoing, or feeling guilt	有罪的；內疚的	常見 plead guilty（認罪）、feel guilty（感到內疚），兩種意思都很常見，需依上下文判斷。	He was found guilty of fraud after a lengthy trial.	經過漫長的審判，他被判犯有詐欺罪。
gulf	noun	noun	a large area of sea partly surrounded by land, or a wide difference between two things	海灣；（觀點或處境的）鴻溝	常見 the Gulf of Mexico（墨西哥灣）；比喻用法如 a gulf between generations（世代之間的鴻溝）。	There is a huge gulf between the rich and the poor in that country.	那個國家的貧富差距十分懸殊。
gull	noun	noun	a common seabird with white or gray feathers	海鷗	常見於海邊描寫，如 seagulls circling the beach。	Seagulls circled overhead, waiting for scraps of food.	海鷗在空中盤旋，等著撿食殘渣。
gull	verb	verb	to deceive or trick someone	欺騙；愚弄	較少見用法，語氣文學或古舊，日常口語更常用 fool 或 deceive。	The con artist gulled several elderly victims out of their savings.	這名詐騙犯騙走了好幾位老年受害者的積蓄。
habitat	noun	noun	the natural environment in which a plant or animal normally lives	棲息地	常見 natural habitat（自然棲息地），環境或生態議題常見詞彙。	Deforestation is destroying the natural habitat of many species.	森林砍伐正在破壞許多物種的自然棲息地。
hackneyed	adjective	adjective	(of a phrase or idea) overused and lacking original thought	陳腔濫調的；老套的	常修飾 phrase、plot 等，指因過度使用而失去新意，語氣帶批評意味。	The movie relied on a hackneyed plot about a chosen hero.	這部電影仰賴一個關於天選英雄的老套劇情。
hail	noun	noun	small balls or pellets of ice that fall as precipitation	冰雹	氣象用語，常見 a hailstorm（冰雹暴）；比喻用法如 a hail of bullets（如冰雹般的子彈）。	The hail damaged several cars parked outside.	冰雹損壞了好幾輛停在外面的車。
hail	verb	verb	to greet or acclaim someone enthusiastically, or (of hail) to fall as precipitation	讚揚；歡呼致意；（冰雹）落下	常見 be hailed as（被譽為），表示公開讚揚某人的成就。	The scientist was hailed as a pioneer in her field.	這位科學家被譽為該領域的先驅。
hale	adjective	adjective	(especially of an elderly person) strong and healthy	（尤指老年人）健壯的；矍鑠的	多見於固定片語 hale and hearty（身體硬朗），日常口語較少單獨使用。	Despite being ninety, my grandfather is still hale and hearty.	儘管已經九十歲，我祖父依然身體硬朗。
hallucination	noun	noun	a perception of something that is not actually present, often caused by illness or drugs	幻覺	醫學或心理學用語，常見 auditory hallucination（幻聽）、visual hallucination（幻視）。	The patient reported experiencing vivid hallucinations during the fever.	病人表示發燒期間出現了鮮明的幻覺。
hallway	noun	noun	a corridor or passage inside a building	走廊；玄關	常見於建築描述，如 down the hallway；比 corridor 更口語常用（尤其美式英語）。	The children ran down the hallway to catch the school bus.	孩子們沿著走廊跑去趕校車。
halt	verb	verb	to stop moving or operating, or to cause something to stop	（使）停止；（使）停下	常接 to a halt（停下來），也可指抽象事物的停止，如 halt production。	Production was halted due to a shortage of materials.	由於材料短缺，生產被迫停止。
hammer	noun	noun	a hand tool with a heavy metal head used for driving nails or breaking things	鐵鎚；槌子	常見 a hammer and nails；比喻用法如 come down like a hammer（嚴厲對待）。	He used a hammer to fix the loose fence post.	他用鐵鎚把鬆脫的圍籬柱修好。
hamper	noun	noun	a large basket with a lid, used for carrying food or storing laundry	（有蓋的）籃子；洗衣籃；食物籃	常見 a picnic hamper（野餐籃）、a laundry hamper（洗衣籃）。	They packed sandwiches and fruit into the picnic hamper.	他們把三明治和水果裝進野餐籃裡。
hamper	verb	verb	to hinder or delay the progress or movement of something	阻礙；妨礙	常接名詞受詞，如 hamper efforts、hamper progress，語氣正式。	Heavy snowfall hampered rescue efforts in the mountains.	大雪阻礙了山區的救援行動。
hamstring	noun	noun	any of the tendons at the back of the knee	膕繩肌腱；大腿後側肌腱	運動醫學用語，常見 pull a hamstring（拉傷腿後肌腱）。	The runner pulled his hamstring during the final stretch of the race.	這名跑者在比賽最後一段拉傷了腿後肌腱。
hamstring	verb	verb	to severely restrict or handicap someone or something	嚴重限制；使無法有效運作	比喻用法，常見 be hamstrung by（因……而受到嚴重限制）。	The new regulations hamstrung small businesses trying to expand.	新法規嚴重限制了試圖擴張的小型企業。
handful	noun	noun	a small quantity of something, or a person or group that is difficult to control	一把（的量）；少數；難以管教的人	常見 a handful of people（少數人）；口語 he's a handful 指某人很難帶或很難搞。	Only a handful of students showed up for the early class.	只有少數學生出席了那堂早課。
handicap	noun	noun	a condition that limits a person's physical or mental abilities, or a disadvantage that makes success more difficult	（身心）障礙；不利條件	現代用語常改用 disability 描述身心障礙以避免歧視意味；handicap 較常見於高爾夫球的讓桿制度。	Losing his sight was a serious handicap in his career as a pilot.	失明對他的飛行員生涯而言是一項嚴重的障礙。
handicap	verb	verb	to put someone at a disadvantage	使處於不利地位；阻礙	常用被動語態 be handicapped by，語氣正式。	The team was handicapped by the absence of its star player.	這支隊伍因缺少王牌球員而處於不利地位。
handy	adjective	adjective	convenient to use or reach; skillful with one's hands	方便的；順手的；手巧的	常見 come in handy（派上用場）；也可形容人手很巧，如 he's handy with tools。	This little tool always comes in handy for quick repairs.	這個小工具總是能在快速維修時派上用場。
harassment	noun	noun	aggressive pressure or intimidation, often repeated or unwanted	騷擾	常見 sexual harassment（性騷擾）、workplace harassment（職場騷擾），語氣正式且嚴肅。	The company adopted a strict policy against workplace harassment.	這家公司採取嚴格政策禁止職場騷擾。
harbor	noun	noun	a sheltered area of water where ships can dock safely	港口；海港	美式拼法，常見 a natural harbor（天然港口）；英式拼法為 harbour。	The fishing boats returned to the harbor before the storm hit.	漁船在暴風雨來襲前返回港口。
harbor	verb	verb	to keep a thought or feeling secretly in one's mind, or to give shelter to someone	心懷（想法或情感）；藏匿；庇護	常接抽象名詞，如 harbor doubts、harbor a grudge；也可指窩藏罪犯。	She harbored resentment toward her brother for years.	多年來她一直對哥哥心懷怨恨。
harbour	noun	noun	a sheltered area of water where ships can dock safely	港口；海港	英式拼法，與美式 harbor 意思相同；英國、澳洲等地慣用此拼法。	The ships took shelter in the harbour during the storm.	船隻在暴風雨期間躲進港口避難。
harbour	verb	verb	to keep a thought or feeling secretly in one's mind, or to give shelter to someone	心懷（想法或情感）；藏匿；庇護	英式拼法，與美式 harbor 用法相同。	He harboured suspicions about his colleague's honesty.	他對同事的誠信心存懷疑。
hardware	noun	noun	the physical components of a computer system, or metal tools and equipment	（電腦）硬體；五金器具	常見 computer hardware（電腦硬體，與 software 相對）；也指五金行販售的工具用品。	The store sells both computer hardware and gardening tools.	這家店同時販售電腦硬體和園藝工具。
harm	verb	verb	to cause physical or other injury or damage to someone or something	傷害；損害	常接人或事物作受詞，如 harm the environment；也常見 do no harm（不造成傷害）。	The chemical spill could harm local wildlife.	這起化學品外洩事件可能會傷害當地野生動物。
harmful	adjective	adjective	causing or likely to cause harm	有害的；造成傷害的	常接 to，如 harmful to health（對健康有害），常見於環境、健康議題。	Excessive sun exposure can be harmful to your skin.	過度曝曬會對皮膚造成傷害。
harmony	noun	noun	a state of agreement or peaceful coexistence, or a pleasing combination of musical notes	和諧；和睦；（音樂上的）和聲	常見 live in harmony（和睦相處）；音樂脈絡指多個音符搭配產生的和聲效果。	The community worked hard to live in harmony despite their differences.	儘管有分歧，這個社區仍努力和睦相處。
harness	noun	noun	a set of straps used to control an animal or secure a person, such as in a safety device	（動物的）挽具；（人的）安全帶、安全帶裝置	常見 a safety harness（安全吊帶）、a dog harness（狗的胸背帶）。	Climbers must wear a safety harness at all times.	攀岩者必須隨時配戴安全吊帶。
harness	verb	verb	to control and make use of natural resources, especially to produce energy	利用；控制（自然資源以產生能量）	常見 harness solar power（利用太陽能）；比喻用法如 harness one's talents。	The dam was built to harness the power of the river.	這座水壩是為了利用河流的能量而建造的。
harp	noun	noun	a large stringed musical instrument played by plucking with the fingers	豎琴	音樂用語，常見於古典或民謠音樂的伴奏樂器。	She learned to play the harp when she was a child.	她小時候學會了彈豎琴。
harp	verb	verb	to talk repeatedly and tediously about the same subject	喋喋不休地談論（同一件事）	固定片語 harp on (about) something，帶輕微負面意味，指反覆嘮叨同一話題。	He keeps harping on about how things used to be better.	他一直喋喋不休地說以前的事情有多好。
harrow	noun	noun	a heavy frame with metal teeth used to break up and smooth soil	耙（農具）	農業用語，較不常見於日常對話，常見於農業或農機描述。	The farmer dragged the harrow across the field before planting.	農夫在播種前用耙子把田地拖平。
harrow	verb	verb	to distress or torment someone greatly	使痛苦；折磨	常見過去分詞 harrowing，用來形容令人痛苦的經歷，如 a harrowing experience。	The survivors were harrowed by memories of the disaster.	倖存者被這場災難的記憶深深折磨著。
harry	verb	verb	to persistently harass or pressure someone	不斷騷擾；催逼	常見於新聞或體育語境，如 harry the opposition（緊逼對手），語氣正式書面。	Journalists harried the celebrity with questions outside the courthouse.	記者們在法院外不斷逼問這位名人。
harsh	adjective	adjective	unpleasantly rough, severe, or cruel	嚴厲的；刺耳的；嚴酷的	常修飾 criticism、weather、tone 等，如 harsh criticism（嚴厲的批評）。	The teacher's harsh criticism discouraged the young student.	老師嚴厲的批評讓這位年輕學生感到氣餒。
harvest	noun	noun	the process or period of gathering crops, or the crops gathered	收成；收穫（季節）	常見 harvest season（收穫季節）；比喻用法如 reap the harvest of one's efforts。	Farmers celebrated a bountiful harvest this year.	農民們慶祝今年豐收。
harvest	verb	verb	to gather crops as they become ripe	收割；採收	及物動詞，常接作物名稱，如 harvest wheat；也可比喻性地指蒐集資料，如 harvest data。	The grapes are harvested by hand in early autumn.	葡萄在初秋時以人工方式採收。
hasten	verb	verb	to move or act quickly, or to cause something to happen sooner	趕緊；催促；加速	常見 hasten to add（趕緊補充說明）；也可接受詞，如 hasten the process（加速過程）。	She hastened to explain that she meant no offense.	她趕緊解釋自己並無冒犯之意。
hatred	noun	noun	intense dislike or ill will	憎恨；仇恨	常見 a deep hatred of，語氣強烈，比 dislike 更深刻，常見於描述長期或極端的仇恨。	Their feud was fueled by decades of mutual hatred.	他們的世仇是由數十年來相互的仇恨所助長的。
haul	verb	verb	to pull or drag something heavy with effort, or to transport goods over a distance	用力拖拉；（長途）運送	常接名詞受詞，如 haul cargo；口語常見 haul oneself out of bed（勉強起床）。	The truck hauled tons of gravel to the construction site.	這輛卡車把數噸的碎石運到工地。
haunt	noun	noun	a place frequently visited, especially one associated with pleasant memories	（常去的）地方；老地方	常見 a favorite haunt（喜愛的老地方），語氣帶懷舊感。	This little café used to be one of my favorite haunts in college.	這間小咖啡館曾是我大學時最愛去的地方之一。
haunt	verb	verb	(of a ghost) to visit a place regularly, or (of a memory or fear) to cause repeated distress	（鬼魂）出沒；（記憶或恐懼）一直困擾	常見 be haunted by memories（被記憶困擾）；也可指鬼屋等超自然脈絡。	The memory of the accident continued to haunt him for years.	那場意外的記憶多年來一直困擾著他。
haven	noun	noun	a place of safety or refuge	避風港；安全的庇護所	常見 a safe haven（安全的避風港），比喻用法非常常見。	The library became a quiet haven from the noisy city outside.	這間圖書館成了遠離城市喧囂的寧靜避風港。
hazard	noun	noun	a danger or risk	危險；危害；隱患	常見 a fire hazard（火災隱患）、health hazard（健康危害）；比 danger 更常用於書面或正式警示。	Wet floors can be a serious slip hazard.	濕滑的地板可能造成嚴重的滑倒危險。
hazardous	adjective	adjective	risky or dangerous, especially to health or safety	危險的；有害的	常見 hazardous waste（有害廢棄物）、hazardous conditions，多用於正式或安全警示語境。	Workers must wear protective gear when handling hazardous chemicals.	員工在處理危險化學物質時必須穿戴防護裝備。
headmaster	noun	noun	the head teacher of a school, especially in Britain	（英式）中小學校長	英式英語常用詞，美式英語通常用 principal；女性校長則稱 headmistress。	The headmaster addressed the students at the morning assembly.	校長在朝會上向學生們致辭。
headquarters	noun	noun	the main office or center of operations of an organization	總部；總公司	常見 company headquarters（公司總部）；作單複數同形，需視語境判斷數量。	The company recently moved its headquarters to a larger building.	這家公司最近把總部搬到了一棟更大的建築物。
heal	verb	verb	to become healthy again, or to cause a wound or condition to become healthy	（傷口）癒合；治癒	常見 heal quickly（癒合得快）；比喻用法如 time heals all wounds（時間能治癒一切傷痛）。	The wound took about two weeks to heal.	這個傷口花了大約兩週才癒合。
heap	verb	verb	to put things in a large, untidy pile, or to give a large amount of something	堆放；大量給予（讚美、責備等）	常見 heap praise on someone（大力讚揚某人）；名詞用法 a heap of clothes 也很常見。	Critics heaped praise on the director's latest film.	影評人對這位導演的最新作品大加讚揚。
heater	noun	noun	a device used to provide warmth	暖氣機；加熱器	常見 a space heater（可攜式暖爐）、water heater（熱水器）。	They turned on the heater as soon as the temperature dropped.	氣溫一下降，他們就打開了暖氣機。
heave	noun	noun	a powerful pulling, pushing, or lifting motion, or a heaving movement	用力拉（推、舉）的動作；起伏	常見 with a heave（用力一舉），描述需要出力的動作。	With one final heave, they pulled the boat onto the shore.	他們最後用力一拉，把船拖上了岸。
hectic	adjective	adjective	full of frantic activity; extremely busy	忙亂的；繁忙緊湊的	常修飾 schedule、day 等，如 a hectic schedule（緊湊忙碌的行程）。	Her days are hectic, juggling work and family responsibilities.	她的生活忙碌緊湊，要在工作與家庭責任之間兼顧。
hedge	noun	noun	a boundary formed by closely growing shrubs or bushes	樹籬；灌木籬笆	常見於花園景觀描述，如 a garden hedge；金融用語 hedge fund（避險基金）源自不同引申義。	They planted a hedge along the edge of the garden.	他們沿著花園邊緣種了一排樹籬。
hedge	verb	verb	to avoid giving a direct answer, or to protect oneself against financial loss by making balancing investments	含糊其詞；規避（風險，尤指金融）	常見 hedge one's bets（兩面下注，避免風險）；金融語境常見 hedge against inflation。	The politician hedged when asked directly about the tax increase.	被直接問到加稅問題時，這位政治人物含糊其詞地迴避了。
heed	verb	verb	to pay close attention to advice or a warning	留意；聽從（勸告或警告）	常接 advice、warning 等，如 heed the warning；語氣正式書面，日常口語較少用。	The villagers failed to heed the evacuation warning.	村民們沒有聽從撤離的警告。
heel	noun	noun	the back part of the foot, or the raised part of a shoe supporting the heel	腳跟；鞋跟	常見 high heels（高跟鞋）；比喻用法 dig in one's heels（堅持己見，不肯讓步）。	She twisted her heel while running down the stairs.	她跑下樓梯時扭傷了腳跟。
heinous	adjective	adjective	utterly odious or wicked, especially of a crime	極其邪惡的；十惡不赦的（尤指罪行）	常見於法律或新聞語境，如 a heinous crime（滔天大罪），語氣強烈正式。	He was convicted of a heinous crime that shocked the nation.	他被判犯下震驚全國的滔天大罪。
heir	noun	noun	a person legally entitled to the property or rank of another after their death	繼承人	常見 the heir to the throne（王位繼承人）；也可比喻性使用，指思想或風格的傳承者。	As the eldest son, he was the heir to his father's fortune.	身為長子，他是父親財富的繼承人。
helm	noun	noun	a wheel or handle used to steer a ship, or a position of leadership	（船的）舵；領導地位	常見比喻用法 at the helm of a company（掌舵一家公司，即擔任領導者）。	She has been at the helm of the company for over a decade.	她掌管這家公司已超過十年。
helmet	noun	noun	a hard protective hat worn to protect the head	安全帽；頭盔	常見 a bicycle helmet（自行車安全帽）、a motorcycle helmet（機車安全帽）。	Always wear a helmet when riding a motorcycle.	騎機車時務必戴安全帽。
hemisphere	noun	noun	half of the earth, usually divided by the equator or a line of longitude, or half of the brain	半球（地球或大腦）	常見 the northern hemisphere（北半球）；也指大腦的左右半球，如 the left hemisphere。	Australia is located in the southern hemisphere.	澳洲位於南半球。
hence	adverb	adverb	for this reason; therefore	因此；所以	常見於書面或正式論述，置句首或句中，如 hence, we conclude that...；口語較少使用。	The bridge is closed for repairs; hence, traffic has been rerouted.	這座橋正在維修，因此交通已改道。
herb	noun	noun	a plant used for flavoring food, medicine, or perfume	藥草；香草	常見 fresh herbs（新鮮香草）、herbal tea（草本茶）；料理與醫療語境都常見。	She grows basil and other herbs in her kitchen garden.	她在自家的廚房花園裡種植羅勒和其他香草。
herd	noun	noun	a large group of animals that live and feed together	（動物的）群	常見 a herd of cattle（一群牛）；比喻用法如 herd mentality（從眾心理），略帶負面意味。	A herd of elephants crossed the savanna at dusk.	黃昏時，一群大象穿越了草原。
herd	verb	verb	to move animals or people in a group, typically in a particular direction	驅趕（動物或人群）	常見 herd sheep（趕羊群）；比喻用法如 herd tourists onto a bus（把遊客趕上巴士）。	The dog helped herd the sheep back into the pen.	這隻狗幫忙把羊群趕回了圍欄。
hereditary	adjective	adjective	passed genetically from parent to offspring, or passed down through generations by title or right	遺傳的；世襲的	醫學語境常見 a hereditary disease（遺傳性疾病）；也可指世襲的頭銜或地位，如 a hereditary title。	The disease is hereditary and runs in her family.	這種疾病具有遺傳性，在她家族中一直存在。
heritage	noun	noun	traditions, achievements, and cultural features handed down from previous generations	文化遺產；傳統	常見 cultural heritage（文化遺產）、a rich heritage（豐富的傳統），語氣正面莊重。	The old temple is an important part of the country's cultural heritage.	這座古老的寺廟是該國文化遺產的重要組成部分。
hesitate	verb	verb	to pause before doing or saying something, often due to uncertainty	猶豫；遲疑	常接 to do something，如 hesitate to ask；不加受詞的用法也很常見，如 she hesitated。	Don't hesitate to contact us if you have any questions.	如果有任何問題，請不要猶豫，儘管與我們聯絡。
heterogeneous	adjective	adjective	consisting of dissimilar or diverse elements	異質的；由不同成分組成的	常見於學術語境，如 a heterogeneous population，與 homogeneous（同質的）相對。	The study surveyed a heterogeneous group of participants from various backgrounds.	這項研究調查了一群來自不同背景的異質參與者。
hideous	adjective	adjective	extremely ugly or unpleasant	極其醜陋的；可怕的	語氣強烈，常修飾外觀或行為，如 a hideous crime（駭人聽聞的罪行）。	The old factory left a hideous scar on the landscape.	這座老舊工廠在地景上留下了醜陋的疤痕。
hierarchy	noun	noun	a system in which people or things are ranked one above another according to status or authority	階級制度；層級體系	常見 corporate hierarchy（企業層級）、social hierarchy（社會階層）。	Employees must follow the company's reporting hierarchy.	員工必須遵循公司的層級回報制度。
highlight	noun	noun	the best or most memorable part of something	精彩部分；亮點	常見 the highlight of the trip（這趟旅程的精彩片段）；體育語境也指 game highlights（精彩鏡頭）。	Seeing the Grand Canyon was the highlight of our vacation.	看到大峽谷是我們這趟假期最精彩的部分。
highlight	verb	verb	to draw attention to or emphasize something important	強調；凸顯；標示重點	常見 highlight an issue（凸顯一個問題）；也指用螢光筆標記文字。	The report highlights several areas that need improvement.	這份報告凸顯了幾個需要改善的地方。
hike	noun	noun	a long walk, especially in the countryside, or a sudden increase (especially in price)	健行；（價格的）大幅上漲	常見 go for a hike（去健行）；也用於 a price hike（漲價），語氣中性偏口語。	They went on a hike through the mountains over the weekend.	他們週末去山裡健行。
hike	verb	verb	to walk for a long distance, especially in the countryside, or to increase something suddenly (especially a price)	健行；徒步旅行；大幅提高（尤指價格）	常見 hike a trail（沿著步道健行）；也可指漲價，如 hike prices。	The company hiked prices by ten percent last month.	這家公司上個月將價格調漲了百分之十。
hinge	noun	noun	a jointed device that allows a door, lid, or door-like part to swing	鉸鏈；合頁	常見於門窗結構描述，如 a squeaky door hinge。	The old hinge squeaked every time the door opened.	門一打開，那個老舊的鉸鏈就會發出吱嘎聲。
hinge	verb	verb	to depend entirely on a particular factor	（完全）取決於	常接 on/upon，如 hinge on the outcome，語氣正式，強調結果的關鍵決定因素。	Their success hinges on securing enough funding.	他們的成功完全取決於能否募集到足夠的資金。
hint	noun	noun	a slight or indirect indication or suggestion, or a small amount of something	暗示；線索；一絲（味道或跡象）	常見 give a hint（給個提示）、a hint of sarcasm（一絲諷刺）。	She gave him a subtle hint about the surprise party.	她給了他一個關於驚喜派對的隱約暗示。
hint	verb	verb	to suggest something indirectly	暗示；示意	常接 at，如 hint at a possibility；也可用 hint that... 的子句形式。	He hinted that he might be leaving the company soon.	他暗示自己可能很快就會離開這家公司。
hitherto	adverb	adverb	until now or until the point in time being discussed	迄今為止；直到當時	書面正式用語，常見於學術或法律文本，日常口語極少使用。	The disease was hitherto unknown to medical science.	這種疾病在此之前一直不為醫學界所知。
hoard	noun	noun	a hidden stock of money, valuables, or supplies	（藏起來的）貯藏物；私藏	常見 a hoard of treasure（一批寶藏）；也可比喻性使用，如 a hoard of information。	Archaeologists discovered a hoard of ancient coins buried underground.	考古學家發現了一批埋在地下的古代錢幣。
hoard	verb	verb	to accumulate and store away a large quantity of something, often secretly	囤積；私藏	常見 hoard food（囤積食物）、hoard cash，語氣常帶輕微負面意味，暗示過度或自私的積累。	People began to hoard supplies as soon as the storm warning was issued.	暴風警報一發布，人們就開始囤積物資。
hoarse	adjective	adjective	(of a voice) rough and harsh sounding, typically as a result of a sore throat or shouting	（聲音）沙啞的	常見 a hoarse voice、shout oneself hoarse（喊到聲音沙啞），描述聲帶受影響後的音質。	Her voice was hoarse from shouting at the concert.	她在演唱會上大喊大叫，聲音都沙啞了。
hoax	verb	verb	to deceive someone into believing something false, especially as a trick or joke	（惡作劇般地）欺騙；愚弄	常見名詞用法 a hoax（騙局），動詞較少見，多見於新聞報導揭穿騙局的語境。	The prank caller hoaxed the radio station into believing a celebrity had died.	這名惡作劇打電話者騙電台以為某位名人已經去世。
hobble	verb	verb	to walk with difficulty, typically because of pain or injury	蹣跚而行；跛行	常見於描述受傷後的行走方式，如 hobble across the room。	After the surgery, he could only hobble around with a cane.	手術後，他只能拄著拐杖蹣跚而行。
homely	adjective	adjective	simple but comfortable and cozy, or (especially American English) plain in appearance	簡樸舒適的；（美式，指人）長相平凡的	英式英語多指家常溫馨（正面），美式英語則常指容貌平凡（略帶負面），需依語境判斷。	The inn had a homely atmosphere with a fireplace and worn armchairs.	這間旅店有著溫馨的家常氛圍，還有壁爐和舊沙發椅。
homemade	adjective	adjective	made at home rather than bought from a store or factory	自製的；手工做的	常見 homemade bread（自製麵包）、homemade jam，強調非工廠量產，語氣帶溫馨感。	She brought a jar of homemade jam to the picnic.	她帶了一罐自製果醬去野餐。
homicide	noun	noun	the killing of one person by another	殺人（行為或案件）	法律用語，常見 homicide detective（凶殺案偵探）；比 murder 更中性，未必涉及蓄意謀殺。	The detective was assigned to investigate the homicide.	這名偵探被指派調查這起殺人案。
homogeneity	noun	noun	the quality of being uniform or consisting of parts that are all the same	同質性；均一性	常見於學術或統計語境，如 cultural homogeneity（文化同質性），與 heterogeneity（異質性）相對。	The study assumed a degree of homogeneity within the sample group.	這項研究假定樣本群體之間具有一定程度的同質性。
homogeneous	adjective	adjective	consisting of parts or elements that are all the same	同質的；均一的	常見 a homogeneous group、a homogeneous mixture，與 heterogeneous（異質的）相對。	The classroom was fairly homogeneous in terms of students' academic backgrounds.	這個班級在學生的學術背景上相當同質。
hone	verb	verb	to sharpen a blade, or to refine and improve a skill	磨（刀）；磨練、精進（技能）	常見 hone one's skills（磨練技能），比喻用法比字面「磨刀」更常見。	She spent years honing her craft as a novelist.	她花了多年時間磨練自己身為小說家的技藝。
honor	noun	noun	high respect or great esteem, or a sense of ethical integrity	榮譽；名譽；正直的操守	美式拼法，英式為 honour；常見 an honor to meet you、a sense of honor。	It was a great honor to receive the award in front of my colleagues.	能在同事面前領獎，我深感榮幸。
hoof	noun	noun	the hard part of the foot of animals such as horses, cattle, or deer	（馬、牛等動物的）蹄	常見於描述有蹄動物，如 a horse's hoof；複數形為 hooves 或 hoofs。	The horse's hoof struck a rock and it stumbled slightly.	那匹馬的蹄踩到石頭，稍微絆了一下。
hook	noun	noun	a curved device used for catching, holding, or pulling something	鉤子	常見 a fish hook（魚鉤）、a coat hook（掛衣鉤）；比喻用法如 off the hook（脫離困境）。	She hung her jacket on the hook by the door.	她把外套掛在門邊的掛鉤上。
horizon	noun	noun	the line where the earth's surface and the sky appear to meet, or the limit of one's knowledge or experience	地平線；（見識或經驗的）視野範圍	常見 the sun set below the horizon；比喻用法如 broaden one's horizons（拓展視野）。	Traveling abroad really broadened my horizons.	出國旅行真的拓展了我的視野。
horizontal	adjective	adjective	parallel to the ground; level, not vertical	水平的；橫向的	常見 a horizontal line（水平線），與 vertical（垂直的）相對，多用於幾何或設計語境。	The chart uses a horizontal axis to represent time.	這張圖表用水平軸來表示時間。
hormone	noun	noun	a chemical substance produced by a gland that regulates specific body functions	荷爾蒙；激素	醫學用語，常見 growth hormone（生長激素）、stress hormone（壓力荷爾蒙）。	Adrenaline is a hormone released during stress or excitement.	腎上腺素是一種在壓力或興奮時釋放的荷爾蒙。
horn	noun	noun	a hard, pointed structure on the head of certain animals, or a device that makes a loud warning sound	（動物的）角；喇叭；號角	常見 a car horn（汽車喇叭）；也指動物頭上的角，如 a bull's horn。	The driver honked his horn to warn the pedestrian.	司機按喇叭警告那名行人。
horrendous	adjective	adjective	extremely unpleasant, horrifying, or shocking	極其可怕的；駭人的	語氣強烈，常修飾 accident、mistake 等，日常口語中也可誇張形容糟糕的情況。	The traffic this morning was horrendous.	今早的交通糟糕透頂。
horrible	adjective	adjective	causing horror; extremely unpleasant or disagreeable	可怕的；令人厭惡的	口語中常用來誇張形容令人不快的人事物，如 horrible weather。	The soup tasted horrible after being left out overnight.	這碗湯放了一整夜後味道糟透了。
horrific	adjective	adjective	causing horror; extremely shocking	駭人聽聞的；令人震驚恐懼的	比 horrible 更強調震驚與恐懼，常修飾事故或災難，如 a horrific crash。	The horrific crash left several vehicles completely destroyed.	這起駭人聽聞的車禍讓好幾輛車完全毀損。
horror	noun	noun	an intense feeling of fear, shock, or disgust	恐懼；驚駭	常見 to my horror（令我驚駭的是）、a horror movie（恐怖片）。	To her horror, she realized she had left the stove on.	她驚駭地發現自己忘了關爐火。
hose	noun	noun	a flexible tube used to convey water or other liquids	軟管；水管	常見 a garden hose（花園澆水軟管）、a fire hose（消防水管）。	He used a hose to wash the mud off his car.	他用軟管沖洗掉車上的泥巴。
hose	verb	verb	to water, wash, or spray something using a hose	用軟管沖洗（水）	常接 down，如 hose down the car，強調用水管沖洗清潔的動作。	They hosed down the driveway after the party.	派對結束後，他們用水管沖洗了車道。
hospitable	adjective	adjective	friendly and welcoming to guests or strangers	好客的；殷勤款待的	常見 a hospitable host、a hospitable environment，強調待人親切熱情。	The locals were extremely hospitable to visiting tourists.	當地人對來訪的遊客非常好客。
hospitality	noun	noun	the friendly and generous treatment of guests or strangers	好客；殷勤款待	常見 thank someone for their hospitality（感謝某人的款待）；也指飯店餐飲產業，如 hospitality industry。	We are grateful for the warm hospitality shown to us during our stay.	我們對這趟住宿期間受到的熱情款待深表感激。
hostage	noun	noun	a person seized or held as security for the fulfillment of a condition	人質	常見 take someone hostage（挾持某人為人質）、hostage negotiation（人質談判）。	The gunman took several employees hostage inside the bank.	那名持槍歹徒在銀行內挾持了數名員工作為人質。
hostile	adjective	adjective	unfriendly or antagonistic	懷有敵意的；不友善的	常見 a hostile reaction（充滿敵意的反應）、a hostile takeover（惡意併購，商業用語）。	The audience gave the speaker a hostile reception.	聽眾對這位演講者的反應充滿敵意。
hostile	noun	noun	an enemy combatant or hostile force, especially in military contexts	敵方（人員或勢力）	多見於軍事語境，常用複數 hostiles，指敵方戰鬥人員。	The patrol reported spotting hostiles near the border.	巡邏隊回報在邊界附近發現了敵方人員。
hostility	noun	noun	unfriendliness or opposition, or a state of conflict	敵意；敵對狀態	常見複數 hostilities，指戰爭或武裝衝突，如 the outbreak of hostilities（戰事爆發）。	There was a clear sense of hostility between the two rival companies.	這兩家競爭公司之間明顯存在敵意。
household	noun	noun	a home and its occupants regarded as a unit	家庭；戶	常見 household income（家庭收入）、household chores（家事）；統計語境常用來計算單位。	The average household in the city spends a large portion of income on rent.	這座城市裡的一般家庭把很大一部分收入花在房租上。
hover	verb	verb	to remain suspended in one place in the air, or to wait around uncertainly near a person or place	（在空中）盤旋；徘徊；逗留	常見 hover over/near，如 the drone hovered above the field；也可比喻人在附近徘徊等待。	The helicopter hovered above the accident scene.	直升機在事故現場上空盤旋。
hull	noun	noun	the main body of a ship, boat, or aircraft, excluding masts, rigging, and engines	船體；（飛機的）機身	常見 the hull of a ship（船體）；也可指水果種子的外殼（較少見用法）。	Water was leaking through a crack in the ship's hull.	水正從船體的裂縫滲入。
humane	adjective	adjective	having or showing compassion or benevolence, especially toward those suffering	人道的；仁慈的	常見 a humane way to treat animals（對待動物的人道方式），強調對待生命體時富有同情心。	The shelter promotes humane treatment of stray animals.	這間收容所提倡以人道方式對待流浪動物。
humanitarian	adjective	adjective	concerned with or seeking to promote human welfare	人道主義的；博愛的	常見 humanitarian aid（人道救援）、humanitarian crisis（人道危機）。	The organization provides humanitarian aid to refugees.	這個組織為難民提供人道救援。
humanitarian	noun	noun	a person who works to promote human welfare and reduce suffering	人道主義者	常指從事救援或慈善工作的人，如 a well-known humanitarian。	She is widely admired as a humanitarian for her relief work abroad.	她因在海外從事救援工作而廣受讚譽為人道主義者。
humanity	noun	noun	human beings collectively, or the quality of being humane	人類；人道；仁慈	常見 the future of humanity（人類的未來）；也指人性中的仁慈，如 show humanity toward。	Climate change poses a serious threat to humanity.	氣候變遷對人類構成嚴重威脅。
humble	adjective	adjective	having or showing a modest estimate of one's own importance	謙遜的；謙虛的	常見 a humble attitude（謙遜的態度），與 arrogant（傲慢的）相對。	Despite her success, she remained humble and down-to-earth.	儘管功成名就，她依然保持謙遜、腳踏實地。
humble	verb	verb	to make someone feel less important or proud	使謙卑；使自覺渺小	常用被動語態 be humbled by，如 be humbled by the experience（因這段經歷而感到謙卑）。	The team was humbled by their unexpected defeat.	這支隊伍因意外落敗而感到謙卑受挫。
humidity	noun	noun	the amount of water vapor present in the air	濕度	氣象用語，常見 high humidity（高濕度），常與 temperature 一起討論天氣狀況。	The humidity made the summer heat feel even more unbearable.	濕度讓夏天的酷熱感覺更加難以忍受。
humiliate	verb	verb	to cause someone to feel ashamed or foolish, damaging their pride	羞辱；使難堪	常用被動語態 be humiliated，強調公開讓人蒙羞，語氣強烈。	He was humiliated in front of his classmates when he forgot his lines.	他忘詞時在同學面前出了醜，感到很難堪。
humility	noun	noun	a modest or low view of one's own importance	謙遜；謙卑	常見 with humility（懷著謙遜之心），為正面特質，常與 humble 搭配使用。	She accepted the award with humility, thanking her entire team.	她謙遜地接受了這個獎項，並向整個團隊表達感謝。
humor	noun	noun	the quality of being amusing, or a person's mood or temperament	幽默感；心情	美式拼法，英式為 humour；常見 a sense of humor（幽默感）、in a good humor（心情愉快）。	He has a great sense of humor that puts everyone at ease.	他的幽默感很好，能讓每個人都感到自在。
hunch	noun	noun	a feeling or guess based on intuition rather than known facts	直覺；預感	常見 have a hunch（有個直覺）、act on a hunch（憑直覺行動）。	I had a hunch that something was wrong even before she told me.	在她告訴我之前，我就有種預感覺得不對勁。
hunch	verb	verb	to bend one's body forward and down, rounding the back and shoulders	弓著（背）；蜷縮	常見 hunch over a desk（弓身伏案），描述姿勢彎曲的動作。	He hunched over his computer for hours without a break.	他弓著身子在電腦前坐了好幾個小時都沒休息。
hunger	noun	noun	a strong desire or need for food, or a strong desire for something	飢餓；渴望	常見 hunger for knowledge（對知識的渴望），比喻用法非常普遍。	The famine caused widespread hunger across the region.	這場饑荒導致該地區普遍陷入飢餓。
hunger	verb	verb	to have a strong desire for something	渴望；渴求	常接 for，如 hunger for success，比喻用法多於字面上的「飢餓」。	She hungered for recognition after years of unnoticed effort.	多年不受重視的努力後，她渴望得到認可。
hurricane	noun	noun	a violent tropical storm with very strong winds	颶風	氣象用語，常見於大西洋地區的強烈風暴，與 typhoon（颱風，太平洋地區用詞）相對應。	The coastal town was evacuated ahead of the approaching hurricane.	這個沿海小鎮在颶風來襲前進行了撤離。
hush	noun	noun	a silence, especially a sudden one following noise	寂靜；肅靜	常見 a hush fell over the room（房間裡突然安靜下來），語氣文學。	A hush fell over the crowd as the results were announced.	公布結果時，人群突然安靜了下來。
hush	verb	verb	to make or become silent, or to suppress information	使安靜；壓下（消息，常與 up 連用）	常見 hush up a scandal（掩蓋醜聞）；也可用於安撫嬰兒，如 hush the baby。	The company tried to hush up the data breach.	這家公司試圖掩蓋資料外洩的消息。
husk	noun	noun	the dry outer covering of certain fruits or seeds	（穀物或種子的）外殼	常見 corn husk（玉米殼），農業或食物加工語境常用。	She removed the husk before cooking the corn.	她在煮玉米之前先剝掉了外殼。
husk	verb	verb	to remove the husk from grain or seed	剝去（穀物或種子的）外殼	及物動詞，常接作物名稱，如 husk corn。	The farmers husked the corn by hand before selling it.	農民們在出售前用手工剝去玉米的外殼。
husky	noun	noun	a powerful dog breed used for pulling sleds, typically with a thick coat	哈士奇犬；雪橇犬	常見於描述極地雪橇犬種，如 a team of huskies pulling a sled。	A team of huskies pulled the sled across the snow.	一群哈士奇犬拉著雪橇穿越雪地。
husky	adjective	adjective	(of a voice) low and rough sounding, or (informally) big and strong	（聲音）低沉沙啞的；（口語）魁梧健壯的	常見 a husky voice（低沉沙啞的嗓音），與 hoarse 相似但略帶性感或深沉的意味。	Her husky voice made the song sound even more emotional.	她低沉沙啞的嗓音讓這首歌聽起來更加動人。
hydrogen	noun	noun	a colorless, odorless gas that is the lightest and most abundant chemical element	氫；氫氣	化學用語，常見 hydrogen fuel（氫燃料）、hydrogen bomb（氫彈）。	Hydrogen is being explored as a clean fuel source for vehicles.	氫氣正被探索作為車輛的潔淨燃料來源。
hygiene	noun	noun	conditions and practices that help maintain health and prevent disease, especially cleanliness	衛生；衛生習慣	常見 personal hygiene（個人衛生）、food hygiene（食品衛生）。	Good hygiene practices help prevent the spread of illness.	良好的衛生習慣有助於防止疾病傳播。
hypertension	noun	noun	abnormally high blood pressure	高血壓	醫學用語，正式術語，日常口語常簡稱為 high blood pressure。	The doctor prescribed medication to control his hypertension.	醫生開了藥物來控制他的高血壓。
hypnotic	adjective	adjective	having a compelling, mesmerizing, or sleep-inducing effect	催眠的；令人著迷的	常修飾聲音、節奏或畫面，如 a hypnotic rhythm（令人著迷的節奏），比喻用法多於字面意義。	The gentle waves had a hypnotic effect on the tired travelers.	輕柔的海浪對疲憊的旅人有種催眠般的效果。
hypocritical	adjective	adjective	behaving in a way that contradicts one's stated beliefs or feelings	偽善的；言行不一的	常見 it's hypocritical to say... 表示某人言行不一，語氣帶批評意味。	It seems hypocritical for him to criticize laziness when he rarely works hard himself.	他自己很少努力工作，卻批評別人懶惰，這似乎有點偽善。
hypothesis	noun	noun	a proposed explanation made on the basis of limited evidence, to be tested further	假設；假說	學術用語，常見 test a hypothesis（驗證假說），與 theory（已獲驗證的理論）不同。	The scientist designed an experiment to test her hypothesis.	這位科學家設計了一項實驗來驗證她的假說。
icon	noun	noun	a small graphic symbol on a computer screen, or a person or thing regarded as a representative symbol	（電腦）圖示；（象徵性的）代表人物或事物	常見 click the icon（點擊圖示）；也指文化偶像，如 a fashion icon（時尚指標人物）。	She is considered a cultural icon of her generation.	她被視為她那個世代的文化代表人物。
iconoclast	noun	noun	a person who attacks or criticizes cherished beliefs or institutions	反傳統者；偶像破壞者	語氣正式書面，常形容勇於挑戰傳統觀念或權威的人，可能帶正面或負面評價視語境而定。	The artist was known as an iconoclast who rejected traditional techniques.	這位藝術家以拒絕傳統技法、勇於挑戰成規而聞名。
ideal	adjective	adjective	most suitable or desirable in a particular situation; perfect	理想的；最適合的	常見 the ideal candidate（最理想的人選）、an ideal solution，語氣正面。	This location is ideal for a family vacation.	這個地點非常適合全家度假。
ideal	noun	noun	a standard of perfection, or a principle or belief that one aspires to	理想；理念	常見 pursue one's ideals（追求理想）；也指抽象的完美標準，如 the ideal of justice。	She has always fought for the ideal of equal justice for all.	她一直為所有人平等享有正義的理想而奮鬥。
identical	adjective	adjective	exactly alike or the same	完全相同的；一模一樣的	常接 to，如 identical to the original；也用於 identical twins（同卵雙胞胎）。	The two paintings looked almost identical.	這兩幅畫看起來幾乎一模一樣。
identification	noun	noun	the process of identifying someone or something, or a document proving one's identity	識別；身分證明（文件）	常見 photo identification（附照片的身分證明），也指找出某物的身分或性質，如 species identification。	You will need photo identification to enter the building.	進入這棟大樓需要出示附照片的身分證明。
ideological	adjective	adjective	relating to a system of ideas, especially political or economic theory	意識形態的；思想上的	常見 ideological differences（意識形態上的分歧），多用於政治或社會學語境。	The two parties have deep ideological differences on economic policy.	這兩個政黨在經濟政策上有著深刻的意識形態分歧。
ideology	noun	noun	a system of ideas and ideals, especially political or economic	意識形態；思想體系	常見 political ideology（政治意識形態），語氣正式，常見於學術或政治討論。	Communism is an economic and political ideology.	共產主義是一種經濟與政治意識形態。
idiot	noun	noun	a stupid or foolish person	白痴；笨蛋	口語詞，常帶侮辱性，用於形容做出愚蠢行為的人，需留意使用場合。	He felt like an idiot after forgetting his own phone number.	他忘了自己的電話號碼，感覺自己像個笨蛋。
ignominious	adjective	adjective	deserving or causing public disgrace or shame	丟臉的；恥辱的	常見 an ignominious defeat（可恥的落敗），語氣正式書面，比 embarrassing 更強烈。	The team suffered an ignominious defeat in the final match.	這支隊伍在決賽中遭遇了可恥的落敗。
ignorance	noun	noun	lack of knowledge or information	無知；不知情	常見 out of ignorance（出於無知）、ignorance of the law（不懂法律）；不帶惡意時是中性描述。	Her mistake was due to ignorance rather than carelessness.	她的錯誤是出於無知，而非粗心大意。
illegal	adjective	adjective	not authorized by law; contrary to or forbidden by law	非法的；違法的	常見 illegal activity（非法活動）；與 illicit 相似但 illegal 更強調觸犯明文法律。	Parking here without a permit is illegal.	沒有許可證在這裡停車是違法的。
illegitimate	adjective	adjective	not authorized by law or established rules; (of a child) born to parents not married to each other	不合法的；不正當的；（子女）非婚生的	常見 illegitimate power（不正當的權力）；歷史語境中指非婚生子女，現代較少使用此義以避免污名化。	The coup was widely condemned as an illegitimate seizure of power.	這場政變被普遍譴責為不正當的奪權行為。
illicit	adjective	adjective	forbidden by law, rules, or custom	違禁的；不正當的	常見 illicit drugs（違禁藥物）、an illicit affair（不正當的關係），語氣正式。	The police seized a large quantity of illicit drugs.	警方查獲了大量違禁藥物。
illiterate	adjective	adjective	unable to read or write	不識字的；文盲的	常見 functionally illiterate（功能性文盲）；比喻用法如 computer illiterate（電腦文盲）。	Many children in the region remain illiterate due to lack of schooling.	該地區許多孩子因缺乏教育機會而仍是文盲。
illiterate	noun	noun	a person who is unable to read or write	文盲（者）	名詞用法較少見，多見於統計或社會學語境，如 the number of illiterates。	The census aimed to identify the number of illiterates in rural areas.	這次人口普查旨在確認農村地區文盲的人數。
illuminate	verb	verb	to light up something, or to make something clear or easier to understand	照亮；闡明（使清楚易懂）	常見 illuminate a room（照亮房間）；比喻用法如 illuminate the truth（闡明真相）。	The new evidence helped illuminate the cause of the accident.	這項新證據有助於闡明事故的原因。
illusion	noun	noun	a false belief or impression, or something that appears to be real but is not	錯覺；幻覺；假象	常見 under the illusion that...（誤以為……），也指視覺上的錯覺，如 an optical illusion。	He was under the illusion that he could finish the project alone.	他誤以為自己能獨力完成這個專案。
illusory	adjective	adjective	based on illusion; not real	虛幻的；幻覺般的	常見 illusory hope（虛幻的希望），語氣書面正式，強調表面看似真實實則不然。	The sense of security she felt was entirely illusory.	她所感受到的安全感其實完全是虛幻的。
illustrate	verb	verb	to explain or make something clear by using examples, pictures, or diagrams	說明；舉例闡明；為……繪製插圖	常接 with examples，如 illustrate a point；也可指為書籍繪製插圖。	The teacher used a diagram to illustrate how the process works.	老師用一張圖表來說明這個過程如何運作。
illustration	noun	noun	a picture used to explain or decorate a text, or an example used to clarify a point	插圖；例證	常見於書籍脈絡，如 a book full of illustrations；也可指用來說明論點的實例。	The article includes several illustrations to help explain the concept.	這篇文章附有幾張插圖以幫助說明概念。
illustrious	adjective	adjective	well known, respected, and admired for past achievements	卓越著名的；輝煌的	常修飾人物或生涯，如 an illustrious career（輝煌的職涯），語氣正式且帶敬意。	She had an illustrious career as a diplomat.	她擁有輝煌的外交官生涯。
imagery	noun	noun	visually descriptive or figurative language, especially in literature	（文學中的）意象；形象化語言	常見於詩詞或文學分析，如 vivid imagery（生動的意象）。	The poem is rich in imagery describing the changing seasons.	這首詩充滿了描繪季節變換的豐富意象。
imaginative	adjective	adjective	having or showing creativity or a strong imagination	富有想像力的；創意十足的	常見 an imaginative solution（有創意的解決方案），語氣正面，強調非傳統或富創造力的思維。	The children came up with an imaginative story about a dragon.	孩子們編出了一個關於龍的富有想像力的故事。
imbue	verb	verb	to inspire or permeate someone or something with a feeling or quality	使充滿（某種感情或特質）；灌輸	常用被動語態 be imbued with，如 imbued with hope，語氣書面正式。	Her speech was imbued with a sense of hope and determination.	她的演講充滿了希望與決心。
imitate	verb	verb	to copy the behavior, appearance, or actions of someone or something	模仿；仿效	常接人或風格作受詞，如 imitate a famous singer；也可指仿造物品。	Young children often imitate their parents' behavior.	幼童經常模仿父母的行為。
immaculate	adjective	adjective	perfectly clean, neat, or without any flaws	一塵不染的；完美無瑕的	常修飾 condition、appearance，如 immaculate condition（狀況完美），語氣正面且強調極致的整潔。	The car was in immaculate condition despite being ten years old.	儘管這輛車已經十年了，狀況卻依然完美如新。
immediate	adjective	adjective	happening or done at once; occurring next in time or space	立即的；直接的；最接近的	常見 immediate action（立即行動）、immediate family（直系親屬），依語境有不同引申義。	The doctor recommended immediate treatment for the infection.	醫生建議立即對這起感染進行治療。
immense	adjective	adjective	extremely large or great in size, degree, or amount	巨大的；廣大的	常修飾 size、pressure、pride 等抽象或具體事物，如 immense pressure（巨大的壓力）。	The project required an immense amount of time and resources.	這項專案需要投入巨大的時間與資源。
immerse	verb	verb	to involve oneself deeply in an activity, or to submerge something in liquid	使沉浸（於某活動）；浸入（液體）	常見 immerse oneself in（沉浸於……之中），比喻用法比字面「浸泡」更常見。	She immersed herself in studying the local language before her trip.	她在旅行前全心投入學習當地語言。
immigrant	noun	noun	a person who comes to live permanently in a country that is not their own	移民（者）	常見 an illegal immigrant（非法移民）、immigrant community（移民社群），與 emigrant（移出者）視角相反。	The city has a large immigrant population from various countries.	這座城市有大量來自不同國家的移民人口。
immigration	noun	noun	the process of coming to live permanently in a foreign country, or the government department handling this	移民（現象或程序）；入境檢查	常見 immigration policy（移民政策）、pass through immigration（通過入境檢查）。	The government announced new immigration policies last month.	政府上個月宣布了新的移民政策。
imminent	adjective	adjective	about to happen very soon	即將發生的；迫在眉睫的	常見 imminent danger（迫在眉睫的危險），語氣正式，強調事情近在眼前、無法避免。	Forecasters warned that a major storm was imminent.	氣象預報員警告一場大風暴即將來襲。
immune	adjective	adjective	protected against a particular disease or influence, or not affected by something	免疫的；有免疫力的；不受影響的	常見 immune to criticism（不受批評影響），醫學脈絡指 immune to a disease（對疾病免疫）。	No one is completely immune to stress.	沒有人完全不受壓力影響。
immune	noun	noun	a substance or organism that provides immunity（較少見的名詞用法，多指免疫相關物質）	免疫物質（較少見用法）	此詞多作形容詞使用，作名詞極為罕見，一般以 immune system（免疫系統）等複合詞表達相關概念。	Researchers studied various immunes to understand disease resistance.	研究人員研究了各種免疫物質，以了解疾病抵抗力。
impart	verb	verb	to communicate information or knowledge, or to give a particular quality to something	傳授（知識）；賦予（某種特質）	常見 impart knowledge（傳授知識）、impart a flavor（賦予風味），語氣正式書面。	The mentor imparted valuable wisdom to her students.	這位導師向學生傳授了寶貴的智慧。
impassioned	adjective	adjective	filled with or showing great emotion or enthusiasm	慷慨激昂的；充滿熱情的	常修飾 speech、plea 等，如 an impassioned speech（慷慨激昂的演講），語氣強烈正面。	He gave an impassioned speech about the importance of education.	他發表了一場關於教育重要性的慷慨激昂的演講。
impassive	adjective	adjective	not feeling or showing emotion; expressionless	不動聲色的；冷漠的	常修飾 face、expression，如 an impassive expression，強調刻意壓抑情緒不表露。	Her impassive face gave no hint of what she was thinking.	她面無表情，讓人無法看出她在想什麼。
impeach	verb	verb	to formally charge a public official with misconduct, potentially leading to removal from office	彈劾（公職人員）	政治或法律用語，常見 impeach the president（彈劾總統），程序正式且具法律效力。	Congress voted to impeach the official for abuse of power.	國會投票通過彈劾這名官員濫用職權。
impede	verb	verb	to delay or prevent someone or something by obstructing them	阻礙；妨礙	常接抽象名詞，如 impede progress（阻礙進展），語氣正式書面，與 hamper 相似。	Heavy traffic impeded their journey to the airport.	嚴重的交通阻礙了他們前往機場的行程。
impenetrable	adjective	adjective	impossible to enter or pass through, or impossible to understand	無法穿透的；難以理解的	常見 an impenetrable forest（無法穿越的森林）；比喻用法如 impenetrable jargon（難懂的術語）。	The legal document was full of impenetrable jargon.	這份法律文件充滿了難以理解的術語。
imperative	adjective	adjective	extremely important or urgent; essential	極其重要的；必須的；迫切的	常見 it is imperative that...（……是必要的），語氣正式強烈，強調不可忽視的急迫性。	It is imperative that we address this issue immediately.	我們必須立即處理這個問題。
imperative	noun	noun	an essential or urgent need or duty	當務之急；必要之事	常見 a moral imperative（道德義務）、a business imperative（企業當務之急）。	Reducing carbon emissions has become a global imperative.	減少碳排放已成為全球的當務之急。
imperial	adjective	adjective	relating to an empire or emperor, or (informally) majestic or grand	帝國的；皇帝的；（口語）雄偉壯麗的	常見 imperial power（帝國勢力）、the imperial palace（皇宮），歷史或政治語境常用。	The museum houses artifacts from the imperial era.	這間博物館收藏了帝國時代的文物。
imperial	noun	noun	a unit of measurement in the British imperial system（較少見，多指度量單位或帝國相關概念）	（英制度量衡的）帝國單位（較少見用法）	此詞多作形容詞使用，名詞用法較罕見，常見於描述英制度量系統 imperial system 相關語境。	The recipe still uses imperial measurements like pints and ounces.	這份食譜仍使用品脫、盎司等英制度量單位。
impervious	adjective	adjective	not allowing something to pass through, or not affected by something	不可滲透的；不受影響的	常接 to，如 impervious to criticism（不受批評影響），比喻用法非常常見。	He seemed impervious to the harsh criticism from reporters.	他似乎完全不受記者嚴厲批評的影響。
impinge	verb	verb	to have a negative effect on something, or to encroach on someone's rights or territory	對……造成不良影響；侵犯（權利）	常接 on/upon，如 impinge on someone's rights，語氣正式書面。	The new regulations impinge on individual freedoms.	這項新法規侵犯了個人自由。
implausible	adjective	adjective	not seeming reasonable or probable; hard to believe	難以置信的；不合情理的	常修飾 story、excuse 等，如 an implausible excuse，與 plausible（合理可信的）相對。	His explanation for being late seemed highly implausible.	他遲到的理由聽起來非常難以置信。
implication	noun	noun	a conclusion that can be drawn from something, though not explicitly stated, or a possible effect	含意；言外之意；（可能的）影響	常見 the implications of a decision（決定所帶來的影響），常用複數形。	The policy change has serious implications for small businesses.	這項政策變動對小型企業有嚴重的影響。
implore	verb	verb	to beg someone earnestly or desperately to do something	懇求；哀求	常接 to do something，如 implore someone to stay，語氣比 ask 強烈許多，帶有絕望懇切的情感。	She implored him not to leave without saying goodbye.	她懇求他別不告而別。
impose	verb	verb	to force something to be accepted or put in place, especially a rule, tax, or opinion	強加；施加（規則、稅賦或意見）	常接 on，如 impose a tax on，也可用 impose oneself on someone（強行打擾某人）。	The government decided to impose a new tax on imported goods.	政府決定對進口商品課徵新稅。
impression	noun	noun	an idea or feeling about someone or something, based on how they appear	印象；感覺	常見 make a good impression（留下好印象）、under the impression that...（誤以為）。	She made a great first impression during the interview.	她在面試中留下了絕佳的第一印象。
impressive	adjective	adjective	evoking admiration through size, quality, or skill	令人印象深刻的；出色的	常修飾成就、表演或能力，如 an impressive performance，語氣正面。	His fluency in five languages is truly impressive.	他能流利地說五種語言，實在令人印象深刻。
imprisonment	noun	noun	the state of being kept in prison as a punishment	監禁；入獄	法律用語，常見 life imprisonment（終身監禁）、a sentence of imprisonment。	He was sentenced to five years' imprisonment for fraud.	他因詐欺罪被判處五年監禁。
improvise	verb	verb	to create or perform something spontaneously, without preparation	即興創作；臨場發揮	常見 improvise a solution（臨場想出解決辦法）；音樂或戲劇領域常指即興演出。	When the power went out, the band improvised an acoustic set.	停電時，樂團臨時即興演出了一場原音演唱。
impulse	noun	noun	a sudden strong desire or urge to act, often without thinking	衝動；一時的念頭	常見 act on impulse（憑一時衝動行事）、buy something on impulse（衝動購物）。	She bought the dress on impulse and later regretted it.	她一時衝動買了那件洋裝，後來很後悔。
impulsive	adjective	adjective	acting or done suddenly without careful thought	衝動的；不加思索的	常修飾人的性格或行為，如 an impulsive decision（衝動的決定），語氣中性偏負面。	His impulsive spending habits often got him into financial trouble.	他衝動的消費習慣經常讓他陷入財務困境。
impunity	noun	noun	freedom from punishment or unpleasant consequences of an action	不受懲罰；免受制裁	常見 with impunity（不受懲罰地），常用於描述有權勢者做壞事卻不受追究的情況。	Corrupt officials often acted with impunity for years.	貪腐官員往往多年不受懲罰地為所欲為。
inability	noun	noun	the lack of ability or capacity to do something	無能力；做不到	常見 inability to do something，如 his inability to communicate clearly（他無法清楚溝通的問題）。	Her inability to speak the language made the trip difficult.	她無法說當地語言，讓這趟旅行變得困難重重。
inadequate	adjective	adjective	not sufficient or good enough for a particular purpose	不充分的；不足的；不勝任的	常見 inadequate funding（資金不足）；也可形容人感到自己能力不足，如 feel inadequate。	The old equipment proved inadequate for the new project.	舊設備證明不足以應付這項新專案的需求。
inanimate	adjective	adjective	not alive, especially not in the way people, animals, and plants are	無生命的；非生物的	常見 an inanimate object（無生命的物體），與 animate（有生命的）相對，多用於哲學或語言學語境。	The room was full of inanimate objects like furniture and boxes.	房間裡擺滿了像家具和箱子這樣的無生命物體。
inappropriate	adjective	adjective	not suitable or proper in the circumstances	不恰當的；不合適的	常見 inappropriate behavior（不當行為），語氣正式，常見於職場或禮儀相關語境。	Wearing casual clothes to the funeral would be inappropriate.	穿便服參加葬禮是不恰當的。
inaugural	adjective	adjective	marking the beginning of an organization, activity, or period of office	就職的；創始的；首次的	常見 inaugural speech（就職演說）、inaugural meeting（首次會議），語氣正式莊重。	The mayor delivered her inaugural address to a large crowd.	市長向大批群眾發表了她的就職演說。
incarcerate	verb	verb	to imprison or confine someone	監禁；關押	比 imprison 更正式，常見於法律或新聞報導，如 be incarcerated for a crime。	He was incarcerated for three years following his conviction.	他被判刑後遭監禁了三年。
incentive	noun	noun	something that motivates or encourages someone to do something	誘因；獎勵；激勵措施	常見 tax incentive（稅務優惠）、financial incentive（經濟誘因），商業與政策語境常用。	The company offers financial incentives to employees who exceed their goals.	這家公司為達成目標以上的員工提供經濟獎勵。
inception	noun	noun	the beginning or establishment of an organization or activity	開始；創立；起始	常見 since its inception（自成立以來），語氣正式，常見於機構或計畫的歷史敘述。	The company has grown significantly since its inception in 2005.	這家公司自 2005 年成立以來已大幅成長。
incessant	adjective	adjective	continuing without pause or interruption	不斷的；不停的	常修飾令人厭煩的持續事物，如 incessant noise（不停的噪音），語氣帶輕微負面。	The incessant rain made the roads impossible to travel.	不停的降雨讓道路根本無法通行。
inchoate	adjective	adjective	just begun and not yet fully formed or developed	初步的；未成形的	語氣書面正式，常修飾 idea、plan 等尚在雛形階段的事物，日常口語極少使用。	Her idea for the novel was still inchoate and needed more development.	她這部小說的構想還只是雛形，需要進一步發展。
incidence	noun	noun	the frequency or rate of occurrence of something, especially something undesirable	發生率；發生次數	常見 the incidence of a disease（疾病的發生率），常用於統計或醫學語境。	The incidence of the disease has decreased significantly with vaccination.	接種疫苗後，這種疾病的發生率已顯著下降。
incident	noun	noun	an event, especially one that is unusual, unpleasant, or noteworthy	事件；事故	常見 a minor incident（一起小事故）；也用於外交或安全語境，如 a diplomatic incident。	Police were called to investigate the incident at the parking lot.	警方被叫去調查停車場的這起事件。
incident	adjective	adjective	naturally accompanying or related to something else, especially as a secondary effect	附帶發生的；伴隨而來的	較少見用法，常見固定片語 incident to，強調某事作為另一事件自然伴隨的結果，多見於正式或法律文本。	The risks incident to travel should not be underestimated.	旅行所伴隨而來的風險不應被低估。
incidentally	adverb	adverb	used to introduce a related but less important point, or by chance	順帶一提；附帶地	常置句首作插入語，如 Incidentally, I forgot to mention...，用於引出補充資訊。	Incidentally, the meeting has been moved to Thursday.	順帶一提，會議已改到週四舉行。
incipient	adjective	adjective	in an initial stage; beginning to happen or develop	初期的；剛萌芽的	常修飾抽象事物，如 an incipient crisis（初現端倪的危機），語氣正式書面。	Doctors detected signs of an incipient infection.	醫生偵測到初期感染的跡象。
incision	noun	noun	a cut made into tissue or an organ, especially during surgery	（外科手術的）切口	醫學用語，常見 make an incision（開刀切口），語氣正式且技術性。	The surgeon made a small incision to remove the appendix.	外科醫生開了一個小切口以摘除闌尾。
inclusive	adjective	adjective	including everyone or everything, especially without discrimination	包容的；涵蓋在內的	常見 an inclusive environment（包容的環境）；也可指價格已含所有費用，如 all-inclusive。	The school aims to create an inclusive environment for all students.	這所學校致力於為所有學生創造一個包容的環境。
incoming	adjective	adjective	arriving or about to arrive, or about to begin a term of office	即將到來的；來電（來訊）的；即將上任的	常見 incoming call（來電）、incoming president（即將上任的總統）。	She screened the incoming calls before answering.	她先篩選來電，再決定要不要接聽。
incompetent	adjective	adjective	lacking the necessary skills or ability to do something properly	無能的；不勝任的	常修飾人或表現，如 an incompetent employee，語氣帶負面評價。	The new manager was widely seen as incompetent.	新任經理普遍被認為能力不足。
incompetent	noun	noun	a person who lacks the necessary skills or ability	無能的人	名詞用法帶強烈負面意味，語氣直接，使用時需留意場合。	He was fired for being an incompetent who couldn't meet deadlines.	他因為是個無法準時完成工作的無能之人而被解雇。
incongruous	adjective	adjective	not in harmony or agreement with the surroundings or situation; out of place	不協調的；不相稱的	常修飾與周遭格格不入的事物，如 an incongruous sight，語氣書面正式。	The modern skyscraper looked incongruous next to the old temple.	這棟現代摩天大樓與古老寺廟並列，顯得格格不入。
incorporate	verb	verb	to include something as part of a whole	納入；包含；使成為一部分	常接 into，如 incorporate feedback into the plan（將意見納入計畫），語氣中性正式。	The new design incorporates several suggestions from users.	這項新設計納入了使用者的幾項建議。
incorporate	adjective	adjective	formally established as a legal corporation	已依法組成法人的	法律用語，較不常見，多見於公司法相關正式文件。	The organization is incorporate under state law as a nonprofit.	該組織依州法登記為非營利法人組織。
incredible	adjective	adjective	impossible or very difficult to believe, or extraordinarily good	難以置信的；驚人的；極好的	口語常誇張使用，表示非常出色，如 an incredible performance，語氣正面。	She gave an incredible performance at the concert.	她在演唱會上有著驚人的演出。
incredulity	noun	noun	the state of being unwilling or unable to believe something	難以置信；懷疑	常見 with incredulity（帶著難以置信的態度），語氣正式書面。	He stared at the results with incredulity.	他難以置信地盯著結果看。
increment	noun	noun	a regular increase in a quantity or amount	增量；遞增	常見 salary increment（薪資調升）、in small increments（以小幅度遞增），多用於商業或數學語境。	Her salary increases in small increments each year.	她的薪水每年都以小幅度遞增。
incubation	noun	noun	the process of maintaining eggs at a suitable temperature for development, or the period before symptoms of a disease appear	孵化（過程）；（疾病的）潛伏期	常見 an incubation period（潛伏期），醫學語境常用；也指鳥類或昆蟲孵蛋的過程。	The incubation period for the virus is about five days.	這種病毒的潛伏期約為五天。
incur	verb	verb	to become subject to something unpleasant as a result of one's own actions	招致；遭受（不良後果，尤指費用或責任）	常接 costs、debt、penalty 等，如 incur a fine（招致罰款），語氣正式書面。	Late payments will incur an additional fee.	逾期付款將產生額外費用。
indebted	adjective	adjective	owing money, or feeling grateful for a favor received	負債的；感激的（因受人幫助）	常見 be indebted to someone for their help（感激某人的幫助），比喻用法多於字面欠債之意。	I am deeply indebted to my mentor for her guidance.	我對導師的指導深感感激。
indefatigable	adjective	adjective	persisting tirelessly, without ever giving up	不知疲倦的；堅持不懈的	語氣正式書面，常修飾人的毅力，如 an indefatigable worker，帶明顯正面評價。	She was an indefatigable advocate for children's education.	她是一位不知疲倦、始終如一地倡導兒童教育的人。
indelible	adjective	adjective	making marks that cannot be removed, or (of an impression or memory) permanent	不可磨滅的；擦不掉的	常見 an indelible mark（擦不掉的痕跡）；比喻用法如 leave an indelible impression（留下不可磨滅的印象）。	The experience left an indelible impression on her.	這段經歷在她心中留下了不可磨滅的印象。
indeterminate	adjective	adjective	not exactly known, established, or defined	不確定的；未確定的	常見 an indeterminate amount（不確定的數量），語氣正式，強調範圍或性質尚未明確。	The project will take an indeterminate amount of time to complete.	這項專案將花費不確定的時間才能完成。
indicative	adjective	adjective	serving as a sign or indication of something	表示……的；顯示……的	常接 of，如 indicative of a larger problem（顯示出更大的問題），語氣正式書面。	His nervous behavior was indicative of his guilt.	他緊張的舉止顯示出他心虛。
indicator	noun	noun	a sign, measure, or gauge that shows the state or level of something	指標；指示器	常見 an economic indicator（經濟指標）；也指車輛的方向燈（英式英語）。	Unemployment is a key indicator of economic health.	失業率是經濟健全與否的關鍵指標。
indictment	noun	noun	a formal charge or accusation of a serious crime, or something that reveals a serious problem	（刑事）起訴書；控訴；（反映問題的）證明	法律用語，常見 issue an indictment；比喻用法如 a damning indictment of the system（對這個體制的嚴厲控訴）。	The scandal is a damning indictment of the company's ethics.	這起醜聞嚴厲地揭露了這家公司缺乏道德的問題。
indigenous	adjective	adjective	originating naturally in a particular place; native	（動植物或人）本地的；原生的；原住民的	常見 indigenous peoples（原住民族）、indigenous species（原生物種），語氣中性且尊重原生性。	The plant is indigenous to South America.	這種植物原生於南美洲。
indignation	noun	noun	anger or annoyance provoked by something perceived as unjust or unfair	憤慨；義憤	常見 righteous indignation（義憤），強調因不公不義而產生的憤怒，語氣正式。	She expressed her indignation at the unfair treatment of the workers.	她對工人所受到的不公平待遇表示憤慨。
indignity	noun	noun	treatment or a situation that causes shame, embarrassment, or a loss of self-respect	屈辱；受辱的經歷	常見 suffer the indignity of，指經歷讓人失去尊嚴的情況，語氣正式書面。	He suffered the indignity of being fired in front of his colleagues.	他遭受了在同事面前被解雇的屈辱。
induce	verb	verb	to succeed in persuading someone to do something, or to bring about a state or condition	誘使；引起；導致	常接 to do something，如 induce someone to sign；醫學語境也指誘發，如 induce labor（催生）。	The offer of a bonus induced him to work overtime.	提供獎金誘使他願意加班工作。
induct	verb	verb	to formally admit someone to a role, position, or organization	使正式就任；接納入會	常接 into，如 induct someone into a hall of fame（將某人納入名人堂），語氣正式莊重。	The athlete was inducted into the sports hall of fame.	這位運動員被納入了體育名人堂。
indulge	verb	verb	to allow oneself to enjoy something, especially something pleasurable, or to satisfy someone's wishes	放縱；縱容；沉溺於（享受）	常見 indulge in something（沉溺於某事）、indulge a child（寵溺孩子）。	She decided to indulge in a slice of chocolate cake.	她決定放縱一下，吃一片巧克力蛋糕。
ineffectual	adjective	adjective	not producing the desired effect; incapable of performing efficiently	無效的；不中用的	常修飾人或措施，如 an ineffectual leader（無能的領導者），語氣帶負面評價。	The government's response to the crisis was widely seen as ineffectual.	政府對這場危機的應對被普遍認為是無效的。
ineligible	adjective	adjective	not qualified or entitled to do or receive something	不合資格的；沒有資格的	常見 ineligible for a benefit（不符合福利資格），常接 for，語氣正式。	He was ineligible for the scholarship due to his GPA.	他因為平均成績不符標準而沒有資格獲得獎學金。
inept	adjective	adjective	having or showing no skill; clumsy or incompetent	笨拙的；不擅長的	常修飾人的能力或表現，如 socially inept（不擅社交），語氣帶負面評價。	His inept handling of the situation only made things worse.	他笨拙地處理這個情況，只讓事情變得更糟。
inequity	noun	noun	unfairness or lack of justice, especially in the distribution of resources or opportunities	不公平；不平等	常見 income inequity（收入不平等），與 inequality 相近但更強調道德上的不公。	The report highlights the inequity in access to healthcare.	這份報告凸顯了醫療資源取得上的不公平。
inevitable	adjective	adjective	certain to happen; impossible to avoid	不可避免的；必然的	常見 an inevitable outcome（必然的結果），語氣正式，強調事情必定發生。	Given the circumstances, the company's closure seemed inevitable.	鑑於當時的情況，這家公司的倒閉似乎是不可避免的。
inevitably	adverb	adverb	in a way that is certain to happen; unavoidably	不可避免地；必然地	常置句首或修飾整個句子，如 Inevitably, prices rose.，語氣正式書面。	Inevitably, the news spread quickly through the small town.	不出所料，這個消息很快就在這座小鎮傳開了。
inexorable	adjective	adjective	impossible to stop or prevent; relentless	不可阻擋的；無法改變的	常修飾 progress、decline 等，如 the inexorable march of time，語氣書面正式且帶宿命感。	The inexorable rise in prices worried many consumers.	物價無法阻擋地上漲，讓許多消費者感到擔憂。
inexplicable	adjective	adjective	unable to be explained or accounted for	無法解釋的；難以理解的	常修飾 phenomenon、behavior，如 an inexplicable feeling，語氣正式，強調理性上無法解釋。	For some inexplicable reason, the machine suddenly stopped working.	不知為何，這台機器突然就停止運作了。
infant	noun	noun	a very young child or baby	嬰兒；幼兒	常見 infant care（嬰兒照護）；也可作形容詞用，如 infant mortality（嬰兒死亡率）。	The hospital has a special unit for premature infants.	這家醫院設有專門照護早產兒的病房。
infect	verb	verb	to contaminate with a disease-causing organism, or to spread a feeling or attitude to others	使感染（疾病）；感染（情緒等）	常見 infect a wound（傷口感染）；比喻用法如 her enthusiasm infected the whole team（她的熱情感染了整個團隊）。	The wound became infected due to poor hygiene.	由於衛生不佳，這個傷口感染了。
infection	noun	noun	the invasion and multiplication of disease-causing organisms in the body	感染；傳染病	醫學用語，常見 a bacterial infection（細菌感染）、an ear infection（耳部感染）。	She was prescribed antibiotics to treat the infection.	她被開了抗生素來治療這次感染。
inference	noun	noun	a conclusion reached on the basis of evidence and reasoning	推論；推斷	常見 draw an inference（做出推論），語氣正式，常見於學術或邏輯討論。	From the data, we can draw the inference that sales will continue to rise.	從這些數據中，我們可以推斷銷售額會持續成長。
inferior	adjective	adjective	lower in quality, status, or rank compared to another	較差的；次等的；地位較低的	常接 to，如 inferior to the original，語氣帶負面比較意味。	The knockoff product was clearly inferior to the original brand.	這個仿冒品明顯不如原廠品牌。
inferior	noun	noun	a person of lower rank or status than another	下屬；地位較低的人	常見於階級或組織脈絡，如 treat someone as an inferior（把某人當下屬對待），語氣帶負面意味。	He never treated his employees as inferiors.	他從不把員工當成下屬般看待。
infinite	adjective	adjective	limitless or endless in space, extent, or size; impossible to measure or calculate	無限的；無窮的	常見 infinite possibilities（無限的可能性），語氣正式，數學或哲學語境也常用。	The universe is often described as infinite in size.	宇宙的大小常被形容為無限。
infinity	noun	noun	the state or quality of being infinite; an infinitely great number or distance	無限；無窮	常見 to infinity（直到無窮），數學用語也常見於哲學討論。	The mathematician explained the concept of infinity to the class.	這位數學家向班上解釋了無限的概念。
inflame	verb	verb	to provoke or intensify strong feelings, especially anger, or to cause a part of the body to become red and swollen	煽動；激化（情緒）；使發炎	比喻用法常見 inflame tensions（激化緊張情勢）；醫學語境指身體部位發炎紅腫。	The politician's remarks only inflamed public anger.	這位政治人物的言論只是進一步激化了公眾的憤怒。
inflammation	noun	noun	a localized physical condition in which part of the body becomes red, swollen, and painful, or a state of intense emotion	（身體部位的）發炎；（情緒的）激化	醫學用語常見 chronic inflammation（慢性發炎）；比喻用法較少見。	The doctor prescribed medication to reduce the inflammation in his knee.	醫生開了藥物來減輕他膝蓋的發炎狀況。
inflate	verb	verb	to fill something with air or gas, causing it to expand, or to increase something artificially	使膨脹；為……充氣；誇大	常見 inflate a balloon（給氣球充氣）；比喻用法如 inflate prices（哄抬價格）、inflate one's ego（膨脹自我）。	The company was accused of inflating its sales figures.	這家公司被指控誇大了其銷售數字。
inflation	noun	noun	a general increase in prices and a fall in the purchasing value of money	通貨膨脹	經濟學用語，常見 rising inflation（通膨上升）、control inflation（控制通膨）。	Inflation has significantly increased the cost of living.	通貨膨脹已大幅提高了生活成本。
inflict	verb	verb	to cause someone or something to suffer something unpleasant	使遭受；施加（痛苦或損害）	常接 on，如 inflict pain on someone（讓某人遭受痛苦），語氣正式且帶負面意味。	The storm inflicted severe damage on the coastal town.	這場風暴對這座沿海小鎮造成了嚴重的損害。
influential	adjective	adjective	having great influence on someone or something	有影響力的	常見 an influential figure（有影響力的人物），語氣正面，強調其對他人或局勢的重大作用。	She is one of the most influential figures in the fashion industry.	她是時尚產業中最具影響力的人物之一。
informal	adjective	adjective	relaxed and friendly, or not following official or conventional rules	非正式的；隨意的	常見 an informal setting（輕鬆隨意的場合）、informal language（口語化的用語），與 formal 相對。	The meeting was held in an informal setting over coffee.	這場會議是在喝咖啡的輕鬆場合中舉行的。
infraction	noun	noun	a violation or breach of a law, rule, or agreement	違反（規定）；違規行為	法律或體育用語，常見 a minor infraction（輕微違規），語氣正式，程度通常輕於 crime。	He received a warning for a minor traffic infraction.	他因輕微的交通違規而收到警告。
infuriate	verb	verb	to make someone extremely angry	使大為光火；激怒	比 anger 語氣更強烈，常用被動語態 be infuriated by，如 be infuriated by the delay。	The unfair decision infuriated the entire team.	這項不公的決定讓整個團隊都大為光火。
infuse	verb	verb	to fill or permeate something with a quality or feeling, or to soak an ingredient in liquid to extract its flavor	使充滿（某種特質）；浸泡（萃取風味）	常見 infuse with energy（注入活力）；料理語境也指浸泡茶葉、香料等以萃取味道。	The chef infused the oil with fresh herbs.	主廚將新鮮香草浸泡到油中，讓油帶有香草風味。
ingenious	adjective	adjective	clever, original, and inventive	巧妙的；有創意的；足智多謀的	常修飾 solution、design 等，如 an ingenious idea，語氣正面，強調聰明才智。	The engineers came up with an ingenious solution to the problem.	工程師們想出了一個巧妙的解決方案。
ingenuity	noun	noun	the quality of being clever, original, and inventive	創造力；巧思；足智多謀	常見 human ingenuity（人類的巧思），語氣正面，多用於稱讚創新的思考能力。	The bridge's design is a testament to human ingenuity.	這座橋的設計證明了人類的創造力。
ingenuous	adjective	adjective	innocent and unsuspecting; showing a lack of experience or sophistication	天真的；坦率的；不世故的	常見於形容年輕人或未受世故薰染的人，語氣中性偏正面，注意勿與 ingenious（巧妙的）混淆。	Her ingenuous manner made her popular with new colleagues.	她天真坦率的舉止讓她深受新同事喜愛。
ingredient	noun	noun	a component part of a mixture, especially in cooking, or an essential element	（食譜的）材料；成分；要素	常見 the ingredients for a recipe（食譜的材料）；比喻用法如 the key ingredient of success（成功的關鍵要素）。	Fresh vegetables are the main ingredient in this dish.	新鮮蔬菜是這道菜的主要食材。
inhabit	verb	verb	to live in or occupy a place	居住於；棲息於	常接地點作受詞，如 inhabit an area，語氣正式，常見於生態或歷史語境。	Various species of birds inhabit this forest.	多種鳥類棲息在這片森林裡。
inhabitant	noun	noun	a person or animal that lives in a particular place	居民；棲息者	常見 the inhabitants of a city（一座城市的居民），語氣正式，多用於統計或描述性文本。	The island has fewer than a thousand inhabitants.	這座島嶼的居民不到一千人。
inherit	verb	verb	to receive money, property, or a title from someone after they die, or to receive a characteristic from a parent	繼承（財產、頭銜）；遺傳（特質）	常接名詞受詞，如 inherit a house；也可指遺傳特徵，如 inherit her mother's eyes。	She inherited her grandmother's antique jewelry.	她繼承了祖母的古董珠寶。
inheritance	noun	noun	money, property, or a title received from someone after they die, or a genetically transmitted characteristic	遺產；繼承物；遺傳（特質）	常見 receive an inheritance（獲得遺產），法律及生物學脈絡皆可使用。	He used his inheritance to start a small business.	他用繼承來的遺產開了一家小公司。
inhibit	verb	verb	to prevent or slow down a process, or to make someone unable to act naturally due to shyness or embarrassment	抑制；阻礙；使拘謹	常見 inhibit growth（抑制生長）；心理學脈絡也指使人感到侷促不安，難以自然表現。	Cold temperatures can inhibit plant growth.	低溫可能會抑制植物生長。
initial	adjective	adjective	existing or occurring at the beginning	最初的；初步的	常見 initial reaction（最初的反應）、initial stage（初期階段）。	Her initial reaction to the news was disbelief.	她對這則消息的最初反應是難以置信。
initial	noun	noun	the first letter of a name	（姓名的）首字母	常用複數 initials，如 sign with your initials（用姓名縮寫簽名）。	He monogrammed the towels with his initials.	他在毛巾上繡了自己姓名的首字母。
initial	verb	verb	to mark or sign something with one's initials	以姓名縮寫簽署	常見於正式文件，如 initial each page（在每一頁上用縮寫簽名），語氣正式。	Please initial each page of the contract to confirm you have read it.	請在合約的每一頁上簽署姓名縮寫，以確認你已閱讀過。
initially	adverb	adverb	at the beginning; at first	最初；起初	常置句首，如 Initially, the plan seemed simple.，強調後續有所轉變或發展。	Initially, the project was expected to take only a few months.	這項專案原本預期只需要幾個月的時間。
initiate	verb	verb	to cause a process or action to begin, or to formally admit someone into a group	啟動；發起；使加入（團體，常有正式儀式）	常接抽象名詞，如 initiate a discussion（發起討論）；也可指入會儀式。	The company initiated a new policy to reduce waste.	這家公司啟動了一項減少浪費的新政策。
initiate	noun	noun	a person who has recently been admitted into a group, especially one requiring specific knowledge	新入會者；剛入門者	較少見用法，常見於正式團體或秘密組織脈絡。	The initiates were welcomed into the society after the ceremony.	儀式結束後，這些新入會者被正式接納加入這個社團。
initiative	noun	noun	a new plan or process to achieve something, or the ability to act independently	新方案；倡議；主動性	常見 take the initiative（採取主動）、a government initiative（政府的一項倡議）。	The city launched a new initiative to promote recycling.	這座城市推出了一項促進資源回收的新方案。
initiative	adjective	adjective	relating to the ability to act independently and make decisions（較少見用法，多為名詞）	主動性的；創始的（較少見用法）	此詞通常作名詞使用，形容詞用法極為罕見，常見場合仍以名詞片語 show initiative 表達。	Her initiative spirit was evident in every project she led.	她主導的每個專案都展現出主動積極的精神。
inject	verb	verb	to introduce a substance into the body with a needle, or to introduce a new quality or element into something	注射；注入（新元素或資金）	常見 inject a vaccine（注射疫苗）；比喻用法如 inject humor into a speech（在演講中加入幽默）。	The nurse injected the vaccine into his arm.	護士將疫苗注射到他的手臂。
injection	noun	noun	the act of introducing a substance into the body with a needle, or the act of introducing something new	注射；（新元素或資金的）注入	常見 a flu injection（流感疫苗注射）；也指資金挹注，如 a cash injection。	The clinic administers flu injections every autumn.	這家診所每年秋天都會提供流感疫苗注射。
injunction	noun	noun	an official order issued by a court, usually requiring someone to do or stop doing something	（法院的）禁制令；強制令	法律用語，常見 obtain an injunction against someone（取得針對某人的禁制令）。	The company sought an injunction to stop the competitor's advertising campaign.	這家公司尋求禁制令，以阻止競爭對手的廣告宣傳活動。
injure	verb	verb	to cause physical harm to someone	使受傷；傷害	常用被動語態 be injured，如 be injured in an accident，語氣中性，多指身體傷害。	Two workers were injured in the factory accident.	兩名工人在這起工廠意外中受傷。
injustice	noun	noun	a lack of fairness or justice, or an unfair act	不公正；不公平的待遇	常見 social injustice（社會不公）、do someone an injustice（對某人不公平），語氣正式。	The protesters gathered to speak out against racial injustice.	抗議者聚集起來，發聲反對種族不公。
inland	adjective	adjective	located or happening in the interior part of a country, away from the coast or border	內陸的	常見 inland areas（內陸地區）、inland waterways（內陸水路），與 coastal（沿海的）相對。	The storm weakened as it moved further inland.	這場風暴向內陸移動時逐漸減弱。
inner	adjective	adjective	situated inside or closer to the center; relating to a person's private thoughts or feelings	內部的；內心的	常見 inner city（市中心區）、inner peace（內心的平靜）；比喻用法非常普遍。	Meditation helped her find a sense of inner peace.	冥想幫助她找到了內心的平靜。
innocence	noun	noun	the state of not being guilty of a crime, or a lack of experience or worldliness	清白；無罪；天真無邪	常見 prove one's innocence（證明清白）；也可指童年般的純真，如 childhood innocence。	The defendant maintained his innocence throughout the trial.	被告在整個審判過程中都堅稱自己清白。
innocent	adjective	adjective	not guilty of a crime, or free from moral wrong; naive	無罪的；無辜的；天真的	常見 an innocent bystander（無辜的旁觀者）；也可形容缺乏世故的天真，如 an innocent question。	The jury found her innocent of all charges.	陪審團判定她所有罪名皆不成立。
innocent	noun	noun	a person who is not guilty of a crime or wrongdoing, especially one who is naive	無辜的人；天真的人	較少見用法，常見於正式或文學語境，如 punish the innocent along with the guilty。	The war left many innocents caught in the crossfire.	這場戰爭讓許多無辜的人陷入交火之中。
innovation	noun	noun	the introduction of new ideas, methods, or products	創新；革新	常見 technological innovation（科技創新），語氣正面，強調突破性的改變。	The company is known for its innovation in renewable energy.	這家公司以在再生能源方面的創新而聞名。
innovative	adjective	adjective	introducing new ideas or methods; original and creative	創新的；有創意的	常修飾 idea、product、approach，如 an innovative solution，語氣正面。	The startup developed an innovative app to help students learn languages.	這家新創公司開發了一款創新的應用程式，幫助學生學習語言。
inquire	verb	verb	to ask for information about something	詢問；打聽	常接 about，如 inquire about a job（詢問一份工作的相關資訊），比 ask 稍正式。	She called to inquire about the store's opening hours.	她打電話詢問商店的營業時間。
inquiry	noun	noun	an act of asking for information, or an official investigation	詢問；查詢；（正式）調查	常見 make an inquiry（提出詢問）；也指正式調查，如 launch an inquiry into。	The government launched an inquiry into the cause of the accident.	政府對這起意外的原因展開了調查。
inquisitive	adjective	adjective	having or showing a strong curiosity about things	好奇的；愛打聽的	常修飾 child、mind 等，如 an inquisitive child（好奇心旺盛的孩子），語氣中性偏正面。	The inquisitive toddler kept asking questions about everything.	這個好奇的小孩不停地對每件事提出問題。
insane	adjective	adjective	seriously mentally ill, or (informally) extremely foolish or unreasonable	精神錯亂的；瘋狂的；（口語）荒謬的	口語中常誇張使用，表示極其荒謬或不合理，如 that's insane（那太瘋狂了）。	It would be insane to drive in this storm.	在這場暴風雨中開車實在太瘋狂了。
insanity	noun	noun	the state of being seriously mentally ill, or extreme foolishness	精神錯亂；瘋狂；荒謬	常見 plead insanity（以精神失常為由抗辯），口語也可誇張形容荒謬的行為，如 sheer insanity。	The defense argued a plea of insanity.	辯方以精神失常為由提出抗辯。
insatiable	adjective	adjective	impossible to satisfy	無法滿足的；貪得無厭的	常見 an insatiable appetite（無法滿足的胃口/慾望），比喻用法非常普遍，強調慾望永無止盡。	He has an insatiable curiosity about how things work.	他對事物運作的方式有著無窮無盡的好奇心。
inscribe	verb	verb	to write or carve words on a surface, especially as a permanent record	刻寫；題寫（於表面）	常見 inscribe a name on a plaque（在牌匾上刻上名字），語氣正式，強調永久性的紀錄。	The ring was inscribed with their wedding date.	這枚戒指上刻著他們的結婚日期。
insider	noun	noun	a person who is a member of a group or organization, and has access to private information	內部人士；圈內人	常見 insider trading（內線交易，商業犯罪術語），也可泛指了解內情的人。	As a former employee, she has insider knowledge of the company's operations.	身為前員工，她對公司的營運內情知之甚詳。
insidious	adjective	adjective	proceeding in a gradual, subtle way but with harmful effects	陰險的；潛伏漸進而有害的	常修飾抽象威脅，如 an insidious disease（悄悄惡化的疾病），語氣書面正式，強調難以察覺的危害。	Corruption can have an insidious effect on public trust.	貪腐會對公眾信任造成潛移默化的傷害。
insight	noun	noun	a clear, deep understanding of a complicated problem or situation	洞察力；深刻的見解	常見 gain insight into（獲得對……的深入理解），語氣正面，強調對本質的理解。	The book offers valuable insight into human behavior.	這本書對人類行為提供了寶貴的洞見。
insinuate	verb	verb	to suggest or imply something negative in an indirect and unpleasant way	暗示（負面的事）；影射	常接 that 子句，如 insinuate that someone is lying，語氣帶負面意味，強調間接且令人不快的暗示。	He insinuated that she had lied about her qualifications.	他影射她在資歷上撒了謊。
insoluble	adjective	adjective	impossible to solve, or (of a substance) unable to be dissolved	無法解決的；不可溶的	常見 an insoluble problem（無解的問題）；化學語境指物質不溶於液體。	The dispute seemed like an insoluble problem for years.	這場爭端多年來似乎都是無解的問題。
inspect	verb	verb	to examine something closely, especially for faults or to check quality	檢查；檢視	常見 inspect a building（檢查建築物），語氣正式，常見於安全或品質檢驗語境。	The building was inspected before the new tenants moved in.	新房客搬進去之前，這棟建築已經過檢查。
inspection	noun	noun	a careful examination or official check	檢查；視察	常見 a safety inspection（安全檢查）、pass an inspection（通過檢查）。	The factory failed its safety inspection last month.	這家工廠上個月的安全檢查沒有通過。
inspector	noun	noun	an official who checks that regulations are being followed, or a police officer of a certain rank	檢查員；督察員	常見 a health inspector（衛生檢查員）；英式英語中也指警察職級，如 Detective Inspector。	A building inspector came to check for code violations.	一名建築檢查員前來檢查是否有違反法規的情形。
inspiration	noun	noun	the process of being mentally stimulated to do or feel something creative, or a person or thing that provides this	靈感；啟發（來源）	常見 draw inspiration from（從……汲取靈感），語氣正面。	The artist drew inspiration from nature for her paintings.	這位藝術家從大自然汲取繪畫的靈感。
inspire	verb	verb	to fill someone with the urge or ability to do or feel something, especially something creative	激勵；啟發；賦予靈感	常接 someone to do something，如 inspire people to act，語氣正面積極。	Her courage inspired others to speak up.	她的勇氣激勵了其他人挺身而出。
install	verb	verb	to place or fix equipment or software in position for use	安裝（設備或軟體）	常見 install software（安裝軟體）、install a new heater（安裝新暖爐）。	The technician installed the new software on all office computers.	技術人員在所有辦公室電腦上安裝了新軟體。
instant	adjective	adjective	happening immediately	即時的；立即的	常見 instant noodles（速食麵）、instant success（一炮而紅），依語境略有不同引申義。	The app provides instant access to news updates.	這款應用程式提供即時的新聞更新存取。
instantaneous	adjective	adjective	occurring or done immediately, with no delay	瞬間的；即時發生的	比 instant 更強調技術上完全沒有延遲，常見於科學或科技語境。	The transfer of data between the servers was almost instantaneous.	伺服器之間的資料傳輸幾乎是瞬間完成的。
instill	verb	verb	to gradually but firmly establish an idea, attitude, or habit in someone's mind	逐漸灌輸（觀念或習慣）	常接 in/into，如 instill confidence in someone（培養某人的自信），語氣正面，強調長期潛移默化。	Good parents instill a sense of responsibility in their children.	好的父母會在孩子心中灌輸責任感。
instinct	noun	noun	an innate, typically fixed pattern of behavior in response to certain stimuli	本能；直覺	常見 trust your instincts（相信你的直覺）、maternal instinct（母性本能）。	Her instinct told her something was wrong.	她的直覺告訴她事情不對勁。
instinctive	adjective	adjective	relating to or prompted by instinct; natural and unlearned	本能的；出自本能的	常修飾 reaction、response，如 an instinctive reaction，強調未經思考的自然反應。	His instinctive reaction was to protect the child.	他本能的反應就是保護那個孩子。
institute	noun	noun	an organization founded for a particular purpose, especially research or education	研究機構；學院	常見 a research institute（研究機構），常出現於機構名稱中，如 Institute of Technology。	She works at a prestigious research institute studying climate change.	她在一間知名研究機構從事氣候變遷的研究工作。
institute	verb	verb	to establish or introduce a system, policy, or practice	建立；設立；實施（制度或政策）	常接抽象名詞，如 institute a new policy（實施新政策），語氣正式書面。	The school instituted a new dress code this year.	這所學校今年實施了新的服裝規定。
institution	noun	noun	an organization founded for a particular purpose, especially educational, religious, or social; an established custom or practice	（教育、宗教或社會）機構；制度；慣例	常見 a financial institution（金融機構）；也可指根深柢固的社會習俗，如 marriage as an institution。	The bank is one of the oldest financial institutions in the country.	這間銀行是這個國家歷史最悠久的金融機構之一。
instruct	verb	verb	to teach someone a skill, or to give someone an authoritative order or direction	教導；指示；命令	常接 someone to do something，如 instruct the staff to follow the procedure，語氣正式。	The manager instructed the team to complete the report by Friday.	經理指示團隊在週五前完成報告。
instrument	noun	noun	a tool used for precise or delicate work, or a device used to produce musical sounds	（精密）儀器；工具；樂器	常見 a musical instrument（樂器）、a surgical instrument（手術器械）。	The surgeon carefully selected the right instrument for the procedure.	外科醫生仔細選擇了適合這項手術的器械。
instrumental	adjective	adjective	serving as a crucial means or way to bring about a result, or (of music) performed without vocals	（在達成目標上）發揮重要作用的；（音樂）純器樂的	常見 be instrumental in（在……中扮演關鍵角色）；音樂語境指沒有人聲的純樂器演奏曲。	She was instrumental in negotiating the peace agreement.	她在協商這項和平協議中發揮了關鍵作用。
insufficient	adjective	adjective	not enough; inadequate	不足的；不夠的	常見 insufficient evidence（證據不足）、insufficient funds（資金不足），語氣正式。	The court ruled there was insufficient evidence to convict him.	法院裁定證據不足以將他定罪。
insure	verb	verb	to arrange for compensation in the event of loss or damage, in exchange for regular payments	為……投保；替……保險	常見 insure a car（為汽車投保）、insure against loss；美式英語中常與 ensure 混淆，需留意拼寫。	They insured their house against fire and flood damage.	他們為房屋投保了火災和水災險。
insurrection	noun	noun	a violent uprising against an authority or government	武裝叛亂；起義	政治語境用語，語氣正式且較 rebellion 更強調有組織的武力反抗政府。	The government deployed troops to suppress the insurrection.	政府派遣軍隊鎮壓這場叛亂。
intact	adjective	adjective	not damaged or broken; complete	完好無損的；未受損的	常見 remain intact（保持完好），強調沒有經歷破壞或遺失部分，語氣中性。	Despite the crash, the package arrived intact.	儘管發生了車禍，這個包裹依然完好無損地送達。
intangible	adjective	adjective	unable to be touched or physically grasped, or difficult to define precisely	無形的；難以捉摸的	常見 intangible assets（無形資產，商業用語）；也可形容難以言喻的特質，如 an intangible quality。	Brand reputation is an important intangible asset for the company.	品牌聲譽是這家公司重要的無形資產。
integral	adjective	adjective	necessary and important as a part of a whole	不可或缺的；構成整體必要部分的	常接 to，如 integral to the success of the project（對這項專案的成功不可或缺）。	Trust is integral to any successful relationship.	信任對任何成功的關係都是不可或缺的。
integral	noun	noun	a mathematical function related to the summing of infinitesimal parts	積分（數學用語）	數學用語，指微積分中的積分運算，較少見於一般日常語境。	Students learn to calculate integrals in advanced calculus.	學生在進階微積分課程中學習計算積分。
integrate	verb	verb	to combine two or more things so that they work together as a whole, or to become part of a larger group	使結合；使融入（群體）	常見 integrate into society（融入社會）、integrate data from multiple sources。	New employees are given training to help them integrate into the company culture.	新員工會接受培訓，幫助他們融入公司文化。
integrity	noun	noun	the quality of being honest and having strong moral principles, or the state of being whole and undivided	正直；誠信；完整性	常見 act with integrity（正直行事）；也可指結構上的完整，如 structural integrity。	She is known for her honesty and integrity in business dealings.	她在商業往來中以誠實正直聞名。
intellectual	adjective	adjective	relating to the ability to think and reason, rather than physical or emotional	智力的；理智的	常見 intellectual property（智慧財產權）、intellectual curiosity（求知欲）。	The debate was a stimulating intellectual exercise.	這場辯論是一次令人腦力激盪的智識活動。
intellectual	noun	noun	a person who values and engages in the pursuit of knowledge and ideas	知識分子	常見於描述學者或思想家，語氣中性偏正面，強調對知識和思想的重視。	The café was a popular gathering place for intellectuals and artists.	這家咖啡館是知識分子和藝術家喜愛聚集的地方。
intelligent	adjective	adjective	having or showing a high level of understanding, reasoning, or mental capacity	聰明的；有智慧的	常修飾人或動物，如 an intelligent student；也可用於機器，如 artificial intelligent systems（此處常見 intelligent 修飾系統）。	Dolphins are considered highly intelligent animals.	海豚被認為是高度聰明的動物。
intelligible	adjective	adjective	able to be understood; clear	可理解的；清晰易懂的	常接 to，如 intelligible to a general audience（一般大眾都能理解），與 unintelligible（無法理解的）相對。	His explanation was finally intelligible to the students.	他的解釋終於讓學生們都能理解了。
intense	adjective	adjective	very strong or extreme in degree or quality	強烈的；劇烈的	常修飾 emotion、pressure、heat 等，如 intense heat（酷熱），語氣強烈。	She felt an intense sense of relief when the test results came back negative.	當檢測結果呈陰性時，她感到一種強烈的如釋重負。
intensify	verb	verb	to become or make something more intense or extreme	（使）加劇；（使）增強	常接抽象名詞，如 intensify efforts（加強努力），語氣正式。	The government intensified its efforts to combat inflation.	政府加強了對抗通膨的力度。
intensive	adjective	adjective	involving a great deal of concentrated effort or resources in a short time	密集的；精深的	常見 an intensive course（密集課程）、intensive care（加護病房）。	She took an intensive Spanish course over the summer.	她在暑假上了一門密集的西班牙語課程。
intent	noun	noun	an aim or purpose, or the state of mind that must accompany certain criminal acts	意圖；目的；（法律上的）犯意	常見 with intent to（帶有……的意圖），法律語境常用於描述蓄意犯罪的心理狀態。	He was charged with assault with intent to harm.	他被控傷害罪並帶有傷人的意圖。
intentional	adjective	adjective	done on purpose; deliberate	故意的；有意的	常見 intentional damage（故意的損害），與 accidental（意外的）相對。	The judge ruled that the damage was intentional, not accidental.	法官裁定這項損害是故意的，而非意外造成。
inter	verb	verb	to bury a dead body in the ground or a tomb	埋葬（遺體）	語氣正式書面，多用於正式葬禮或歷史文本，日常口語通常用 bury。	The ancient king was interred in a grand tomb.	這位古代國王被安葬在一座宏偉的陵墓中。
interact	verb	verb	to communicate with or react to each other	互動；相互作用	常見 interact with others（與他人互動）；科學語境也指物質間的相互作用。	Children learn important social skills as they interact with their peers.	孩子們在與同儕互動的過程中學習重要的社交技能。
interaction	noun	noun	communication or reaction between two or more people or things	互動；相互作用	常見 social interaction（社交互動）；也可指藥物或化學物質之間的交互作用。	Regular social interaction is important for mental health.	規律的社交互動對心理健康很重要。
interactive	adjective	adjective	allowing two-way communication or engagement, especially between a computer and a user	互動式的；可互動的	常見 an interactive whiteboard（互動式白板）、interactive learning。	The museum features an interactive exhibit for children.	這座博物館設有一個給孩子的互動式展覽。
interchangeable	adjective	adjective	able to be exchanged or used in place of each other	可互換的；可通用的	常見 use A and B interchangeably（將 A 和 B 交替使用），強調兩者功能或意義上相同。	The two terms are often used interchangeably in casual speech.	這兩個詞在日常口語中經常被交替使用。
interfere	verb	verb	to become involved in and prevent or hinder a process or situation, without invitation	干涉；干預；妨礙	常接 with/in，如 interfere with someone's plans（干擾某人的計畫），語氣帶負面意味。	Please don't interfere in matters that don't concern you.	請不要干涉和你無關的事。
interference	noun	noun	the act of interfering, or unwanted disturbance affecting a signal or process	干涉；干擾	常見 radio interference（無線電干擾）；也指他人的不必要介入，如 parental interference。	Static electricity caused interference with the radio signal.	靜電對無線電訊號造成了干擾。
interim	adjective	adjective	temporary, especially during a period before something permanent is established	臨時的；過渡期的	常見 an interim manager（臨時經理）、an interim report（期中報告）。	They appointed an interim CEO while searching for a permanent replacement.	他們任命了一位臨時執行長，同時尋找永久接任人選。
interim	noun	noun	a temporary period between one event or state and another	過渡期；中間時期	常見 in the interim（在此期間），語氣正式，強調事情尚未確定的過渡狀態。	In the interim, please direct all inquiries to my assistant.	在此期間，如有任何詢問，請直接聯絡我的助理。
interior	adjective	adjective	situated inside or within; relating to the inside of a place	內部的；室內的	常見 interior design（室內設計）、the interior of a car（車內），與 exterior（外部的）相對。	The interior design of the hotel was elegant and modern.	這間飯店的室內設計典雅又現代。
intermediate	noun	noun	a level or stage between two others, especially in skill or difficulty	中間程度（者）；中級	常見於課程分級，如 an intermediate（中級學員），與 beginner、advanced 對應。	The class is designed for intermediates who already know the basics.	這門課程是為已具備基礎的中級學員設計的。
intermediate	adjective	adjective	coming between two things in time, place, order, or degree	中間的；中級的	常見 an intermediate level（中級程度）、an intermediate step（中間步驟）。	She enrolled in an intermediate French class.	她報名了一堂中級法語課。
interminable	adjective	adjective	seemingly endless, especially because it is tedious or boring	冗長乏味的；沒完沒了的	常修飾 meeting、wait 等，如 an interminable meeting，語氣帶負面意味，強調過程令人厭煩。	The interminable meeting left everyone exhausted.	這場冗長乏味的會議讓所有人都筋疲力盡。
intern	noun	noun	a student or trainee who works, sometimes without pay, to gain practical experience	實習生	常見 a summer intern（暑期實習生），常見於商業或醫療領域的實習制度。	She worked as an intern at a marketing firm last summer.	她去年夏天在一家行銷公司擔任實習生。
intern	verb	verb	to confine someone, especially in wartime, without trial	拘留；監禁（尤指戰時未經審判）	多見於歷史或政治語境，如 intern civilians during wartime，語氣正式且帶沉重歷史意涵。	Thousands of civilians were interned during the war.	戰爭期間，數千名平民被拘留監禁。
interpret	verb	verb	to explain the meaning of something, or to translate spoken language orally	解讀；詮釋；口譯	常接 as，如 interpret silence as agreement（把沉默解讀為同意）；也指擔任口譯員。	She works as a translator, interpreting between English and Mandarin speakers.	她從事翻譯工作，為說英語和中文的人士進行口譯。
interpretation	noun	noun	an explanation or way of understanding something, or a performer's rendering of a piece of music or art	解讀；詮釋；（表演的）演繹	常見 open to interpretation（可有多種解讀），也指藝術表演上的獨特詮釋方式。	The play's ending is open to multiple interpretations.	這齣戲的結局可以有多種不同的解讀。
interrupt	verb	verb	to stop someone from speaking or an activity from continuing by breaking in	打斷；使中斷	常見 interrupt someone while they are speaking，語氣中性，強調行為造成的干擾。	Please don't interrupt me while I'm on the phone.	我講電話的時候請不要打斷我。
interrupt	noun	noun	a signal that stops a computer's normal processing to attend to an urgent task	中斷（電腦術語）	電腦科學專業用語，指硬體或軟體發出的中斷訊號，日常口語極少用此名詞義。	The processor handles each interrupt according to its priority level.	處理器會依優先順序處理每一個中斷訊號。
intersection	noun	noun	a place where two or more roads or lines cross, or the point at which two things meet or overlap	交叉路口；交會點	常見 a busy intersection（繁忙的路口）；也可比喻兩個抽象概念的交會，如 the intersection of art and science。	The accident happened at a busy intersection downtown.	這起意外發生在市中心一個繁忙的路口。
intersperse	verb	verb	to scatter or distribute among or between other things	穿插；散布其間	常見被動語態 be interspersed with，如 the speech was interspersed with jokes（演講中穿插著笑話）。	The lecture was interspersed with short video clips.	這場演講中穿插著簡短的影片片段。
intertwine	verb	verb	to twist or twine together, or to become closely connected	（使）交纏；使緊密相連	常用被動語態 be intertwined with，比喻用法常見，如 our fates are intertwined（我們的命運交織在一起）。	Their lives became deeply intertwined after they started working together.	自從開始一起共事後，他們的生活變得緊密交織在一起。
interval	noun	noun	a period of time between two events, or a pause between parts of a performance	間隔；（演出中的）中場休息	常見 at regular intervals（定期地）；英式英語中也指戲劇或音樂會的中場休息（美式常用 intermission）。	Take the medicine at regular intervals throughout the day.	一天之中請按固定間隔時間服藥。
intervene	verb	verb	to become involved in a situation in order to change or influence its outcome	介入；干預	常見 intervene in a conflict（介入衝突），語氣正式，強調為了改變結果而採取行動。	The teacher intervened before the argument escalated.	老師在爭執升級之前就介入了。
intervention	noun	noun	the act of becoming involved in a situation to influence its outcome, especially to help	介入；干預（措施）	常見 military intervention（軍事介入）、early intervention（早期介入）。	Early intervention can greatly improve outcomes for children with learning disabilities.	早期介入能大幅改善學習障礙兒童的狀況。
interviewer	noun	noun	a person who conducts an interview	採訪者；面試官	常見於新聞或求職語境，如 the interviewer asked several questions。	The interviewer asked her about her previous work experience.	面試官問了她過去的工作經歷。
intimacy	noun	noun	close familiarity or friendship; closeness in a relationship	親密；親密關係	常見 emotional intimacy（情感上的親密），語氣正面，強調人際或情感上的緊密連結。	Years of friendship had built a deep sense of intimacy between them.	多年的友誼在他們之間建立了深厚的親密感。
intimidate	verb	verb	to frighten someone, especially in order to make them do what one wants	恐嚇；威嚇；使膽怯	常用被動語態 be intimidated by，如 be intimidated by someone's confidence，語氣帶負面意味。	The bully tried to intimidate the younger students.	那個惡霸試圖恐嚇年紀較小的學生。
intractable	adjective	adjective	hard to control or deal with; difficult to solve	難以處理的；棘手的	常修飾 problem、conflict，如 an intractable dispute，語氣正式，強調長期無法解決的困難。	Poverty remains an intractable problem in many parts of the world.	貧窮在世界許多地方仍然是一個棘手的問題。
intransigent	adjective	adjective	unwilling to change one's views or agree about something	不妥協的；固執己見的	常修飾人的態度，如 an intransigent attitude，語氣正式且帶負面意味，強調拒絕讓步。	The union leader remained intransigent during the negotiations.	這位工會領袖在談判過程中始終不肯讓步。
intrepid	adjective	adjective	fearless and adventurous, especially in facing danger	勇敢無畏的；大膽的	常修飾 explorer、traveler，如 an intrepid explorer，語氣正面，帶英勇冒險的色彩。	The intrepid explorer trekked across the frozen tundra alone.	這位勇敢無畏的探險家獨自穿越了冰凍的凍原。
intrude	verb	verb	to enter or become involved in a place or situation without permission or invitation	闖入；侵擾；打擾	常接 on/into，如 intrude on someone's privacy（侵犯某人的隱私）。	I don't want to intrude on your family time.	我不想打擾你們的家庭時光。
inundate	verb	verb	to overwhelm someone with things or people to deal with, or to flood a place with water	使應接不暇；淹沒	常用被動語態 be inundated with，如 be inundated with requests（被大量請求淹沒），比喻用法比字面淹水更常見。	The customer service team was inundated with complaints after the outage.	停機事件後，客服團隊被大量投訴淹沒。
invade	verb	verb	to enter a country or territory using military force in order to take control of it, or to intrude on someone's privacy	入侵；侵犯（隱私）	軍事語境常見 invade a country；也可比喻性地指侵犯隱私，如 invade someone's privacy。	Enemy forces invaded the neighboring country at dawn.	敵軍在黎明時分入侵了鄰國。
invaluable	adjective	adjective	extremely useful; indispensable	非常寶貴的；無價的	注意此詞為正面詞彙，不同於字面「無價值」，常見 invaluable advice（極為寶貴的建議）。	Her mentorship proved invaluable to my career.	她的指導對我的職涯發展極為寶貴。
invariably	adverb	adverb	in every case or on every occasion; always	總是；一貫地	常見於描述固定不變的模式，如 invariably late（總是遲到），語氣正式書面。	He invariably arrives ten minutes early for every meeting.	他每次開會總是提早十分鐘到。
invasion	noun	noun	an act of invading a country or region with an armed force, or an intrusion into a person's privacy or affairs	入侵；侵犯（隱私）	軍事語境常見 a military invasion；也可比喻性地指隱私被侵犯，如 an invasion of privacy。	The country suffered a devastating invasion during the war.	這個國家在戰爭期間遭受了毀滅性的入侵。
inventory	noun	noun	a complete list of goods or items in stock, or the items themselves	庫存清單；存貨	常見 take inventory（盤點庫存）；商業用語，常見於零售或倉儲管理語境。	The store manager conducted a full inventory before the holiday sale.	店經理在假期促銷前進行了完整的庫存盤點。
inventory	verb	verb	to make a complete list of goods or items	盤點；列清單	及物動詞，較少見用法，多見於商業或倉儲語境。	Staff spent the weekend inventorying the warehouse stock.	員工花了整個週末盤點倉庫的存貨。
inverse	adjective	adjective	opposite in effect, order, or direction	相反的；逆向的	常見 an inverse relationship（反向關係，即一者增加另一者減少），數學或科學語境常用。	There is an inverse relationship between price and demand.	價格與需求之間存在反向關係。
inverse	noun	noun	something that is the opposite or reverse of another thing	相反的事物；逆命題	數學用語，常見 the inverse of a function（函數的反函數），也可泛指某事的相反面。	The inverse of the statement is not necessarily true.	這個陳述的逆命題不一定成立。
investigate	verb	verb	to carry out a systematic inquiry to discover and examine the facts of a situation	調查；研究	常接名詞受詞，如 investigate a crime（調查一起犯罪案件），語氣正式。	Police are investigating the cause of the fire.	警方正在調查這起火災的起因。
invisible	adjective	adjective	unable to be seen	看不見的；隱形的	常見 invisible to the naked eye（肉眼看不見的），比喻用法如 an invisible barrier（無形的障礙）。	Some bacteria are invisible to the naked eye.	有些細菌是肉眼看不見的。
invoke	verb	verb	to cite or appeal to something as an authority for an action, or to call upon a higher power in prayer	援引；訴諸（權威、法律）；祈求（神靈）	常見 invoke a law（援引一項法律）；也可指請求神靈庇佑，語氣書面正式。	The lawyer invoked a precedent from a similar case.	律師援引了一起類似案件的判例。
involuntary	adjective	adjective	done without conscious control; not deliberate	非自願的；不由自主的	常見 an involuntary movement（不由自主的動作），醫學或法律語境也常用，與 voluntary（自願的）相對。	The sudden noise caused an involuntary jump.	那聲突如其來的巨響讓他不由自主地跳了起來。
irascible	adjective	adjective	easily made angry; hot-tempered	易怒的；脾氣暴躁的	常修飾人物性格，如 an irascible old man，語氣書面，強調容易發怒的個性。	The irascible chef was known for shouting at his staff.	這位脾氣暴躁的主廚以對員工大吼大叫聞名。
ironic	adjective	adjective	using or characterized by irony; happening in a way that is contrary to what is expected, often amusingly	諷刺的；具有反諷意味的	常見 it's ironic that...（諷刺的是……），描述結果與預期相反的情況。	It's ironic that the fire station itself caught fire.	諷刺的是，消防局自己竟然發生了火災。
irony	noun	noun	a situation or use of language that expresses something contrary to what is expected or literally meant	反諷；諷刺（意味）	常見 the irony of the situation（這個情況的諷刺之處），文學上也指語言使用中的反話。	The irony of the situation was not lost on anyone.	這個情況的諷刺意味，大家都心知肚明。
irrelevant	adjective	adjective	not connected with or relevant to a particular matter	不相關的；離題的	常接 to，如 irrelevant to the discussion（與討論無關），與 relevant（相關的）相對。	Her comment was completely irrelevant to the topic being discussed.	她的評論與正在討論的主題完全無關。
irrigation	noun	noun	the supply of water to land or crops to help growth, typically by means of channels	灌溉	農業用語，常見 irrigation system（灌溉系統），描述人工引水灌溉農作物的方式。	The farm relies on an efficient irrigation system to grow crops in the dry season.	這座農場依靠有效的灌溉系統，在旱季種植農作物。
isolate	verb	verb	to separate someone or something from others, or to identify a substance in its pure form	使隔離；孤立；（化學上）分離出（純物質）	常見 isolate a patient（隔離病人）；科學語境指分離出某成分，如 isolate a virus。	The hospital isolated the patient to prevent the spread of infection.	醫院隔離了這名病患，以防止感染擴散。
isolation	noun	noun	the state of being separated from others; the process of isolating something	隔離；孤立（狀態）	常見 social isolation（社交孤立）、in isolation（單獨、孤立地），語氣中性偏負面。	Prolonged isolation can negatively affect mental health.	長期的孤立會對心理健康產生負面影響。
isotope	noun	noun	one of two or more forms of the same element with the same number of protons but a different number of neutrons	同位素	化學或物理學專業用語，常見 radioactive isotope（放射性同位素）。	Carbon-14 is a radioactive isotope used in dating ancient artifacts.	碳十四是一種用於測定古代文物年代的放射性同位素。
ivory	noun	noun	the hard white substance forming the tusks of elephants and other animals, or a creamy white color	象牙；象牙白色	常見 ivory carving（象牙雕刻）；因保育議題，象牙貿易已受到嚴格管制。	The illegal trade of ivory has threatened elephant populations worldwide.	非法象牙貿易已對全球大象族群構成威脅。
jade	noun	noun	a hard, typically green stone used for ornaments and jewelry	玉；翡翠	常見於中華文化脈絡，如 jade jewelry（玉飾）、a jade pendant（玉墜）。	She wore a beautiful jade bracelet passed down from her grandmother.	她戴著一只從祖母那裡傳下來的美麗玉鐲。
jade	adjective	adjective	having the color of jade, a shade of green	玉綠色的；翡翠綠的	常修飾顏色描述，如 jade green eyes（玉綠色的眼睛），較少單獨使用，多與 green 連用。	The lake shimmered a deep jade green under the sunlight.	陽光下，這座湖泊閃耀著深邃的玉綠色。
jagged	adjective	adjective	having an uneven, sharply pointed surface or edge	鋸齒狀的；參差不齊的	常修飾 edge、rock，如 jagged rocks（嶙峋的岩石），描述表面不平整銳利的特徵。	The jagged cliffs made the coastline look dramatic.	嶙峋的懸崖讓這片海岸線看起來壯麗磅礡。
jazz	noun	noun	a type of music of African American origin characterized by improvisation and syncopated rhythms	爵士樂	音樂類型用語，常見 jazz music、a jazz band，起源於美國，帶有即興演奏的特色。	They spent the evening listening to live jazz at a small club.	他們在一家小酒館度過了聆聽現場爵士樂的夜晚。
jazz	verb	verb	to make something more exciting or lively, usually followed by "up"	使更生動有趣（常與 up 連用）	口語用法，常見 jazz up a room（讓房間更有活力），語氣輕鬆隨意。	They jazzed up the plain cake with colorful sprinkles.	他們用彩色糖粒讓這個樸素的蛋糕變得更繽紛有趣。
jealous	adjective	adjective	feeling resentful envy of someone's achievements or advantages, or fearful of losing one's partner's affection	嫉妒的；吃醋的	常接 of，如 jealous of her success（嫉妒她的成就）；情感語境也可指對伴侶感到吃醋。	He felt jealous when his friend got the promotion instead of him.	朋友得到了升遷而不是他，讓他感到嫉妒。
jeer	noun	noun	a rude or mocking remark or shout	嘲笑聲；奚落	常見於群眾對表演者或運動員的噓聲，如 jeers from the crowd。	The comedian was met with jeers from the unhappy audience.	這位喜劇演員受到了不滿觀眾的嘲笑聲。
jeer	verb	verb	to shout mocking or derisive remarks at someone	嘲笑；奚落；喝倒采	常接 at，如 jeer at the referee（對裁判喝倒采），語氣負面，強調公開的嘲弄。	The crowd jeered at the referee's controversial decision.	群眾對裁判有爭議的判決發出了噓聲。
jerk	noun	noun	a quick, sharp movement, or (informally) a stupid or contemptible person	急拉；猛然一動；（口語）討厭的傢伙	常見 with a jerk（猛然一下）；口語 he's such a jerk 表示某人很討人厭，需留意使用場合。	The car came to a stop with a sudden jerk.	這輛車猛然一震停了下來。
jewel	noun	noun	a precious stone, especially a cut and polished one used for decoration	寶石；珠寶	常見 a jewel box（珠寶盒）；比喻用法如 the jewel of the collection（收藏品中的珍品）。	The crown was decorated with dozens of precious jewels.	這頂皇冠上鑲嵌著數十顆珍貴的寶石。
jewelry	noun	noun	personal ornaments made from precious metals or stones, such as rings, necklaces, and bracelets	珠寶；首飾	美式拼法，英式為 jewellery；常見 costume jewelry（人造首飾）與 fine jewelry（貴重珠寶）之分。	She inherited a collection of antique jewelry from her grandmother.	她從祖母那裡繼承了一批古董珠寶。
jockey	noun	noun	a professional rider in horse races	（職業）騎師	運動用語，特指專業賽馬騎師，常見於賽馬相關語境。	The young jockey rode to victory in his first professional race.	這位年輕的騎師在首場職業比賽中贏得了勝利。
jockey	verb	verb	to maneuver or manipulate skillfully, often to gain an advantage over rivals	（為爭取優勢而）巧妙運作；競逐	常見固定片語 jockey for position（爭奪有利位置），比喻用法常見於商業或政治語境。	The candidates jockeyed for position ahead of the debate.	候選人在辯論前爭相搶佔有利位置。
journal	noun	noun	a periodical publication, especially a scholarly one, or a personal diary	期刊；日誌；日記	常見 an academic journal（學術期刊）；也可指個人書寫的日記本，如 keep a journal。	She has kept a journal since she was a teenager.	她從青少年時期就開始寫日記。
journalism	noun	noun	the activity or profession of writing for newspapers, magazines, or news websites, or preparing news to be broadcast	新聞業；新聞寫作	常見 investigative journalism（調查性新聞報導），泛指從事新聞蒐集與撰寫的專業領域。	She studied journalism at university before working for a major newspaper.	她在大學主修新聞學，之後進入一家大報社工作。
journalist	noun	noun	a person who writes for newspapers, magazines, or news websites, or prepares news to be broadcast	記者	常見 a freelance journalist（自由記者）、an investigative journalist（調查記者）。	The journalist interviewed several witnesses at the scene.	這名記者在現場採訪了好幾位目擊者。
judgement	noun	noun	the ability to make considered decisions, or a formal decision made by a court	判斷（力）；（法院的）判決	英式拼法，美式常用 judgment；常見 use good judgement（做出明智的判斷）、a court judgement。	The judge delivered his judgement after a lengthy trial.	法官在經過漫長審判後做出了判決。
judicial	adjective	adjective	relating to a court of law, judgment, or the administration of justice	司法的；審判的	常見 the judicial system（司法體系）、judicial review（司法審查），語氣正式，屬法律專業用語。	The case will now proceed through the judicial system.	這起案件現在將進入司法體系審理。
judicious	adjective	adjective	having, showing, or done with good judgment or sense; sensible and wise	明智的；審慎的	常修飾決策或選擇，如 a judicious decision（明智的決定），語氣正面，強調深思熟慮後的合理判斷。	The company made a judicious choice by investing in employee training.	這家公司投資員工培訓，是一個明智的選擇。
jumble	verb	verb	to mix things together in a confused or disorganized way	使雜亂混雜；使混亂	常見被動語態 be jumbled together，如 the papers were jumbled on the desk（文件在桌上亂七八糟地堆著）。	Her thoughts were jumbled after the long, stressful day.	經過漫長又緊張的一天，她的思緒變得混亂不堪。
jumble	noun	noun	a confused mixture of things	雜亂的一堆；混雜物	常見 a jumble of wires（雜亂纏繞的電線），也可比喻思緒或情緒的混亂。	The drawer was full of a jumble of old keys and coins.	抽屜裡裝滿了一堆雜亂的舊鑰匙和硬幣。
junction	noun	noun	a point where two or more things, especially roads or railway lines, join or meet	交叉點；交會處；（公路或鐵路的）交流道	常見 a road junction（道路交會處）；英式英語常見於高速公路出口編號，如 Junction 5。	Turn left at the next junction to reach the highway.	在下一個交會處左轉即可抵達高速公路。
jungle	noun	noun	a dense tropical forest with abundant vegetation, or (figuratively) a chaotic or ruthlessly competitive environment	叢林；（比喻）弱肉強食的環境	常見 the Amazon jungle（亞馬遜叢林）；比喻用法如 concrete jungle（水泥叢林，指擁擠的城市）、a corporate jungle。	The explorers ventured deep into the dense jungle.	探險家們深入這片茂密的叢林。
junk	noun	noun	old or discarded items regarded as useless or of little value	廢棄物；垃圾；沒用的東西	口語常用，如 clean out the junk in the garage（清理車庫裡的雜物）；junk food 指垃圾食物。	The garage was full of old junk that needed to be thrown away.	車庫裡堆滿了需要丟掉的舊雜物。
jurisdiction	noun	noun	the official power to make legal decisions or judgments, or the geographic area within which such authority applies	司法管轄權；管轄範圍	常見 fall under the jurisdiction of（屬於……的管轄範圍），法律用語，正式且精確。	The case falls outside the court's jurisdiction.	這起案件不在該法院的管轄範圍內。
jurisprudence	noun	noun	the theory or philosophy of law	法理學；法學理論	學術用語，常見 the study of jurisprudence（法理學研究），日常口語極少使用。	He wrote his dissertation on the jurisprudence of human rights.	他的論文寫的是人權法理學。
jury	noun	noun	a group of people sworn to give a verdict in a legal case, or a panel that judges a competition	陪審團；（比賽的）評審團	法律語境常見 the jury reached a verdict（陪審團做出裁決）；也可指比賽評審，如 a panel of judges/jury。	The jury deliberated for three days before reaching a verdict.	陪審團經過三天的審議後做出了裁決。
justifiable	adjective	adjective	able to be shown to be right or reasonable	有正當理由的；可辯護的	常見 justifiable force（有正當理由使用的武力），法律或倫理語境常用，強調行為合理有據。	Self-defense is generally considered a justifiable use of force.	正當防衛通常被視為合理使用武力的正當理由。
justification	noun	noun	a good reason or explanation for an action or belief	正當理由；辯解	常見 without justification（毫無正當理由地）、in justification of（為……辯護）。	He offered no justification for his sudden resignation.	他對自己突然的辭職沒有提出任何合理的解釋。
justify	verb	verb	to show or prove that something is right, reasonable, or necessary	證明……是正當的；為……辯護	常接名詞或子句，如 justify a decision（為決定辯護），語氣正式。	She struggled to justify the high cost of the renovation.	她很難證明這次翻修的高昂費用是合理的。
juvenile	adjective	adjective	relating to young people, or (of behavior) childish and immature	少年的；未成年的；幼稚的	常見 juvenile delinquency（青少年犯罪）；也可形容成年人幼稚的行為，如 juvenile behavior。	The court handles cases of juvenile delinquency separately.	法院會分開處理青少年犯罪案件。
juvenile	noun	noun	a young person, especially one who is not yet legally an adult	未成年人；少年	法律用語，常見 tried as a juvenile（以未成年人身分受審），與 adult 相對。	The suspect, a juvenile, was tried in a separate court.	這名嫌疑人因是未成年人，在另一個法庭受審。
keen	adjective	adjective	having or showing eagerness or enthusiasm, or (of the senses) sharp and perceptive	熱切的；渴望的；（感官）敏銳的	常接 on，如 keen on the idea（很喜歡這個點子）；也可形容感官敏銳，如 keen eyesight。	She is keen on learning new languages.	她很熱衷於學習新的語言。
keen	noun	noun	a loud wailing cry expressing grief, especially at a funeral	哀悼的哭嚎聲（尤指葬禮上）	此用法源自愛爾蘭傳統喪禮習俗，日常口語罕見，多見於文學或民俗文化描述。	The mourners let out a keen as the coffin was lowered.	棺木下葬時，哀悼者發出了悲嚎聲。
kettle	noun	noun	a container with a spout, used for boiling water	水壺；茶壺	常見 an electric kettle（電熱水壺），日常生活用品，常見於廚房脈絡。	She put the kettle on to make a cup of tea.	她把水壺放上去燒水泡茶。
kidney	noun	noun	either of a pair of organs in the body that filter waste from the blood and produce urine	腎臟	醫學用語，常見 kidney failure（腎衰竭）、kidney stones（腎結石）。	He was diagnosed with a kidney stone after severe back pain.	他因劇烈背痛而被診斷出患有腎結石。
kindergarten	noun	noun	a school or class for young children, typically between ages four and six	幼兒園；幼稚園	常見 start kindergarten（開始上幼兒園），教育體系中通常是小學前的階段。	Her daughter will start kindergarten in the fall.	她女兒秋天將開始上幼兒園。
kinetic	adjective	adjective	relating to or resulting from motion	運動的；動能的	物理學用語，常見 kinetic energy（動能），與 potential energy（位能）相對。	The roller coaster converts potential energy into kinetic energy as it descends.	雲霄飛車下降時會將位能轉換成動能。
kingdom	noun	noun	a country or territory ruled by a king or queen, or a realm or domain	王國；（比喻的）領域	常見 the animal kingdom（動物界），比喻用法非常常見，指某個特定的範疇或分類系統。	Lions are often called the kings of the animal kingdom.	獅子常被稱為動物界之王。
knead	verb	verb	to work dough or clay with the hands by pressing and folding it	揉（麵團或黏土）	烹飪或工藝用語，常見 knead the dough（揉麵團），描述反覆按壓摺疊的動作。	She kneaded the dough for ten minutes before letting it rise.	她揉了十分鐘的麵團，然後讓它發酵。
knot	noun	noun	a fastening made by looping and tying a piece of string or rope, or a unit of speed for ships	（繩子的）結；（船速單位）節	常見 tie a knot（打結）；航海用語中 knot 也指船速單位，如 the ship traveled at 20 knots。	He tied a tight knot to secure the rope.	他打了個緊實的結來固定這條繩子。
label	noun	noun	a piece of paper, fabric, or other material attached to an object to give information about it	標籤	常見 a warning label（警告標籤）、a price label（價格標籤）；也可指音樂唱片公司，如 a record label。	Always read the label before taking any medication.	服用任何藥物前，務必先閱讀標籤上的說明。
lace	noun	noun	a delicate fabric made with open patterns of thread, or a cord used to fasten shoes	蕾絲；花邊；鞋帶	常見 lace curtains（蕾絲窗簾）；也指鞋帶，如 tie your shoelaces。	The wedding dress was trimmed with delicate lace.	這件婚紗以精緻的蕾絲花邊點綴。
lace	verb	verb	to fasten something with laces, or to add a small amount of alcohol or another substance to a drink	用帶子繫緊；在飲料中摻入（酒或藥物）	常見 lace up shoes（繫緊鞋帶）；也可指偷偷在飲料中摻入東西，如 lace a drink with alcohol，帶負面意味。	He laced up his boots before heading out into the snow.	他繫緊靴子上的鞋帶，準備出門走進雪地。
laconic	adjective	adjective	using very few words; terse or concise	簡潔的；言簡意賅的	常修飾說話方式，如 a laconic reply（簡短的回答），語氣書面正式，強調惜字如金的風格。	His laconic response gave little away about his true feelings.	他簡潔的回應幾乎沒有透露出他真正的感受。
laity	noun	noun	ordinary members of a religious organization, as distinct from its clergy	（宗教中的）平信徒；非神職人員	宗教語境常見詞彙，與 clergy（神職人員）相對，日常口語極少使用。	The reforms gave the laity a greater role in church decisions.	這些改革讓平信徒在教會決策中擁有更大的角色。
lance	verb	verb	to pierce or cut open, especially a boil or abscess, with a sharp instrument	（用尖銳器具）刺穿；切開（膿腫）	醫學用語，常見 lance a boil（切開膿包），語氣中性技術性。	The doctor lanced the infected wound to drain the pus.	醫生切開了這個感染的傷口，把膿液引流出來。
landmark	noun	noun	a recognizable feature of a landscape or town, or an event marking an important stage of development	地標；里程碑（事件）	常見 a famous landmark（著名地標）；比喻用法如 a landmark decision（具有里程碑意義的決定）。	The Eiffel Tower is one of the most famous landmarks in the world.	艾菲爾鐵塔是世界上最著名的地標之一。
landscape	noun	noun	a large area of countryside, especially in terms of its visual appearance, or an overview of a situation or field	風景；地貌；（產業或情勢的）全貌	常見 a beautiful landscape（美麗的風景）；比喻用法如 the political landscape（政治局勢）。	The article discusses the changing landscape of the tech industry.	這篇文章討論了科技產業不斷變化的全貌。
languid	adjective	adjective	displaying or having a disinclination for physical exertion or effort; slow and relaxed	慵懶的；無精打采的	常修飾 mood、movement 等，如 a languid afternoon（慵懶的午後），語氣中性偏文學。	They spent a languid afternoon reading by the pool.	他們在泳池邊度過了一個慵懶的午後閱讀時光。
lapse	noun	noun	a brief or temporary failure of memory, judgment, or a standard, or a period of time that passes	（記憶或判斷的）短暫失誤；（時間的）流逝；（合約等的）失效	常見 a lapse in judgment（一時的判斷失誤）；也可指保單或合約的過期失效。	He apologized for the momentary lapse in judgment.	他為那一時的判斷失誤道了歉。
lapse	verb	verb	to fail to maintain a standard or condition, especially gradually, or (of a contract or right) to become invalid due to disuse	（逐漸）失效；（合約等）過期作廢	常見 lapse into silence（陷入沉默）；也指保單、會員資格等因未續約而失效。	Her gym membership lapsed after she stopped paying the monthly fee.	她停止繳交月費後，健身房會員資格就失效了。
laser	noun	noun	a device that produces an intense, focused beam of light	雷射	科技或醫療用語，常見 laser surgery（雷射手術）、laser printer（雷射印表機）。	The surgeon used a laser to perform the delicate eye operation.	外科醫生用雷射進行了這項精細的眼科手術。
lash	noun	noun	an eyelash, or a stroke with a whip	睫毛；鞭打	常見 false lashes（假睫毛）；也可指鞭刑的一擊，如 receive ten lashes。	She applied mascara to make her lashes look longer.	她塗了睫毛膏，讓睫毛看起來更長。
lash	verb	verb	to hit forcefully with a whip or similar object, or to fasten something tightly with rope	鞭打；用繩索緊緊捆綁	常見 lash something to a mast（把某物綁在桅杆上）；比喻用法如 lash out（突然發怒或攻擊）。	The sailors lashed the cargo to the deck before the storm hit.	水手們在暴風雨來襲前把貨物綁在甲板上。
latch	noun	noun	a device for holding a door or gate closed, typically operated by a bar and lever	門閂；鎖扣	常見 lift the latch（掀開門閂），描述簡單的門窗鎖具結構。	She lifted the latch and pushed the gate open.	她掀開門閂，推開了大門。
latch	verb	verb	to fasten something with a latch, or (informally) to become firmly attached to an idea or person	用門閂扣上；（口語）緊緊依附（想法或人）	常見固定片語 latch on to（緊抓住、依附），口語用法比字面「扣上門閂」更常見。	The child latched on to the new idea immediately.	這個孩子立刻就緊緊抓住了這個新想法。
lately	adverb	adverb	in the recent past; recently	最近；近來	常見 have you been well lately?（你最近好嗎？），常與現在完成式連用。	I haven't seen much of her lately.	我最近不太常見到她。
laud	verb	verb	to praise someone or something highly	讚揚；頌揚	語氣正式書面，常用被動語態 be lauded for，強調公開高度的讚美，比 praise 更正式。	The scientist was lauded for her groundbreaking research.	這位科學家因其開創性的研究而備受讚揚。
laudable	adjective	adjective	deserving praise and commendation	值得讚揚的；值得稱道的	常修飾 effort、goal 等，如 a laudable effort（值得讚揚的努力），語氣正式且正面。	Her laudable efforts to help the homeless earned widespread admiration.	她為協助遊民所做的值得讚揚的努力，贏得了廣泛的敬佩。
laundry	noun	noun	clothes and linens that need to be washed, or the place where washing is done	待洗（或洗好）的衣物；洗衣店	常見 do the laundry（洗衣服）、a laundry basket（洗衣籃）。	She spent Sunday morning doing the laundry.	她週日早上都在洗衣服。
lavish	adjective	adjective	sumptuously rich, elaborate, or luxurious	奢華的；豐盛的	常見 a lavish party（奢華的派對）、lavish praise（過度的讚美）。	They threw a lavish wedding with hundreds of guests.	他們舉辦了一場有數百位賓客的奢華婚禮。
lavish	verb	verb	to give something in generous or extravagant amounts	大方給予；揮霍地給予	常接 on，如 lavish attention on someone（對某人傾注大量關注）。	Grandparents often lavish gifts on their grandchildren.	祖父母經常大方地送禮物給孫子女。
lawn	noun	noun	an area of ground covered with grass, kept mowed short	草坪	常見 mow the lawn（修剪草坪），日常生活用語，多見於庭院或公園描述。	He spends every Saturday mowing the lawn.	他每個星期六都在修剪草坪。
lawsuit	noun	noun	a legal action brought by one party against another in a court of law	訴訟；官司	法律用語，常見 file a lawsuit（提起訴訟），日常口語也常簡稱 sue someone。	The company filed a lawsuit against its former business partner.	這家公司對前生意夥伴提起了訴訟。
layer	noun	noun	a sheet, quantity, or thickness of material covering a surface, or one level of a structure or process	層；一層	常見 a layer of dust（一層灰塵）、multiple layers of security（多層安全措施）。	The cake had three layers of chocolate sponge.	這個蛋糕有三層巧克力海綿蛋糕。
layout	noun	noun	the way in which the parts of something are arranged or set out	布局；版面設計	常見 the layout of a room（房間的布局）、page layout（頁面版面），設計或建築語境常用。	The magazine's new layout makes it easier to read.	這本雜誌的新版面設計讓閱讀更方便。
leaflet	noun	noun	a printed sheet of paper, often folded, giving information or advertising something	傳單；宣傳單	常見 hand out leaflets（發放傳單），常用於宣傳或說明用途。	Volunteers distributed leaflets about the upcoming event.	志工們發放了關於即將到來的活動的傳單。
leak	noun	noun	a hole or crack that allows liquid or gas to escape, or an unauthorized disclosure of secret information	漏洞；洩漏（機密資訊）	常見 a gas leak（瓦斯外洩）；比喻用法如 a security leak（安全機密外洩）。	The plumber quickly fixed the leak under the sink.	水管工很快修好了水槽下方的漏水。
lean	adjective	adjective	thin and healthy-looking, without excess fat, or (of an organization) efficient with minimal waste	精瘦的；（組織）精簡高效的	常見 lean meat（瘦肉）；商業語境也指 lean management（精實管理），強調效率與少浪費。	Athletes often maintain a lean physique through strict diet and training.	運動員通常透過嚴格的飲食和訓練來維持精瘦的體格。
lean	verb	verb	to be in or move into a sloping position; to rely on or incline toward something	傾斜；倚靠；傾向於（某觀點）	常接 against/on，如 lean against the wall（靠著牆）；比喻用法如 lean toward a decision（傾向某個決定）。	She leaned against the doorframe while waiting for the bus.	她靠在門框上等公車。
leap	noun	noun	a big jump, or a sudden and significant change or increase	跳躍；（重大的）躍進	常見 a leap of faith（憑信念的躍進）；也可指數量或程度的顯著提升，如 a leap in sales。	Sales made a huge leap after the new product launch.	新產品上市後，銷售額有了巨大的躍進。
leap	verb	verb	to jump a long way, to a great height, or with great force	跳躍；躍過	常接 over，如 leap over a fence；比喻用法如 leap to conclusions（妄下結論）。	The cat leaped over the fence in one smooth motion.	那隻貓一個流暢的動作就跳過了圍籬。
lease	noun	noun	a contract by which one party conveys property to another for a specified time, usually for rent	租約；租賃契約	常見 sign a lease（簽訂租約），法律或商業語境常用，指明確期限的租賃合約。	They signed a two-year lease on the apartment.	他們簽了這間公寓兩年的租約。
lease	verb	verb	to grant or take property, especially land or a building, on lease	出租；租賃	及物動詞，常接 property 作受詞，如 lease an office space（租用一間辦公室）。	The company decided to lease office space downtown.	這家公司決定在市中心租用辦公空間。
leather	noun	noun	material made from the skin of an animal, used for clothing, furniture, or other items	皮革	常見 leather jacket（皮夾克）、genuine leather（真皮），常見於服飾或家具語境。	He bought a stylish leather jacket for the winter.	他為冬天買了一件時髦的皮夾克。
leather	verb	verb	to cover or line something with leather	用皮革覆蓋（或包覆）	較少見用法，多見於家具或裝訂工藝相關描述。	The craftsman leathered the chair seats by hand.	這位工匠用手工為椅座包上了皮革。
legacy	noun	noun	something handed down from a predecessor, or money or property left to someone in a will	（前人留下的）遺產；影響；（遺囑中的）遺贈	常見 leave a lasting legacy（留下持久的影響），比字面遺產更常見比喻用法。	His research left a lasting legacy in the field of medicine.	他的研究在醫學領域留下了持久的影響。
legend	noun	noun	a traditional story regarded as historical but not verified, or a person who is very famous and admired	傳說；傳奇（人物）	常見 an urban legend（都市傳說）；也可指備受推崇的名人，如 a sports legend（體育傳奇人物）。	He is considered a legend in the world of jazz music.	他被視為爵士樂界的傳奇人物。
legendary	adjective	adjective	described in legends, or extremely famous and admired	傳說中的；傳奇性的；極負盛名的	常見 a legendary musician（傳奇音樂家），語氣正面，強調享有盛名且備受推崇。	The restaurant is legendary for its spicy noodles.	這家餐廳以辣麵聞名遐邇。
legislature	noun	noun	the branch of government responsible for making laws	立法機構；立法部門	政治學用語，常見 state legislature（州立法機構），與行政、司法部門並列討論。	The state legislature passed a new education bill.	州立法機構通過了一項新的教育法案。
leisure	noun	noun	free time available for relaxation or activities of one's own choosing	休閒；空閒時間	常見 leisure activities（休閒活動）、at your leisure（有空時、不趕時間地）。	She enjoys reading and gardening in her leisure time.	她喜歡在休閒時間閱讀和從事園藝。
lender	noun	noun	a person or institution that lends money	放款人；貸方	金融用語，常見 a mortgage lender（房貸放款機構），與 borrower（借款人）相對。	The lender required proof of income before approving the loan.	這家放款機構在核准貸款前要求提供收入證明。
lengthy	adjective	adjective	very long, especially in duration	冗長的；漫長的	常修飾 meeting、process，如 a lengthy discussion（冗長的討論），常帶輕微負面意味。	The negotiations were lengthy and often tense.	這場談判過程冗長，而且經常氣氛緊張。
lenient	adjective	adjective	permissive or tolerant; not strict or harsh	寬容的；寬大的	常見 a lenient punishment（從輕的處罰），與 strict（嚴格的）相對。	The judge was criticized for handing down a lenient sentence.	這位法官因判處輕刑而受到批評。
lens	noun	noun	a piece of glass or transparent material used to focus light, or a way of viewing or interpreting something	透鏡；鏡頭；（觀點的）視角	常見 a camera lens（相機鏡頭）；比喻用法如 view something through a different lens（用不同的視角看待某事）。	She viewed the situation through the lens of her own experience.	她透過自身經驗的視角來看待這個情況。
lethal	adjective	adjective	sufficient to cause death; extremely dangerous	致命的；有殺傷力的	常見 a lethal dose（致命劑量）、a lethal weapon（致命武器），語氣強烈正式。	The snake's venom is lethal if not treated immediately.	這種蛇的毒液若不立即治療會致命。
lexical	adjective	adjective	relating to the words or vocabulary of a language	詞彙的；與詞彙有關的	語言學用語，常見 lexical knowledge（詞彙知識），較為專業，日常口語少用。	The course focuses on expanding students' lexical range.	這門課程著重於擴展學生的詞彙量。
liability	noun	noun	the state of being legally responsible for something, or a person or thing that causes problems or disadvantage	（法律上的）責任；負債；累贅	法律及財務用語，常見 limited liability（有限責任）；也可指造成麻煩的人或事，如 he's a liability to the team。	The company faces liability for damages caused by the defective product.	這家公司必須為瑕疵產品所造成的損害負起法律責任。
liaison	noun	noun	communication or cooperation between people or organizations, or a person who facilitates this	聯絡；聯繫；（負責溝通協調的）聯絡人	常見 a liaison officer（聯絡官）；也指部門間的協調溝通，如 maintain close liaison with。	She serves as the liaison between the marketing and engineering teams.	她擔任行銷與工程團隊之間的聯絡人。
liberal	adjective	adjective	open to new behavior or opinions and willing to discard traditional values, or generous in giving or spending	開明的；自由派的；慷慨大方的	常見 liberal views（開明的觀點）；政治語境指自由派立場，與 conservative（保守派）相對。	She holds fairly liberal views on social issues.	她在社會議題上抱持相當開明的觀點。
liberal	noun	noun	a person who holds liberal political or social views	自由派人士	政治語境常用，指主張社會改革、個人自由的政治立場者，與 conservative 相對。	The debate featured both liberals and conservatives.	這場辯論邀請了自由派和保守派人士。
liberty	noun	noun	the state of being free from oppressive restrictions; freedom	自由；自由權	常見 personal liberty（個人自由）、take the liberty of doing something（擅自做某事）。	The revolution was fought in the name of liberty and equality.	這場革命是以自由與平等之名而發起的。
librarian	noun	noun	a person who works in or manages a library	圖書館員	常見於教育或圖書館語境，如 ask the librarian for help（向圖書館員求助）。	The librarian helped her find the right books for her research.	圖書館員幫助她找到了適合研究用的書籍。
lick	noun	noun	an act of licking, or a small amount of something	舔（的動作）；一點點（分量）	常見 a lick of paint（一層薄薄的油漆），口語用法，強調少量或簡短的動作。	The room just needs a lick of paint to look fresh.	這個房間只需要刷上一層薄薄的油漆就能煥然一新。
lick	verb	verb	to pass the tongue over something	舔	及物動詞，常接受詞，如 lick an ice cream cone（舔冰淇淋甜筒）。	The dog licked its paws after the walk.	散步後，這隻狗舔了舔自己的爪子。
likelihood	noun	noun	the state of being likely or probable; probability	可能性；發生機率	常見 in all likelihood（很有可能地）、the likelihood of success（成功的可能性）。	In all likelihood, the meeting will be postponed until next week.	這場會議很有可能會延到下週舉行。
liken	verb	verb	to compare someone or something to another, pointing out a resemblance	把……比作	常接 to，如 liken something to something else，語氣書面正式，常見於文學或評論性文字。	Critics have likened her writing style to that of a famous novelist.	評論家把她的寫作風格比作某位著名小說家。
likewise	adverb	adverb	in the same way; also	同樣地；也	常用於承接前句，表示相同的行為或情況，如 do likewise（照樣做），語氣正式書面。	He apologized for the mistake, and his colleague did likewise.	他為這個錯誤道了歉，他的同事也照做了。
limb	noun	noun	an arm or leg of a person or four-legged animal, or a large branch of a tree	（人或動物的）肢；（樹的）主枝	常見 lose a limb（失去一肢）；也指樹木的大枝幹，如 a tree limb fell during the storm。	The tree lost a large limb during the windstorm.	這棵樹在暴風中掉落了一根大樹枝。
limestone	noun	noun	a sedimentary rock composed mainly of calcium carbonate, used in building	石灰岩	地質學用語，常見於建材脈絡，如 limestone quarry（石灰岩採石場）。	The ancient temple was built entirely from limestone blocks.	這座古老的寺廟完全由石灰岩石塊建造而成。
limitation	noun	noun	a restriction on the size, extent, or amount of something, or a weakness or shortcoming	限制；侷限	常見 recognize one's limitations（認清自己的侷限），語氣中性，可指外在規則或內在能力的限制。	Every method has its limitations when applied to real-world data.	每種方法在應用於現實世界的資料時都有其侷限性。
limp	adjective	adjective	lacking firmness or strength; not stiff	鬆軟無力的；軟弱的	常修飾 handshake、posture 等，如 a limp handshake（軟弱無力的握手），語氣帶輕微負面。	His limp handshake gave the impression that he lacked confidence.	他軟弱無力的握手給人一種缺乏自信的印象。
limp	verb	verb	to walk with difficulty because of an injury to a leg or foot	跛行；一瘸一拐地走	常見於描述受傷後的行走方式，如 limp across the finish line。	He limped off the field after twisting his ankle.	他扭傷腳踝後一瘸一拐地離開了球場。
linear	adjective	adjective	arranged in or resembling a straight line, or (of a process) following a clear, step-by-step order	線性的；直線的；按部就班的	常見 a linear equation（線性方程式）；比喻用法如 a linear career path（按部就班的職涯路徑）。	The story follows a linear narrative from beginning to end.	這個故事按照直線敘事，從頭到尾依序展開。
linen	noun	noun	fabric woven from flax fibers, or household items such as sheets and tablecloths made from this or similar material	亞麻布；（統稱）床單桌布等織品	常見 bed linen（床單被套），日常生活用語，常見於家居描述。	She changed the linen on the bed before her guests arrived.	客人抵達前，她換好了床單。
linger	verb	verb	to stay in a place longer than necessary, or (of a feeling or smell) to persist	逗留；（氣味或感覺）揮之不去	常見 linger over dinner（吃晚餐時逗留較久）；比喻用法如 the smell lingered in the room。	The scent of her perfume lingered long after she left.	她離開後，她的香水味依然久久縈繞不散。
linguistic	adjective	adjective	relating to language or the study of language	語言的；語言學的	常見 linguistic diversity（語言多樣性）、linguistic analysis（語言學分析）。	The region is known for its rich linguistic diversity.	這個地區以豐富的語言多樣性聞名。
liquid	noun	noun	a substance that flows freely and takes the shape of its container	液體	常見 a clear liquid（透明的液體），科學或日常語境皆常用，與 solid、gas 相對。	Water is a liquid at room temperature.	水在室溫下是液體。
liquor	noun	noun	strong distilled alcoholic drinks	（烈）酒；蒸餾酒	美式英語常用，常見 hard liquor（烈酒）、a liquor store（酒類專賣店）。	He rarely drinks liquor, preferring wine or beer instead.	他很少喝烈酒，比較喜歡喝葡萄酒或啤酒。
literacy	noun	noun	the ability to read and write, or knowledge and competence in a particular area	識字（能力）；（特定領域的）素養	常見 digital literacy（數位素養）、financial literacy（財務素養），常用於教育語境。	The program aims to improve literacy rates among adults.	這項計畫旨在提高成人的識字率。
literally	adverb	adverb	in a literal manner or sense; word for word	照字面意義地；確實地	常用來強調某事真實發生（非誇飾），如 literally true；口語中也常被誤用來加強語氣（雖非嚴謹用法）。	The bridge collapsed, and cars literally fell into the river.	這座橋倒塌了，車輛真的掉進了河裡。
literary	adjective	adjective	relating to literature or the writing, study, or appreciation of literature	文學的；文學性的	常見 literary criticism（文學評論）、a literary award（文學獎），與通俗作品相對，強調藝術性或學術性。	She has a strong interest in literary fiction.	她對文學小說有著濃厚的興趣。
literate	adjective	adjective	able to read and write, or knowledgeable and educated in a particular area	能讀寫的；識字的；有素養的	常見 computer literate（懂電腦的），與 illiterate（不識字的）相對。	The program helps adults become literate in basic reading and writing.	這項計畫幫助成人具備基本的讀寫能力。
literate	noun	noun	a person who is able to read and write	識字的人	名詞用法較少見，多見於統計或社會學語境，如 the number of literates in a population。	The survey measured the number of literates in rural communities.	這項調查估計了農村社區中識字者的人數。
litigation	noun	noun	the process of taking legal action in court	訴訟（程序）	法律用語，常見 avoid litigation（避免訴訟），常用於商業糾紛或法律爭議的語境。	The two companies settled the dispute without going to litigation.	這兩家公司未經訴訟就解決了這場爭議。
liver	noun	noun	a large organ in the body that processes nutrients and filters toxins from the blood	肝臟	醫學用語，常見 liver disease（肝病）、liver function（肝功能）。	Excessive alcohol consumption can damage the liver.	過量飲酒會損害肝臟。
livestock	noun	noun	animals kept on a farm for use or profit, such as cattle, sheep, or pigs	牲畜；家畜	農業用語，常見 raise livestock（飼養牲畜），不可數名詞。	The farmer raises livestock, including cattle and sheep.	這位農夫飼養牲畜，包括牛和羊。
load	noun	noun	a heavy or bulky thing being carried or transported, or the amount of work or responsibility one has	負載；重擔；（工作的）負荷量	常見 a heavy load（沉重的負擔）；比喻用法如 workload（工作量）。	The truck was carrying a heavy load of construction materials.	這輛卡車載著沉重的建築材料。
lobby	noun	noun	a large entrance hall in a building, or a group seeking to influence legislation	大廳；（施加政治影響力的）遊說團體	常見 hotel lobby（飯店大廳）；政治語境指利益團體，如 the gun lobby（槍枝遊說團體）。	They waited in the hotel lobby for their friends to arrive.	他們在飯店大廳等朋友抵達。
lobby	verb	verb	to seek to influence a politician or public official on an issue	遊說（政治人物或官員）	政治用語，常接 for，如 lobby for stricter regulations（遊說要求更嚴格的法規）。	Environmental groups lobbied the government for stronger climate policies.	環保團體遊說政府制定更強而有力的氣候政策。
lobster	noun	noun	a large marine crustacean with a hard shell and claws, often eaten as food	龍蝦	常見於海鮮料理語境，如 lobster tail（龍蝦尾），也指這種生物本身。	They ordered grilled lobster for their anniversary dinner.	他們在週年紀念晚餐點了烤龍蝦。
locality	noun	noun	an area or neighborhood, especially with regard to its inhabitants or a particular feature	地區；當地	常見 in this locality（在這個地區），語氣正式，常見於地理或行政脈絡。	Crime rates vary significantly depending on the locality.	犯罪率因地區不同而有顯著差異。
locally	adverb	adverb	in or to a particular area; not widely	在當地；於本地	常見 grown locally（在地種植）、shop locally（在地消費），強調地理範圍侷限於附近。	The vegetables sold at the market are grown locally.	市場上販售的蔬菜都是在地種植的。
locate	verb	verb	to discover the exact place or position of something, or to situate or place something	找出……的位置；使坐落於	常見 locate a file（找到一個檔案）；也可指設立地點，如 the factory is located in the north。	The rescue team managed to locate the missing hikers.	救援隊成功找到了失蹤的登山客。
locker	noun	noun	a small compartment or cabinet, usually lockable, for storing personal items	置物櫃；儲物櫃	常見 a gym locker（健身房置物櫃）、a school locker（學校置物櫃）。	He kept his gym clothes in a locker at the fitness center.	他把健身服裝放在健身中心的置物櫃裡。
locomotive	noun	noun	a powered vehicle used for pulling trains along a railway	火車頭；機車	常見 a steam locomotive（蒸汽火車頭），鐵路工程或歷史語境常用。	The museum displays an old steam locomotive from the 1900s.	這座博物館展出了一輛來自 1900 年代的老式蒸汽火車頭。
locomotive	adjective	adjective	relating to movement or the ability to move from place to place	運動的；有移動能力的（較正式或科學用語）	較少見用法，多見於生物學或醫學語境，描述生物移動的能力，如 locomotive ability。	Researchers studied the locomotive ability of the injured animal.	研究人員研究了這隻受傷動物的移動能力。
lodge	noun	noun	a small house or cabin, especially one used for a particular purpose, such as a hunting or ski lodge	小屋；（特定用途的）度假屋	常見 a ski lodge（滑雪小屋），常指位於偏遠地區的度假或休閒住所。	They stayed at a cozy lodge in the mountains for the weekend.	他們週末住在山上一間舒適的小屋裡。
lofty	adjective	adjective	of imposing height, or (of ideas or aims) exalted and noble	高聳的；崇高的（理想或目標）	常見 lofty goals（崇高的目標）；也可形容建築高聳，語氣書面正式。	She has lofty ambitions to become a world-renowned scientist.	她懷有成為世界知名科學家的崇高抱負。
logic	noun	noun	reasoning conducted according to strict principles of validity, or the underlying rationale behind something	邏輯；邏輯思維；（決策背後的）道理	常見 by that logic（照這種邏輯來看）、the logic behind a decision（決策背後的邏輯）。	I don't understand the logic behind this new policy.	我不明白這項新政策背後的邏輯。
logical	adjective	adjective	following the rules of logic; reasonable and sensible	合乎邏輯的；合理的	常見 a logical conclusion（合乎邏輯的結論），與 illogical（不合邏輯的）相對。	It seems like the logical next step would be to test the product.	接下來合乎邏輯的步驟似乎應該是測試這項產品。
lone	adjective	adjective	solitary; without other people or things present	孤獨的；單獨的	常修飾單一的人或物，如 a lone survivor（唯一的倖存者），語氣中性偏文學。	A lone figure stood at the edge of the cliff.	一個孤獨的身影站在懸崖邊。
longevity	noun	noun	long life, or the length of time something lasts or continues	長壽；持久性	常見 increase longevity（延長壽命），也可指產品或事物的耐用性，如 the longevity of a product。	Regular exercise is linked to greater longevity.	規律運動與更長的壽命有關。
loom	noun	noun	a device used for weaving thread or yarn into cloth	織布機	工藝或紡織用語，常見於傳統手工藝描述，如 a wooden loom。	She learned to weave on a traditional wooden loom.	她學會了在傳統的木製織布機上織布。
loom	verb	verb	to appear as a large, indistinct, and often threatening shape, or (of an event) to be imminent and worrying	（模糊而具威脅性地）隱約出現；（令人擔憂地）迫近	常見 a crisis looms（危機迫近），比喻用法非常普遍，強調即將發生且令人不安。	A recession seemed to loom on the horizon.	一場經濟衰退似乎正迫近眼前。
loop	noun	noun	a shape produced by a curve that bends around and crosses itself, or a repeated sequence	環；圈；（重複的）循環	常見 a feedback loop（回饋循環）；口語 keep someone in the loop（讓某人隨時知情）。	Please keep me in the loop about any updates.	若有任何最新消息，請讓我隨時知道。
loose	adjective	adjective	not firmly fixed in place; not tight	鬆的；寬鬆的；不緊的	常見 a loose screw（鬆脫的螺絲）、loose clothing（寬鬆的衣服），與 tight（緊的）相對。	One of the chair's legs felt loose.	這張椅子的一隻腳感覺鬆動了。
loosen	verb	verb	to make or become less tight or firmly fixed	鬆開；放鬆	常見 loosen a knot（鬆開一個結）；比喻用法如 loosen restrictions（放寬限制）。	He loosened his tie after the long meeting.	冗長的會議結束後，他鬆開了領帶。
loquacious	adjective	adjective	tending to talk a great deal; very talkative	多話的；喋喋不休的	語氣書面，與 garrulous 相似，但 loquacious 較常帶中性甚至正面意味，強調健談。	The loquacious tour guide entertained the group with endless stories.	這位健談的導遊用源源不絕的故事逗樂了整個團隊。
lottery	noun	noun	a game of chance in which numbered tickets are drawn at random for prizes, or a matter determined by chance	樂透彩；（比喻）碰運氣的事	常見 win the lottery（中樂透）；比喻用法如 life is a lottery（人生充滿變數）。	He dreams of winning the lottery someday.	他夢想著有一天能中樂透。
lounge	noun	noun	a room for relaxing, such as in a home, hotel, or airport	休息室；起居室	常見 an airport lounge（機場貴賓室）、a living room lounge（客廳），依語境不同略有差異。	They relaxed in the hotel lounge before checking in.	他們在辦理入住前，先在飯店的休息室休息片刻。
lounge	verb	verb	to sit, lie, or stand in a relaxed manner	懶洋洋地躺（或坐）著	常接 around，如 lounge around all day（整天懶洋洋地待著），語氣輕鬆隨意。	They spent the afternoon lounging by the pool.	他們整個下午都懶洋洋地躺在泳池邊。
