lemma	sense	pos	definitionEn	definitionZh	usageExplanationZh	exampleEn	exampleZh	collocations
productivity	noun	noun	the rate at which goods or services are produced, especially in relation to the resources used	生產力；生產效率	常見搭配 increase/boost productivity、labor productivity；多用於經濟、職場情境，強調產出與投入的比例。	The new software boosted the team's productivity significantly.	這款新軟體大幅提升了團隊的生產力。	[{"text":"increase productivity","meaningZh":"提升生產力"}]
profession	noun	noun	an occupation requiring specialized education and training, especially one regarded as respectable	專業；職業	指需要專門訓練或證照的職業，如醫生、律師；常見 by profession（就職業而言）。	She is a lawyer by profession.	她的職業是律師。	[{"text":"the legal profession","meaningZh":"法律界"}]
proffer	verb	verb	to offer something for someone to accept	提供；提議	正式用語，較 offer 更書面；常接建議、意見或協助等抽象事物。	He proffered his resignation after the scandal.	醜聞爆發後，他提出了辭呈。	[{"text":"proffer advice","meaningZh":"提供建議"}]
proficient	adjective	adjective	competent or skilled in doing something	精通的；熟練的	常搭配 in/at，如 proficient in French；強調經訓練後達到的熟練程度。	She is proficient in three languages.	她精通三種語言。	[{"text":"proficient in English","meaningZh":"精通英語"}]
profile	noun	noun	a brief written description of someone's or something's notable characteristics	簡介；概述	常見 a profile of + 人/機構，或 social media profile（社群帳號檔案）。	The magazine published a profile of the rising young chef.	這本雜誌刊登了一篇關於這位新銳主廚的簡介。	[{"text":"a company profile","meaningZh":"公司簡介"}]
profligate	adjective	adjective	recklessly wasteful, especially with money	揮霍無度的；奢侈浪費的	常修飾 spending、lifestyle；語氣帶批評，指毫無節制地花費金錢。	The company's profligate spending led to its bankruptcy.	這家公司揮霍無度的花費最終導致破產。	[{"text":"profligate spending","meaningZh":"揮霍無度的開支"}]
profound	adjective	adjective	very great or intense; having deep insight or meaning	深遠的；深刻的	可修飾情感、影響或思想，如 profound effect、profound insight，語氣正式。	The book had a profound influence on her thinking.	這本書對她的思想產生了深遠的影響。	[{"text":"a profound impact","meaningZh":"深遠的影響"}]
prognosis	noun	noun	a doctor's judgment about the likely course of a disease	預後；病情預測	醫學用語，指對疾病未來發展的專業判斷；亦可比喻用於預測經濟情勢等。	The doctor gave him a favorable prognosis after the surgery.	手術後醫生對他的預後表示樂觀。	[{"text":"a favorable prognosis","meaningZh":"良好的預後"}]
progressive	adjective	adjective	favoring new ideas, reform, or gradual social change	進步的；改革派的	常修飾 policy、party，指支持社會改革或現代化的立場，與 conservative 相對。	The city adopted progressive policies on public transportation.	這座城市在大眾運輸方面採取了進步的政策。	[{"text":"progressive policies","meaningZh":"進步的政策"}]
prohibit	verb	verb	to formally forbid something by law or rule	禁止	正式用語，常用被動 be prohibited from doing something，或 prohibit smoking 等。	Smoking is prohibited inside the building.	大樓內禁止吸菸。	[{"text":"prohibit someone from doing something","meaningZh":"禁止某人做某事"}]
projectile	noun	noun	an object that is thrown or launched through the air, especially as a weapon	發射物；拋射物	多見於物理或軍事語境，指子彈、飛彈等被發射出去的物體。	The catapult launched the projectile over the castle wall.	投石機將發射物射過了城牆。	[{"text":"fire a projectile","meaningZh":"發射拋射物"}]
projection	noun	noun	an estimate or forecast of a future situation based on current trends	預測；推算	常見 sales projection、population projection，指依現有數據推估未來的結果。	The company's sales projection for next year looks promising.	公司對明年銷售額的預測看起來相當樂觀。	[{"text":"sales projections","meaningZh":"銷售預測"}]
proliferate	verb	verb	to increase rapidly in number or spread quickly	激增；擴散	常用於描述問題、資訊或物種快速增加，如 weapons proliferate、rumors proliferate。	Fake news has proliferated on social media in recent years.	近年來假新聞在社群媒體上迅速擴散。	[{"text":"cells proliferate rapidly","meaningZh":"細胞迅速增殖"}]
prolong	verb	verb	to make something last longer	延長	常接 life、meeting、agony 等，強調使某事持續更久的時間。	The medication helped prolong her life by several years.	這種藥物幫助她延長了好幾年的壽命。	[{"text":"prolong the agony","meaningZh":"延長痛苦"}]
prominent	adjective	adjective	important or well-known; noticeable or conspicuous	卓越的；顯眼的	可指人（知名人士）或物（明顯的特徵），如 prominent figure、prominent nose。	He is a prominent scientist in the field of genetics.	他是遺傳學領域中一位卓越的科學家。	[{"text":"a prominent figure","meaningZh":"知名人物"}]
promoter	noun	noun	a person who organizes or provides financial backing for an event	主辦人；發起人	常見於演唱會、拳賽等活動的組織者，強調負責籌辦與宣傳。	The boxing promoter arranged the championship fight in Las Vegas.	這位拳賽主辦人在拉斯維加斯安排了冠軍賽。	[{"text":"a concert promoter","meaningZh":"演唱會主辦人"}]
prompt	verb_cause	verb	to cause someone to do something or to make something happen	促使；引發	常接 sb to do sth，表示某事件引發某人行動或某結果發生。	The scandal prompted the CEO to resign.	這起醜聞促使執行長辭職。	[{"text":"prompt someone to act","meaningZh":"促使某人採取行動"}]
prompt	noun	noun	a cue given to a performer, or a symbol on a computer screen indicating readiness to receive input	提示；提詞	日常語境指演員的提詞，電腦科學語境指命令列的提示符號，如 command prompt。	The actor forgot his lines and needed a prompt from backstage.	演員忘詞了，需要後台人員提詞。	[{"text":"a command prompt","meaningZh":"命令提示字元"}]
promulgate	verb	verb	to make a law or decree widely known officially	頒布；公布	正式用語，多用於法律或政策的正式公告，常見 promulgate a law/decree。	The new regulations were promulgated last month.	這項新法規上個月正式頒布。	[{"text":"promulgate a new law","meaningZh":"頒布新法律"}]
prone	adjective	adjective	likely to suffer from or do something undesirable	容易發生……的；有……傾向的	常見 prone to + N/Ving，如 accident-prone、prone to error，表示某種傾向性。	He is prone to making careless mistakes under pressure.	他在壓力下容易犯粗心的錯誤。	[{"text":"prone to errors","meaningZh":"容易出錯的"}]
proof	noun	noun	evidence or an argument establishing a fact or the truth of a statement	證據；證明	常見 proof of purchase、burden of proof；強調足以證實某事為真的具體證據。	She asked for proof of his identity before letting him in.	她要求出示身分證明才讓他進入。	[{"text":"proof of identity","meaningZh":"身分證明"}]
prop	noun	noun	an object used to support or hold something up, or an item used in a play or film	支柱；道具	日常語境指支撐物；戲劇、電影語境則指道具，如 stage props。	The actors rehearsed with real props on the set.	演員們在片場用真實道具進行排練。	[{"text":"a wooden prop","meaningZh":"木製支柱"},{"text":"stage props","meaningZh":"舞臺道具"}]
propaganda	noun	noun	information, especially biased or misleading, used to promote a political cause or viewpoint	宣傳	帶負面意涵，指刻意扭曲事實以影響大眾觀點的訊息，常見於政治語境。	The regime used propaganda to control public opinion.	該政權利用宣傳來控制輿論。	[{"text":"political propaganda","meaningZh":"政治宣傳"}]
propagation	noun	noun	the spreading of something, such as an idea, belief, or plant species, to a wider area	傳播；繁殖	可指生物繁殖（如植物）或抽象概念的擴散，如 propagation of ideas。	The propagation of invasive species has harmed the local ecosystem.	外來物種的繁殖已對當地生態系統造成傷害。	[{"text":"plant propagation","meaningZh":"植物繁殖"}]
propel	verb	verb	to drive or push something forward	推進；推動	常接受詞為交通工具或抽象事物，如 propel a boat、propel someone to success。	The engine propels the boat through the water.	引擎推動船隻在水中前進。	[{"text":"propel someone to success","meaningZh":"推動某人邁向成功"}]
propensity	noun	noun	a natural tendency to behave in a particular way	傾向；癖好	常見 propensity for/to，語氣較正式，多描述性格或行為上的固有傾向。	He has a propensity for taking unnecessary risks.	他有冒不必要風險的傾向。	[{"text":"a propensity for violence","meaningZh":"暴力傾向"}]
prophetic	adjective	adjective	accurately predicting future events	預言的；有先見之明的	常見於描述某言論或著作後來被證實準確，如 prophetic warning。	Her warnings about the market crash proved prophetic.	她對市場崩盤的警告後來證實有先見之明。	[{"text":"prophetic words","meaningZh":"預言般的話語"}]
propitious	adjective	adjective	favorable or likely to result in success	吉利的；順利的	正式用語，常見 propitious time/moment，指有利於成功的時機或情況。	It was a propitious time to launch the new product.	這是推出新產品的絕佳時機。	[{"text":"a propitious moment","meaningZh":"有利的時機"}]
proponent	noun	noun	a person who advocates for a particular cause or theory	支持者；提倡者	常見 a proponent of + 理論/政策，強調積極為某主張辯護或推廣的人。	She is a leading proponent of renewable energy.	她是再生能源的主要提倡者之一。	[{"text":"a proponent of reform","meaningZh":"改革的支持者"}]
proposition	noun	noun	a statement or suggestion put forward for consideration, especially in business	提議；主張	常見 business proposition，也可指邏輯上可判斷真偽的命題（較正式語境）。	He made a business proposition that could double our profits.	他提出了一個可能讓我們獲利翻倍的商業提議。	[{"text":"a business proposition","meaningZh":"商業提案"}]
proprietary	adjective	adjective	relating to an owner or ownership, especially of a trademarked product or technology	專有的；私有的	常修飾 software、technology，指受版權或商標保護、由特定公司擁有的產品。	The company uses proprietary software to manage its inventory.	這家公司使用專有軟體來管理庫存。	[{"text":"proprietary software","meaningZh":"專有軟體"}]
proprietor	noun	noun	the owner of a business, especially a shop or hotel	所有人；老闆	多指小型商店、餐廳或旅館的業主，語氣較 owner 正式。	The proprietor of the bakery greeted every customer by name.	這家麵包店的老闆會親自叫出每位顧客的名字打招呼。	[{"text":"the proprietor of a shop","meaningZh":"商店老闆"}]
prosaic	adjective	adjective	lacking imagination or excitement; dull	平淡乏味的；散文式的	常修飾 life、style，指缺乏想像力或詩意，與 poetic 相對。	He led a rather prosaic life in the suburbs.	他在郊區過著相當平淡乏味的生活。	[{"text":"a prosaic explanation","meaningZh":"平淡無奇的解釋"}]
prose	noun	noun	written or spoken language in its ordinary form, without metrical structure	散文	與 poetry（詩）相對，指沒有韻律規則的一般文字寫作形式。	The novel is written in simple, elegant prose.	這部小說以簡潔優雅的散文寫成。	[{"text":"write in prose","meaningZh":"以散文形式寫作"}]
prosecute	verb	verb	to bring a criminal charge against someone in a court of law	起訴；告發	法律用語，常用被動 be prosecuted for，強調正式提出刑事指控。	He was prosecuted for tax evasion.	他因逃稅而被起訴。	[{"text":"prosecute someone for fraud","meaningZh":"以詐欺罪起訴某人"}]
prosecution	noun	noun	the institution and carrying out of legal proceedings against a defendant	起訴；公訴	法律用語，也可指檢方一方（the prosecution），與 the defense 相對。	The prosecution presented strong evidence against the defendant.	公訴方提出了對被告不利的有力證據。	[{"text":"criminal prosecution","meaningZh":"刑事起訴"}]
prospect	noun	noun	the possibility or likelihood of something happening in the future	前景；可能性	常見 job prospects、future prospects，多用複數形式描述未來的機會或展望。	Her job prospects improved after she earned the certification.	取得證照後，她的求職前景有所改善。	[{"text":"the prospect of success","meaningZh":"成功的可能性"}]
prospective	adjective	adjective	expected or likely to happen or become something in the future	未來的；可能的	常修飾 buyer、employer、student，指尚未確定但可能成為某身分的人。	The real estate agent showed the house to prospective buyers.	房地產仲介向潛在買家展示了這棟房子。	[{"text":"prospective customers","meaningZh":"潛在顧客"}]
prosperity	noun	noun	the state of being successful, especially financially	繁榮；興盛	常見 economic prosperity，指整體經濟或生活狀況的富足與成功。	The country enjoyed decades of peace and prosperity.	這個國家享有數十年的和平與繁榮。	[{"text":"economic prosperity","meaningZh":"經濟繁榮"}]
protein	noun	noun	an essential nutrient made of amino acids, found in foods such as meat, eggs, and beans	蛋白質	營養學常見詞彙，指身體組織生長修復所需的基本營養素。	Eating enough protein is important for muscle recovery.	攝取足夠的蛋白質對肌肉恢復很重要。	[{"text":"a source of protein","meaningZh":"蛋白質來源"}]
protocol	noun	noun	a set of official or formal rules governing behavior, or a system of rules for data exchange	協定；禮儀規範	外交場合指正式禮儀規則；科技語境則指資料傳輸的技術規範，如 internet protocol。	Diplomats must follow strict protocol during state visits.	外交官在國事訪問期間必須遵守嚴格的禮儀規範。	[{"text":"diplomatic protocol","meaningZh":"外交禮儀"},{"text":"a communication protocol","meaningZh":"通訊協定"}]
prototype	noun	noun	an original model on which later versions are based, especially of a machine or product	原型	常見於工程、產品開發語境，指正式量產前製作的初步模型。	The engineers tested the prototype before mass production.	工程師在量產前先測試了原型機。	[{"text":"a working prototype","meaningZh":"可運作的原型"}]
provenance	noun	noun	the place of origin or history of an object, especially of a work of art	來源；出處	常見於藝術品鑑定語境，指作品的來歷與所有權歷史紀錄。	The painting's provenance was traced back to a 17th-century collector.	這幅畫的來源被追溯到一位十七世紀的收藏家。	[{"text":"establish the provenance","meaningZh":"查明來源"}]
province	noun	noun	an administrative division of a country, or an area of responsibility or expertise	省；領域；職權範圍	地理上指行政區劃；引申義指某人的專業領域，如 that's not my province。	Taxation policy falls within the province of the finance ministry.	稅務政策屬於財政部的職權範圍。	[{"text":"a coastal province","meaningZh":"沿海省分"},{"text":"within the province of","meaningZh":"在……的職權範圍內"}]
provincial	adjective	adjective	having limited or narrow-minded views, typical of people from rural areas	偏狹的；土氣的	帶輕微貶意，形容人思想狹隘、不見多識廣，也可單純指「省的、地方的」。	His provincial attitude made him resistant to new ideas.	他偏狹的態度讓他抗拒新的想法。	[{"text":"a provincial outlook","meaningZh":"狹隘的眼光"}]
provisional	adjective	adjective	arranged or agreed on a temporary basis, subject to later confirmation	暫時的；臨時的	常見 provisional government、provisional agreement，強調尚未正式定案。	A provisional government was formed after the election dispute.	選舉爭議之後，成立了一個臨時政府。	[{"text":"a provisional agreement","meaningZh":"臨時協議"}]
provoke	verb	verb	to cause a strong reaction, especially anger, or to deliberately annoy someone	激起；挑釁	常接 anger、reaction 等抽象名詞，或指故意惹怒他人使其反應。	His comments provoked outrage among the audience.	他的言論激起了聽眾的憤怒。	[{"text":"provoke a reaction","meaningZh":"引發反應"}]
prowl	verb	verb	to move around quietly and stealthily, especially while hunting or looking for something	潛行；徘徊尋找	常用於描述動物覓食或人四處遊蕩伺機而動，帶有隱密、警戒的意味。	A tiger was seen prowling near the village at night.	夜裡有人看見一隻老虎在村莊附近潛行。	[{"text":"prowl the streets","meaningZh":"在街上徘徊尋找"}]
proximity	noun	noun	nearness in space, time, or relationship	接近；鄰近	常見 in close proximity to，強調空間或關係上的靠近程度。	The hotel's proximity to the airport makes it convenient for travelers.	這家飯店靠近機場，對旅客來說相當方便。	[{"text":"in close proximity to","meaningZh":"緊鄰……"}]
prudence	noun	noun	careful and sensible behavior, especially in managing money or making decisions	審慎；謹慎	正式用語，常見於財務或決策語境，強調小心考量後果。	Financial prudence helped the family save for retirement.	財務上的審慎讓這個家庭得以為退休存錢。	[{"text":"exercise prudence","meaningZh":"行事審慎"}]
prudent	adjective	adjective	acting with care and thought for the future; sensible	審慎的；明智的	常修飾 decision、investment，強調基於長遠考量而做出的明智選擇。	It would be prudent to save some money for emergencies.	為緊急狀況預留一些存款會是明智之舉。	[{"text":"a prudent decision","meaningZh":"審慎的決定"}]
psalm	noun	noun	a sacred song or poem of praise, especially one from the Book of Psalms in the Bible	聖詩；詩篇	多指《舊約聖經》〈詩篇〉中的宗教詩歌，常用於禮拜或讚美儀式。	The congregation sang a psalm before the sermon began.	會眾在講道開始前唱了一首詩篇。	[{"text":"sing a psalm","meaningZh":"唱聖詩"}]
psychiatric	adjective	adjective	relating to the diagnosis and treatment of mental illness	精神病學的；精神科的	常修飾 hospital、treatment、disorder，屬醫學正式用語，與 psychological 不同，後者較廣泛指心理層面。	He was admitted to a psychiatric hospital after the breakdown.	他在精神崩潰後被送進了精神科醫院。	[{"text":"psychiatric treatment","meaningZh":"精神科治療"}]
psychologist	noun	noun	a person who studies or specializes in the science of the mind and behavior	心理學家	指以心理學為專業的人，須與 psychiatrist（精神科醫師，可開藥）區分。	The psychologist helped her work through her anxiety.	這位心理學家協助她克服了焦慮。	[{"text":"a clinical psychologist","meaningZh":"臨床心理師"}]
psychology	noun	noun	the scientific study of the human mind and its functions	心理學	學術領域名稱；也可口語指某人或某群體的「心理狀態」，如 team psychology。	She is majoring in psychology at university.	她在大學主修心理學。	[{"text":"developmental psychology","meaningZh":"發展心理學"}]
publication	noun	noun	a book, magazine, or other printed work made available to the public	出版品；刊物	可數名詞，指具體的書刊；不可數時指出版這項行為，如 the publication of the report。	The scientific journal is a respected academic publication.	這份科學期刊是備受敬重的學術出版品。	[{"text":"an academic publication","meaningZh":"學術刊物"}]
publicity	noun	noun	public attention or media coverage given to someone or something	公開報導；宣傳	不可數名詞，常見 get publicity、bad publicity；多指媒體曝光而非刻意的廣告宣傳。	The film received a lot of publicity before its release.	這部電影上映前受到了大量的媒體報導。	[{"text":"generate publicity","meaningZh":"引起媒體關注"}]
puddle	noun	noun	a small pool of liquid, especially rainwater, on the ground	水坑；小水窪	常見 rain puddle；日常用語，指路面積水形成的小水池。	The children jumped in puddles after the storm.	暴風雨過後，孩子們在水坑裡跳來跳去。	[{"text":"a puddle of water","meaningZh":"一灘水"}]
puerile	adjective	adjective	childish and silly in a way that is inappropriate for an adult	幼稚的；孩子氣的	帶負面含意，形容成年人的行為或言論不成熟，比 childish 語氣更正式且更貶意。	His puerile jokes annoyed the other guests at the dinner party.	他幼稚的笑話讓晚宴上的其他賓客感到厭煩。	[{"text":"puerile jokes","meaningZh":"幼稚的笑話"}]
pugnacious	adjective	adjective	eager or quick to argue or fight	好鬥的；好戰的	形容人個性或言論帶有攻擊性，常修飾 attitude、manner。	The senator was known for his pugnacious debating style.	這位參議員以好鬥的辯論風格聞名。	[{"text":"a pugnacious attitude","meaningZh":"好鬥的態度"}]
pulse	noun	noun	the regular beating of blood through the arteries, felt especially at the wrist or neck	脈搏	醫學及日常用語，常見 take/feel someone's pulse；也可比喻指事物的節奏或動態，如 the pulse of the city。	The nurse checked the patient's pulse every hour.	護理師每小時檢查一次病人的脈搏。	[{"text":"take someone's pulse","meaningZh":"替某人量脈搏"}]
pummel	verb	verb	to hit someone repeatedly, especially with the fists	連續猛擊；痛打	口語用法，強調重複、有力的擊打動作，常用於描述拳打或比喻猛烈攻擊（如媒體抨擊）。	The boxer pummeled his opponent in the final round.	這位拳擊手在最後一回合痛打了對手。	[{"text":"pummel someone with your fists","meaningZh":"用拳頭連續猛擊某人"}]
pump	noun	noun	a device used to move liquid or gas from one place to another, or to force air into something	幫浦；抽水機；打氣筒	常見 water pump、bicycle pump；也可作動詞 pump water/air，表示用幫浦輸送或加壓。	The gas station has several pumps for different fuel types.	這座加油站有好幾個不同油種的加油幫浦。	[{"text":"a water pump","meaningZh":"抽水幫浦"}]
pumpkin	noun	noun	a large round orange fruit with a thick shell, often used in cooking or as a Halloween decoration	南瓜	常見於萬聖節裝飾（jack-o'-lantern）或秋季料理，如 pumpkin pie。	They carved a pumpkin for Halloween.	他們雕刻了一顆南瓜來過萬聖節。	[{"text":"pumpkin pie","meaningZh":"南瓜派"}]
punch	noun	noun	a quick, hard blow with a closed fist	拳擊；一拳	常見 throw a punch、a punch in the face；也可作動詞 punch someone，指用拳頭擊打。	He landed a punch square on his opponent's jaw.	他一拳正中對手的下巴。	[{"text":"throw a punch","meaningZh":"揮拳"}]
punctilious	adjective	adjective	very careful and precise about details, especially rules of behavior	一絲不苟的；拘泥細節的	常修飾 person、attention to detail，語氣正式，強調近乎苛求的謹慎與規矩。	She was punctilious about following office etiquette.	她對遵守辦公室禮儀一絲不苟。	[{"text":"punctilious about etiquette","meaningZh":"非常講究禮節"}]
puncture	noun	noun	a small hole made by a sharp object, especially in a tire	刺孔；戳破的洞	常見 tire puncture，也可作動詞 puncture a tire/balloon，表示戳破、刺穿。	He got a puncture on his bike tire during the ride.	他騎車途中，腳踏車輪胎被戳破了一個洞。	[{"text":"a tire puncture","meaningZh":"輪胎破孔"}]
pungent	adjective	adjective	having a sharp, strong smell or taste	刺激性的；辛辣的	常修飾 smell、odor、taste，形容味道或氣味濃烈刺鼻，如 garlic's pungent aroma。	The pungent smell of garlic filled the kitchen.	廚房裡瀰漫著大蒜刺鼻的氣味。	[{"text":"a pungent smell","meaningZh":"刺鼻的氣味"}]
puny	adjective	adjective	small and weak, especially in a way that seems inadequate	瘦弱的；微不足道的	常帶輕視語氣，形容身體弱小或力量、規模不足，如 puny effort。	His puny arms could barely lift the box.	他瘦弱的手臂幾乎抬不動那個箱子。	[{"text":"a puny effort","meaningZh":"微不足道的努力"}]
purchase	noun	noun	something bought, or the act of buying something	購買；購買的物品	常見 make a purchase；也可作動詞 purchase something，語氣比 buy 正式。	She was happy with her new purchase.	她對自己新買的東西感到滿意。	[{"text":"make a purchase","meaningZh":"購買"},{"text":"proof of purchase","meaningZh":"購買證明"}]
pure	adjective	adjective	not mixed with anything else; complete and total	純的；純粹的	常修飾物質（pure gold）或抽象程度（pure luck），強調不含雜質或百分之百的性質。	The necklace is made of pure gold.	這條項鍊是純金打造的。	[{"text":"pure gold","meaningZh":"純金"},{"text":"pure coincidence","meaningZh":"純屬巧合"}]
purport	verb	verb	to claim to be or do something, especially when this may not be true	聲稱；意圖是	常見 purport to be/do，語氣帶懷疑，暗示所聲稱的內容可能不實。	The document purports to be an official government report.	這份文件聲稱是一份官方政府報告。	[{"text":"purport to be","meaningZh":"聲稱是"}]
pursue	verb	verb	to follow or work toward achieving a goal, career, or activity over time	追求；從事	常接抽象受詞，如 pursue a career、pursue happiness，強調長期投入努力達成目標。	She decided to pursue a career in medicine.	她決定投身醫學這項職業。	[{"text":"pursue a career in","meaningZh":"從事……方面的職業"}]
pursuit	noun	noun	an activity that someone spends time on, especially for pleasure; the act of chasing something	追求的活動；愛好；追逐	常見 leisure pursuits（休閒活動）或 in pursuit of（追求某事）。	Gardening is one of her favorite pursuits.	園藝是她最喜愛的休閒活動之一。	[{"text":"in pursuit of","meaningZh":"追求"},{"text":"leisure pursuits","meaningZh":"休閒活動"}]
putative	adjective	adjective	generally believed or assumed to be the case, though not proven	據稱的；推定的	正式、法律語境常見，如 putative father，指未經證實但普遍被認定的身分或事實。	He is the putative author of the anonymous letter.	他被推定是這封匿名信的作者。	[{"text":"the putative cause","meaningZh":"推定的原因"}]
puzzle	noun	noun	a game or problem designed to test ingenuity or knowledge	謎題；拼圖	常見 jigsaw puzzle、crossword puzzle；也可指令人困惑不解的情況。	She spent the afternoon working on a jigsaw puzzle.	她花了一整個下午拼拼圖。	[{"text":"a jigsaw puzzle","meaningZh":"拼圖"}]
pyramid	noun	noun	a large stone structure with a square base and four triangular sides, especially those built in ancient Egypt	金字塔	常指埃及古蹟；也可比喻指組織架構，如 pyramid scheme（老鼠會、金字塔騙局）。	Tourists from around the world visit the pyramids of Egypt.	來自世界各地的遊客造訪埃及的金字塔。	[{"text":"the Egyptian pyramids","meaningZh":"埃及金字塔"}]
qualification	noun	noun	a skill, quality, or official record that makes someone suitable for a job or task	資格；條件	常見 job qualifications、academic qualifications，指達成某職位或任務所需的能力或證明。	A teaching qualification is required for this position.	這個職位需要教師資格。	[{"text":"academic qualifications","meaningZh":"學歷"}]
qualify	verb	verb	to have the right skills or meet the requirements needed for something	取得資格；具備資格	常見 qualify for/as，如 qualify for a loan、qualify as a doctor。	She qualified as a lawyer after passing the bar exam.	她通過律師考試後取得了律師資格。	[{"text":"qualify for a grant","meaningZh":"符合補助申請資格"},{"text":"qualify as a teacher","meaningZh":"取得教師資格"}]
qualitative	adjective	adjective	relating to the nature or quality of something rather than its quantity	性質上的；定性的	常與 quantitative 相對，用於研究方法語境，如 qualitative research（質性研究）。	The study used qualitative research methods, such as interviews.	這項研究採用了質性研究方法，例如訪談。	[{"text":"qualitative research","meaningZh":"質性研究"}]
quantitative	adjective	adjective	relating to or measured by quantity or amount	數量上的；定量的	與 qualitative 相對，強調可用數字衡量的資料，如 quantitative analysis（量化分析）。	The report relies heavily on quantitative data from surveys.	這份報告大量依賴問卷調查的量化資料。	[{"text":"quantitative analysis","meaningZh":"定量分析"}]
quantity	noun	noun	an amount or number of something, especially one that can be measured	數量；量	常見 a large/small quantity of，強調可測量或計算的「量」，與 quality（品質）相對。	The factory produces a large quantity of goods each day.	這家工廠每天生產大量商品。	[{"text":"in large quantities","meaningZh":"大量地"}]
quantum	noun	noun	the smallest possible discrete amount of a physical property, or a required amount or portion	量子；量	物理學術語（quantum physics）；日常用語中也可指「一定的量」，如 a quantum of truth。	Quantum theory revolutionized our understanding of physics.	量子理論徹底改變了我們對物理學的理解。	[{"text":"a quantum of energy","meaningZh":"一個能量量子"}]
quarantine	noun	noun	a period of isolation imposed on people or animals to prevent the spread of disease	隔離；檢疫	常見 put someone in quarantine；也可作動詞 quarantine a patient，指強制隔離以防疾病傳播。	The travelers were placed in quarantine for two weeks.	這些旅客被隔離檢疫了兩週。	[{"text":"in quarantine","meaningZh":"處於隔離中"}]
quarry	verb	verb	to dig stone, sand, or other material out of the ground	開採（石材等）	常接 stone、marble 等受詞，指從地表挖掘石材；名詞則指採石場。	Workers quarried marble from the hillside.	工人們從山坡上開採大理石。	[{"text":"quarry stone","meaningZh":"開採石材"}]
quash	verb	verb	to officially reject a legal decision, or to stop something forcefully	撤銷（判決）；鎮壓	法律語境指撤銷判決（quash a conviction）；一般語境則指強力平息（quash a rumor/rebellion）。	The appeals court quashed his conviction.	上訴法院撤銷了他的定罪判決。	[{"text":"quash a conviction","meaningZh":"撤銷定罪"}]
queasy	adjective	adjective	feeling as if you are going to vomit, or feeling uneasy about something	反胃的；不安的	常見 feel queasy，可指生理上的噁心想吐，也可比喻指心理上的不安、緊張。	The rough boat ride made her feel queasy.	船隻顛簸的航程讓她感到反胃。	[{"text":"feel queasy","meaningZh":"覺得反胃"}]
quell	verb	verb	to stop or suppress something, especially a feeling or a disturbance	平息；壓制	常接 fear、rebellion、rumor 等，語氣正式，指用力量或行動使某事平息下來。	The government sent troops to quell the uprising.	政府派遣軍隊鎮壓了這場暴動。	[{"text":"quell a rebellion","meaningZh":"平息叛亂"},{"text":"quell fears","meaningZh":"消除恐懼"}]
querulous	adjective	adjective	complaining a lot in an irritable or whining way	愛抱怨的；牢騷滿腹的	形容人習慣性地抱怨、語氣不滿，常修飾 tone、voice。	The querulous old man complained about everything at dinner.	這位愛抱怨的老人在晚餐時對每件事都有意見。	[{"text":"a querulous tone","meaningZh":"牢騷滿腹的口氣"}]
query	noun	noun	a question, especially one expressing doubt or requesting information	疑問；詢問	常見 a query about，也可作動詞 query something，表示對某事提出質疑或詢問。	He sent a query to customer support about his order.	他向客服提出了關於訂單的詢問。	[{"text":"raise a query","meaningZh":"提出疑問"}]
quest	noun	noun	a long search for something that is difficult to find, often for a specific purpose	追尋；探索	常見 quest for + N，如 quest for knowledge/truth，語氣帶有史詩、冒險色彩。	Her quest for the perfect recipe took years.	她追尋完美食譜的過程花了好幾年。	[{"text":"a quest for knowledge","meaningZh":"對知識的追求"}]
questionable	adjective	adjective	not certain to be true, appropriate, or of good quality; possibly wrong or dishonest	可疑的；有問題的	常修飾 decision、ethics、quality，表示對某事的正當性或真實性有所質疑。	The company's accounting practices were highly questionable.	這家公司的會計作法非常可疑。	[{"text":"questionable motives","meaningZh":"可疑的動機"}]
questionnaire	noun	noun	a set of written questions used to collect information from people	問卷	常見 fill out a questionnaire，指用於調查或研究的書面問題表。	Participants were asked to complete a questionnaire about their eating habits.	參與者被要求填寫一份關於飲食習慣的問卷。	[{"text":"fill out a questionnaire","meaningZh":"填寫問卷"}]
queue	noun	noun	a line of people or vehicles waiting for something	隊伍；排隊	英式用語（美式常用 line）；電腦科學語境中則指等待處理的工作序列。	We had to wait in a long queue to buy tickets.	我們必須排一條長長的隊伍才能買到票。	[{"text":"join the queue","meaningZh":"加入隊伍"}]
quilt	noun	noun	a warm bed covering made of two layers of fabric with soft material stitched between them	棉被；被子	常見 patchwork quilt（拼布被），強調手工縫製、有厚度的寢具，與薄毯 blanket 不同。	Her grandmother made her a beautiful patchwork quilt.	她的祖母為她做了一床美麗的拼布被。	[{"text":"a patchwork quilt","meaningZh":"拼布被"}]
quip	noun	noun	a short, clever, and amusing remark	妙語；俏皮話	常見 make a quip，強調簡短機智、帶點諷刺幽默的話語。	He made a witty quip that had everyone laughing.	他說了一句機智的妙語，逗得大家哈哈大笑。	[{"text":"make a quip","meaningZh":"說一句俏皮話"}]
quixotic	adjective	adjective	having idealistic goals that are impractical or unlikely to succeed	不切實際的；空想的	源自唐吉軻德（Don Quixote），形容理想過於浪漫但脫離現實，常修飾 plan、pursuit。	His quixotic plan to reform the entire industry alone was doomed to fail.	他企圖獨自改革整個產業的不切實際計畫注定會失敗。	[{"text":"a quixotic quest","meaningZh":"不切實際的追求"}]
quota	noun	noun	an official limit on the number or amount of something that is allowed	限額；配額	常見 import quota、sales quota，指官方或組織設定的數量上限或目標。	The company set a monthly sales quota for each employee.	公司為每位員工設定了每月的銷售配額。	[{"text":"an import quota","meaningZh":"進口配額"}]
quotation	noun	noun	a sentence or phrase taken from a book or speech, or an official price estimate for a job	引文；報價	兩義：文學／演講中的引用語句；商業語境中承包商或供應商提供的價格估算。	He began his speech with a quotation from Lincoln.	他以林肯的一句話作為演講的開場引文。	[{"text":"request a quotation","meaningZh":"索取報價"},{"text":"a quotation from a speech","meaningZh":"演說的引文"}]
quote	verb	verb	to repeat exactly what someone else has said or written	引述；引用	常接 sb as saying、quote from a book；也可作名詞 a quote，指引文或報價。	She quoted a famous line from Shakespeare in her essay.	她在文章中引用了莎士比亞的一句名言。	[{"text":"quote someone verbatim","meaningZh":"逐字引述某人的話"}]
rack	noun	noun	a frame or structure with bars or hooks used for holding or storing things	架子；擱架	常見 towel rack、luggage rack；片語 rack one's brains 指絞盡腦汁。	He hung his coat on the rack by the door.	他把外套掛在門邊的架子上。	[{"text":"a luggage rack","meaningZh":"行李架"}]
radar	noun	noun	a system that uses radio waves to detect the position and speed of objects such as aircraft	雷達	科技用語，也常見比喻用法 on/off someone's radar，指是否受到注意或關注。	The plane was tracked by radar throughout its flight.	這架飛機全程都受到雷達追蹤。	[{"text":"on the radar","meaningZh":"受到關注"},{"text":"radar detection","meaningZh":"雷達偵測"}]
radiation	noun	noun	energy given off in the form of waves or particles, especially from radioactive substances or the sun	輻射	常見 nuclear radiation、solar radiation；醫學語境中也指放射治療 radiation therapy。	Workers wore protective suits to avoid radiation exposure.	工人穿上防護衣以避免接觸輻射。	[{"text":"exposure to radiation","meaningZh":"接觸輻射"},{"text":"radiation therapy","meaningZh":"放射治療"}]
radical	adjective	adjective	favoring extreme or fundamental change, especially in politics or society	激進的；根本的	常修飾 change、reform、idea，也可修飾人（radical politician），與 moderate 相對。	The new government introduced radical reforms to the tax system.	新政府對稅制推行了激進的改革。	[{"text":"radical change","meaningZh":"根本的改變"},{"text":"radical reform","meaningZh":"徹底改革"}]
raffle	noun	noun	a way of raising money by selling numbered tickets, some of which win prizes	抽獎	常見 raffle ticket，多用於募款活動；與 lottery 類似但通常規模較小、獎品非現金。	They held a raffle to raise money for the school.	他們舉辦了一場抽獎活動為學校募款。	[{"text":"a raffle ticket","meaningZh":"抽獎券"},{"text":"hold a raffle","meaningZh":"舉辦抽獎"}]
rafter	noun	noun	one of the sloping beams that support a roof	椽木；屋樑	建築用語，指支撐屋頂的斜向樑木；片語 the rafters 可比喻指屋內高處（as if to bring down the rafters）。	The old barn's rafters were exposed, giving it a rustic look.	這座老穀倉外露的椽木讓它顯得別有一番鄉村風味。	[{"text":"roof rafters","meaningZh":"屋頂椽木"},{"text":"packed to the rafters","meaningZh":"擠得滿滿的"}]
rage	noun	noun	violent, uncontrollable anger	盛怒；狂怒	常見 fly into a rage、road rage；程度比 anger 更激烈、失控。	He was in a blind rage after hearing the news.	聽到這個消息後，他陷入了盲目的盛怒之中。	[{"text":"fly into a rage","meaningZh":"勃然大怒"},{"text":"road rage","meaningZh":"路怒症"}]
raid	noun	noun	a sudden attack on a place, especially by police or armed forces	突襲；搜查	常見 police raid、air raid；也可作動詞 raid a building，指出其不意地闖入搜查或攻擊。	Police conducted a raid on the suspected drug house.	警方對這間疑似毒窟的房子展開了突襲搜查。	[{"text":"a police raid","meaningZh":"警方突襲搜查"},{"text":"an air raid","meaningZh":"空襲"}]
rail	noun	noun	a horizontal bar, especially one used as part of a fence, track, or support	欄杆；鐵軌	常見 handrail、guardrail、by rail（搭火車）；片語 go off the rails 指行為脫序、失控。	Hold onto the rail as you go down the stairs.	下樓梯時請扶好欄杆。	[{"text":"by rail","meaningZh":"搭火車"},{"text":"a hand rail","meaningZh":"扶手欄杆"}]
rainbow	noun	noun	an arc of different colors that appears in the sky when sunlight shines through rain	彩虹	日常用語，也常象徵希望或多樣性，如 rainbow flag。	A beautiful rainbow appeared after the rain stopped.	雨停之後，天空出現了一道美麗的彩虹。	[{"text":"a rainbow appears","meaningZh":"出現彩虹"},{"text":"all the colours of the rainbow","meaningZh":"五彩繽紛的色彩"}]
rally	noun	noun	a large public meeting held to support a cause, or a significant recovery in strength, price, or spirits	集會；反彈	常見 political rally（政治集會）或 stock market rally（股市反彈），指群眾聚集或情勢好轉。	Thousands attended the rally to protest the new policy.	數千人參加了這場抗議新政策的集會。	[{"text":"a political rally","meaningZh":"政治集會"},{"text":"a stock market rally","meaningZh":"股市反彈"}]
ramp	noun	noun	a sloped surface connecting two different levels	斜坡；坡道	常見 wheelchair ramp、highway ramp；片語 ramp up 指急遽增加或加強（作動詞片語）。	The building has a ramp for wheelchair access.	這棟建築設有供輪椅使用的斜坡道。	[{"text":"a wheelchair ramp","meaningZh":"輪椅坡道"},{"text":"an access ramp","meaningZh":"出入坡道"}]
rampage	verb	verb	to move around in a wild, violent, and uncontrolled way	橫衝直撞；狂暴行動	常見 go on a rampage，指人或動物失控地破壞、攻擊，語氣強烈。	The bull rampaged through the streets after escaping from the farm.	這頭公牛逃出農場後在街上橫衝直撞。	[{"text":"rampage through the streets","meaningZh":"在街道上橫衝直撞"}]
rampant	adjective	adjective	existing or spreading in an uncontrolled way, especially something bad	猖獗的；蔓延失控的	常修飾 crime、corruption、disease，強調負面事物大範圍且難以控制地擴散。	Corruption was rampant in the local government.	貪腐現象在地方政府中十分猖獗。	[{"text":"rampant corruption","meaningZh":"猖獗的貪腐"},{"text":"run rampant","meaningZh":"肆虐；失控蔓延"}]
ranch	noun	noun	a large farm used for raising cattle, horses, or sheep, especially in North America	大牧場	北美用語，指專門畜養牲畜的大片農場；也可作動詞 ranch，指經營牧場。	He grew up on a cattle ranch in Texas.	他在德州的一座牧牛場長大。	[{"text":"a cattle ranch","meaningZh":"養牛牧場"},{"text":"work on a ranch","meaningZh":"在牧場工作"}]
rancor	noun	noun	a strong, bitter feeling of hatred or resentment	深仇；怨恨	正式用語，強調長期積累、根深柢固的怨恨，常見 without rancor（不帶怨恨）。	Despite the bitter divorce, they parted without rancor.	儘管離婚過程痛苦，他們分手時並無怨恨。	[{"text":"without rancor","meaningZh":"不懷怨恨"},{"text":"political rancor","meaningZh":"政治上的怨懟"}]
random	adjective	adjective	happening or done without a specific plan, pattern, or reason	隨機的；任意的	常見 random selection、random sample，強調不受特定規律或意圖影響。	The winners were chosen at random from all entries.	得獎者是從所有參賽作品中隨機抽選出來的。	[{"text":"a random sample","meaningZh":"隨機樣本"},{"text":"at random","meaningZh":"隨機地"}]
ranger	noun	noun	an official who is responsible for patrolling and protecting a park or forest	巡山員；護林員	常見 park ranger，也可指特種部隊（Army Ranger），需依上下文判斷。	The park ranger warned hikers about the approaching storm.	這位巡山員警告健行者暴風雨即將來臨。	[{"text":"a park ranger","meaningZh":"公園管理員"},{"text":"a forest ranger","meaningZh":"護林員"}]
rank	noun	noun	a position in a hierarchy, especially in the armed forces or an organization	官階；級別	常見 military rank、the rank of colonel；也可作動詞 rank，指依某標準排列名次。	He rose to the rank of captain in the army.	他在軍中晉升到上尉的官階。	[{"text":"military rank","meaningZh":"軍階"},{"text":"rise through the ranks","meaningZh":"逐級晉升"}]
rare	adjective	adjective	not occurring or found very often; uncommon	罕見的；稀有的	常修飾 disease、opportunity、species，強調發生或出現的頻率極低。	Seeing a wild panda in the forest is a rare occurrence.	在森林裡看到野生貓熊是十分罕見的事。	[{"text":"a rare opportunity","meaningZh":"難得的機會"},{"text":"a rare species","meaningZh":"稀有物種"}]
ratification	noun	noun	the act of formally approving or confirming an agreement, treaty, or decision	批准；認可	正式法律或外交用語，常見 ratification of a treaty，指官方正式生效的程序。	The treaty requires ratification by both governments.	這項條約需要雙方政府正式批准。	[{"text":"ratification of a treaty","meaningZh":"條約的批准"},{"text":"subject to ratification","meaningZh":"尚待正式批准"}]
ratify	verb	verb	to give formal approval to an agreement or decision, making it officially valid	批准；正式認可	常見 ratify a treaty/constitution，多用於政府、國會等正式場合。	The senate voted to ratify the new trade agreement.	參議院投票批准了這項新的貿易協定。	[{"text":"ratify a treaty","meaningZh":"批准條約"},{"text":"ratify an agreement","meaningZh":"正式認可協議"}]
ratio	noun	noun	a relationship between two numbers or amounts showing how many times one contains the other	比例；比率	常見 ratio of A to B，用於數學、統計或日常比較兩個量的關係。	The recipe calls for a ratio of two cups of flour to one cup of sugar.	這份食譜要求麵粉與糖的比例是二比一。	[{"text":"the ratio of A to B","meaningZh":"A 與 B 的比率"},{"text":"a high ratio","meaningZh":"高比率"}]
ration	noun	noun	a fixed amount of food or supplies allowed to each person, especially during a shortage	定量配給	常見於戰爭、災害時期，如 food ration；也可作動詞 ration，指限量分配資源。	During the war, families received a weekly ration of sugar and butter.	戰爭期間，各家庭每週會領到定量配給的糖和奶油。	[{"text":"a daily ration","meaningZh":"每日配給"},{"text":"food rations","meaningZh":"糧食配給"}]
rational	adjective	adjective	based on clear thinking and reason rather than emotion	理性的；合理的	常修飾 decision、explanation，與 emotional、irrational 相對，強調依邏輯推理而非情緒。	He made a rational decision based on the available data.	他根據現有數據做出了理性的決定。	[{"text":"a rational decision","meaningZh":"理性的決定"},{"text":"rational thinking","meaningZh":"理性思考"}]
rattle	verb	verb	to make a series of short, sharp knocking sounds, or to shake and make such sounds	發出嘎嘎聲；使發出格格聲	常描述物體因鬆動而碰撞出聲，如窗戶、瓶蓋；口語中也可指使人心慌（rattle someone）。	The old windows rattled every time a truck drove by.	每次有卡車經過，那些老舊的窗戶就會嘎嘎作響。	[{"text":"rattle against the window","meaningZh":"碰撞窗戶發出格格聲"},{"text":"rattle a door handle","meaningZh":"搖動門把使其作響"}]
raucous	adjective	adjective	loud and rough sounding, often in a disorderly or unruly way	喧鬧刺耳的；粗嘎的	常修飾 laughter、crowd、voice，強調聲音大且不悅耳，帶有失控、吵鬧的氛圍。	Raucous laughter echoed from the bar late into the night.	喧鬧刺耳的笑聲從酒吧一直傳到深夜。	[{"text":"raucous laughter","meaningZh":"刺耳的笑聲"},{"text":"a raucous crowd","meaningZh":"喧鬧的人群"}]
rave	verb	verb	to talk about something with great enthusiasm and admiration	大肆讚揚；狂熱地談論	常見 rave about/over，語氣熱情正面；名詞 rave review 指極力讚賞的評論。	Critics raved about the film's stunning visual effects.	影評人對這部電影驚人的視覺效果讚不絕口。	[{"text":"rave about","meaningZh":"對……讚不絕口"}]
react	verb	verb	to behave or respond in a particular way as a result of something	反應；回應	常見 react to，可指人的情緒反應，也可指化學物質起反應（chemicals react）。	She reacted angrily to the accusation.	她對這項指控做出了憤怒的反應。	[{"text":"react to","meaningZh":"對……作出反應"},{"text":"react strongly","meaningZh":"強烈反應"}]
reactionary	adjective	adjective	strongly opposed to political or social change or reform	反動的；極端保守的	帶負面意涵，形容人或政策極力抗拒進步或改革，與 progressive 相對。	The reactionary policies alienated younger voters.	這些反動政策使年輕選民感到疏離。	[{"text":"reactionary politics","meaningZh":"反動政治"},{"text":"reactionary views","meaningZh":"反動觀點"}]
readily	adverb	adverb	without difficulty or hesitation; quickly	輕易地；欣然地	常修飾 available、admit，如 readily available（隨手可得）、readily admit（欣然承認）。	The information is readily available online.	這項資訊在網路上很容易取得。	[{"text":"readily available","meaningZh":"容易取得的"},{"text":"readily agree","meaningZh":"欣然同意"}]
realism	noun	noun	an approach that represents things as they actually are, without idealizing them	寫實主義；現實主義	藝術、文學語境指如實呈現現實的創作手法；一般語境也可指務實看待事物的態度。	The novel is praised for its gritty realism.	這部小說因其粗獷寫實的風格而備受讚譽。	[{"text":"social realism","meaningZh":"社會寫實主義"},{"text":"a sense of realism","meaningZh":"務實的態度"}]
realization	noun	noun	the moment of becoming fully aware of or understanding something	領悟；體認	常見 come to the realization that...，指突然清楚意識到某項事實或真相。	It was a sudden realization that changed her whole perspective.	那是一次突如其來的領悟，徹底改變了她的觀點。	[{"text":"come to the realization that","meaningZh":"終於領悟到……"},{"text":"a sudden realization","meaningZh":"突然的領悟"}]
realm	noun	noun	a particular area of activity, interest, or knowledge	領域；範疇	常見 the realm of possibility、in the realm of science，較抽象、正式，常見於書面語。	Artificial intelligence now touches almost every realm of modern life.	人工智慧如今幾乎觸及現代生活的每個領域。	[{"text":"the realm of possibility","meaningZh":"可能的範圍"},{"text":"in the realm of science","meaningZh":"在科學領域"}]
rear	verb	verb	to bring up and care for a child or young animal until it is fully grown	養育；撫養	常接 children、livestock 等受詞，語氣正式，與 raise 意思相近但更常見於書面語。	They reared their children in a small rural town.	他們在一個小鄉鎮撫養孩子長大。	[{"text":"rear children","meaningZh":"養育孩子"},{"text":"rear cattle","meaningZh":"飼養牛隻"}]
reassure	verb	verb	to say or do something to remove someone's doubts or fears	使安心；向……保證	常接人作受詞，加 that 子句或 about，如 reassure someone that everything is fine。	The doctor reassured her that the test results were normal.	醫生向她保證檢查結果是正常的。	[{"text":"reassure someone that","meaningZh":"向某人保證……"},{"text":"reassure someone about","meaningZh":"使某人對……放心"}]
rebellion	noun	noun	an act of organized, often violent resistance against an authority or government	叛亂；反抗	常見 armed rebellion、a rebellion against；也可比喻指子女對父母規範的反抗（teenage rebellion）。	The government suppressed the armed rebellion within weeks.	政府在幾週內鎮壓了這場武裝叛亂。	[{"text":"an armed rebellion","meaningZh":"武裝叛亂"},{"text":"teenage rebellion","meaningZh":"青少年叛逆"}]
rebuff	verb	verb	to reject an offer, suggestion, or person in an unfriendly way	斷然拒絕；回絕	正式用語，強調態度冷淡或不客氣地拒絕，常接人或提議作受詞。	She rebuffed his attempts to apologize.	她斷然拒絕了他道歉的嘗試。	[{"text":"rebuff an offer","meaningZh":"斷然拒絕提議"},{"text":"rebuff someone's advances","meaningZh":"拒絕某人的示好"}]
recalcitrant	adjective	adjective	stubbornly resistant to authority or control	頑固不從的；抗拒管束的	正式用語，形容人或動物拒絕服從指示或規則，語氣較 stubborn 更書面。	The teacher struggled to manage a few recalcitrant students.	這位老師難以管教幾個頑固不從的學生。	[{"text":"a recalcitrant child","meaningZh":"不服管教的孩子"},{"text":"recalcitrant behaviour","meaningZh":"頑抗的行為"}]
receipt	noun	noun	a written or printed document confirming that money or goods have been received	收據	常見 keep the receipt，多用於購物、付款後作為證明的單據。	Please keep your receipt in case you need to return the item.	請保留收據，以備退貨之需。	[{"text":"keep the receipt","meaningZh":"保留收據"},{"text":"ask for a receipt","meaningZh":"索取收據"}]
receiver	noun	noun	a device that receives electronic signals, such as a telephone handset or radio/TV tuner	接收器；聽筒	常見 telephone receiver、radio receiver，指用於接收訊號或聲音的裝置。	She picked up the receiver and dialed the number.	她拿起聽筒撥打了電話號碼。	[{"text":"a radio receiver","meaningZh":"無線電接收器"},{"text":"pick up the receiver","meaningZh":"拿起電話聽筒"}]
reception	noun	noun	the way someone or something is greeted or received, or a formal social gathering	接待；歡迎會	兩義常見：對意見／作品的反應（a warm reception）；正式社交場合（wedding reception）。	The new policy received a mixed reception from the public.	這項新政策受到大眾褒貶不一的反應。	[{"text":"a wedding reception","meaningZh":"婚宴"},{"text":"a warm reception","meaningZh":"熱情接待"}]
receptive	adjective	adjective	willing to listen to or accept new ideas or suggestions	樂於接受的；願意接納的	常見 receptive to，形容人態度開放，願意考慮不同意見或建議。	The manager was receptive to feedback from her team.	這位經理樂於接受團隊的回饋意見。	[{"text":"receptive to new ideas","meaningZh":"樂於接受新想法"},{"text":"a receptive audience","meaningZh":"願意接受的聽眾"}]
receptor	noun	noun	a cell structure that responds to a specific stimulus, such as light, chemicals, or pain	受體；接受器	生物學、醫學用語，常見 pain receptor、light receptor，指感應特定刺激的細胞構造。	Nerve receptors in the skin detect changes in temperature.	皮膚中的神經受體能偵測溫度變化。	[{"text":"a cell receptor","meaningZh":"細胞受體"},{"text":"pain receptors","meaningZh":"痛覺受器"}]
recession	noun	noun	a period of temporary economic decline during which trade and industrial activity are reduced	經濟衰退	經濟學術語，常見 economic recession、global recession，指GDP、就業等指標持續下滑的時期。	The country fell into a recession after the financial crisis.	這個國家在金融危機後陷入了經濟衰退。	[{"text":"an economic recession","meaningZh":"經濟衰退"},{"text":"fall into recession","meaningZh":"陷入衰退"}]
recipe	noun	noun	a set of instructions for preparing a particular dish, or a method for achieving something	食譜；秘訣	常見 recipe for success，字面指烹飪食譜，引申則指達成某結果的方法或要素組合。	She followed the recipe carefully to bake the perfect cake.	她仔細照著食譜烘焙出完美的蛋糕。	[{"text":"a recipe for disaster","meaningZh":"招致災難的做法"},{"text":"follow a recipe","meaningZh":"按照食譜做菜"}]
recipient	noun	noun	a person who receives something, such as an award, gift, or message	接受者；領受者	常見 recipient of an award、email recipient，正式用語，指接收某物的一方。	She was the recipient of a prestigious scholarship.	她是這項知名獎學金的得主。	[{"text":"an award recipient","meaningZh":"得獎者"},{"text":"the recipient of a gift","meaningZh":"禮物的收受者"}]
reciprocal	adjective	adjective	given, felt, or done in return by both parties involved	相互的；互惠的	常見 reciprocal agreement、reciprocal feelings，強調雙方相互回應或給予。	The two countries signed a reciprocal trade agreement.	這兩個國家簽署了一項互惠貿易協定。	[{"text":"a reciprocal agreement","meaningZh":"互惠協議"},{"text":"reciprocal rights","meaningZh":"相互對等的權利"}]
reciprocate	verb	verb	to respond to an action or feeling by doing or feeling the same thing in return	回報；互相給予	常見 reciprocate a favor/feeling，強調對他人善意或行為做出相應的回應。	He helped her move, and she reciprocated by cooking dinner.	他幫她搬家，她則以煮晚餐作為回報。	[{"text":"reciprocate the gesture","meaningZh":"以相同善意回應"},{"text":"reciprocate someone's feelings","meaningZh":"回應某人的感情"}]
reckon	verb	verb	to think or believe something, often based on calculation or estimation	認為；估計	口語用法，常見 I reckon (that)...，語氣較隨性，相當於 think 或 estimate。	I reckon it will rain later this afternoon.	我認為今天下午稍晚會下雨。	[{"text":"reckon that","meaningZh":"認為……"},{"text":"reckon on","meaningZh":"預期；指望"}]
recline	verb	verb	to lean or lie back in a relaxed position	斜倚；靠躺	常見 recline in a chair、recline the seat，指身體向後倚靠以放鬆或休息。	He reclined in his chair and closed his eyes.	他斜靠在椅子上，閉上了眼睛。	[{"text":"recline in a chair","meaningZh":"斜靠在椅子上"},{"text":"recline the seat","meaningZh":"把椅背放倒"}]
recognition	noun	noun	acknowledgment or appreciation of someone's achievement, or the ability to identify something already known	認可；表揚；識別	兩義常見：對成就的肯定（gain recognition）；辨識能力，如 facial recognition（臉部辨識）。	She finally received recognition for her years of hard work.	她多年的努力終於獲得了肯定。	[{"text":"in recognition of","meaningZh":"為表彰…"},{"text":"facial recognition","meaningZh":"臉部辨識"}]
recommend	verb	verb	to suggest that someone or something is good or suitable for a particular purpose	推薦；建議	常見 recommend sth to sb、recommend that + 子句（用原形動詞），語氣正面。	My doctor recommended this medication for my allergies.	我的醫生推薦這種藥物來治療我的過敏。	[{"text":"recommend a restaurant","meaningZh":"推薦餐廳"},{"text":"recommend doing something","meaningZh":"建議做某事"}]
recommendation	noun	noun	a suggestion about the best course of action, or a statement praising someone's qualities	建議；推薦信	常見 make a recommendation、a letter of recommendation（推薦信），前者指行動建議，後者指人事推薦文件。	The committee's recommendation was to postpone the project.	委員會的建議是延後這項計畫。	[{"text":"make a recommendation","meaningZh":"提出建議"},{"text":"a letter of recommendation","meaningZh":"推薦信"}]
reconciliation	noun	noun	the restoring of friendly relations between people or groups who have been in conflict	和解；和好	常見 reconciliation between/with，也可用於帳目核對（bank reconciliation），需依上下文判斷。	The two families finally reached a reconciliation after years of feuding.	這兩個家族多年不合後，終於達成了和解。	[{"text":"national reconciliation","meaningZh":"國家和解"}]
recondite	adjective	adjective	(of a subject or knowledge) difficult to understand; known only to a few specialists	深奧難解的；晦澀的	正式書面用語，形容題材或知識過於專門，一般人難以理解，如 recondite theory。	The professor's lecture on quantum mechanics was too recondite for most students.	教授關於量子力學的講座對大多數學生來說太過深奧難懂。	[{"text":"recondite knowledge","meaningZh":"深奧的知識"}]
reconnaissance	noun	noun	military observation of a region to gather information about an enemy or area	偵察	軍事用語，常見 reconnaissance mission，指為蒐集情報而進行的實地探查。	The scouts conducted a reconnaissance of the enemy's position.	偵察兵對敵軍陣地進行了偵察。	[{"text":"a reconnaissance mission","meaningZh":"偵察任務"}]
reconstitute	verb	verb	to add water to a dried or concentrated substance to restore it to its original form	使復原；加水還原	常見於食品或化學領域，如 reconstitute powdered milk，指加水還原成原本狀態。	Add water to reconstitute the dried soup mix.	加水就能將這包乾燥湯料還原。	[{"text":"reconstitute powdered milk","meaningZh":"將奶粉加水還原"}]
reconstruction	noun	noun	the process of rebuilding something that has been damaged or destroyed	重建	常見 post-war reconstruction、reconstruction of a building，強調在毀壞後重新建造。	The reconstruction of the war-torn city took over a decade.	這座飽受戰火摧殘的城市花了十多年才重建完成。	[{"text":"postwar reconstruction","meaningZh":"戰後重建"}]
recount	noun	noun	a fresh count of votes in an election, especially when the result is very close	重新計票	常見於選舉語境，指因票數接近而重新清點選票，如 demand a recount。	The candidate requested a recount after losing by a narrow margin.	這位候選人以些微差距落選後，要求重新計票。	[{"text":"a vote recount","meaningZh":"重新計票"},{"text":"demand a recount","meaningZh":"要求重新計票"}]
recover	verb	verb	to return to a normal state of health, strength, or function after an illness or difficulty	康復；恢復	常見 recover from an illness/loss，也可指取回失物（recover stolen goods）。	It took him months to recover from the surgery.	他花了好幾個月才從手術中康復。	[{"text":"recover from an illness","meaningZh":"病後康復"}]
recreation	noun	noun	an activity done for enjoyment or relaxation when not working	消遣；娛樂活動	常見 outdoor recreation，指工作之餘從事的休閒活動，強調放鬆身心。	Hiking is his favorite form of recreation on weekends.	健行是他週末最喜愛的消遣活動。	[{"text":"outdoor recreation","meaningZh":"戶外休閒活動"}]
recreational	adjective	adjective	relating to activities done for enjoyment or relaxation	休閒的；娛樂性的	常修飾 activity、drug、vehicle，如 recreational drug use（娛樂性用藥）。	The park offers various recreational facilities for families.	這座公園為家庭提供各種休閒設施。	[{"text":"recreational activities","meaningZh":"休閒活動"}]
recruit	noun	noun	a person who has recently joined an organization, especially the armed forces	新兵；新成員	常見 army recruit、new recruit；也可作動詞 recruit staff，指招募新人。	The new recruit struggled through the first week of training.	這名新兵在第一週的訓練中相當吃力。	[{"text":"a new recruit","meaningZh":"新成員"}]
rectify	verb	verb	to correct or put right something that is wrong	糾正；矯正	正式用語，常接 error、situation，如 rectify the situation，強調採取行動使其恢復正確。	The company promised to rectify the billing error immediately.	公司承諾立即糾正這筆帳單錯誤。	[{"text":"rectify a mistake","meaningZh":"糾正錯誤"}]
recycle	verb	verb	to process used materials so they can be used again	回收（利用）	常見 recycle paper/plastic，環保語境常用詞，也可比喻指重複利用點子或材料。	We recycle glass bottles and aluminum cans at home.	我們在家會回收玻璃瓶和鋁罐。	[{"text":"recycle paper","meaningZh":"回收紙張"}]
redeem	verb	verb	to make up for a fault or a bad situation, or to exchange a voucher or coupon for something	補救；彌補；兌換	常見 redeem oneself（挽回名譽）、redeem a coupon（兌換優惠券），依語境判斷。	He redeemed himself with a brilliant performance in the second half.	他在下半場的出色表現挽回了自己的名聲。	[{"text":"redeem a voucher","meaningZh":"兌換代金券"},{"text":"redeem oneself","meaningZh":"挽回自己的名譽"}]
redistribution	noun	noun	the act of sharing something out again in a different way, especially wealth or resources	重新分配	常見 redistribution of wealth/income，多用於經濟、政治語境，指資源重新分配以求公平。	The policy aims at the redistribution of wealth through taxation.	這項政策旨在透過稅收重新分配財富。	[{"text":"the redistribution of wealth","meaningZh":"財富的重新分配"}]
reduction	noun	noun	the act of making something smaller in size, amount, or degree	減少；縮減	常見 price reduction、reduction in staff，指數量、程度上的降低。	The company announced a 20% reduction in its workforce.	這家公司宣布裁減百分之二十的員工。	[{"text":"a reduction in costs","meaningZh":"成本的降低"}]
redundancy	noun	noun	the state of being no longer needed, especially the loss of a job because it is unnecessary	多餘；裁員	英式用語，常見 be made redundant（被裁員）；也可指語言或系統中不必要的重複。	The factory closure led to hundreds of redundancies.	工廠關閉導致數百人遭到裁員。	[{"text":"compulsory redundancy","meaningZh":"強制裁員"},{"text":"redundancy pay","meaningZh":"資遣費"}]
reef	noun	noun	a ridge of rock, sand, or coral lying just below or above the surface of the sea	礁；暗礁	常見 coral reef（珊瑚礁），指近海面的岩石或珊瑚礁脈，對航行構成危險。	The ship ran aground on a coral reef.	這艘船在珊瑚礁上擱淺了。	[{"text":"a coral reef","meaningZh":"珊瑚礁"}]
reek	verb	verb	to smell strongly and unpleasantly of something	散發惡臭	常見 reek of，可指字面上的臭味，也可比喻指明顯帶有某種負面性質，如 reek of corruption。	The alley reeked of garbage after the heat wave.	熱浪過後，這條巷子散發著垃圾的惡臭。	[{"text":"reek of smoke","meaningZh":"散發濃重煙味"}]
referee	noun	noun	an official who supervises a sports match to ensure the rules are followed	裁判	常見於足球、拳擊等運動比賽，強調負責執法、判定犯規的角色。	The referee gave the player a yellow card for the foul.	裁判因為這次犯規向球員出示了黃牌。	[{"text":"the match referee","meaningZh":"比賽裁判"}]
referendum	noun	noun	a vote in which all the people of a country are asked to give their opinion on an important issue	公民投票；全民公決	常見 hold a referendum，指就重大政治或社會議題交由全體選民表決。	The country held a referendum on whether to join the union.	這個國家就是否加入該聯盟舉行了公民投票。	[{"text":"hold a referendum","meaningZh":"舉行公投"}]
refine	verb	verb	to remove impurities from a substance, or to improve something by making small changes	精煉；改進	兩義：物理提煉物質（refine oil）；抽象上使更完善（refine a plan/skill）。	The technique needs to be refined before it can be used commercially.	這項技術需要進一步改進才能商業化使用。	[{"text":"refine oil","meaningZh":"煉油"},{"text":"refine a technique","meaningZh":"改良技術"}]
reflection	noun	noun	an image seen in a mirror or other shiny surface, or careful thought about something	倒影；反思	兩義：物理上的鏡像（see your reflection）；抽象的深思熟慮（on reflection）。	She caught her reflection in the shop window.	她在店家的櫥窗上瞥見了自己的倒影。	[{"text":"a reflection in the mirror","meaningZh":"鏡中倒影"},{"text":"on reflection","meaningZh":"仔細考慮後"}]
reform	noun	noun	a change made to a system or organization in order to improve it	改革	常見 economic reform、education reform，指針對制度、政策所做的改善性變革。	The government introduced sweeping reforms to the healthcare system.	政府對醫療體系進行了全面性的改革。	[{"text":"education reform","meaningZh":"教育改革"}]
refrain	verb	verb	to stop yourself from doing something, especially something you want to do	克制；避免	常見 refrain from doing sth，正式用語，強調自我約束不去做某事。	Please refrain from smoking in this area.	請勿在此區域吸菸。	[{"text":"refrain from smoking","meaningZh":"請勿吸菸"}]
refrigerator	noun	noun	an appliance used to keep food and drink cold	冰箱	日常家電用詞，常簡稱 fridge；用於保存食物、飲料低溫存放。	Put the milk back in the refrigerator after use.	用完後請把牛奶放回冰箱。	[{"text":"store food in the refrigerator","meaningZh":"將食物存放在冰箱"}]
refuge	noun	noun	a place or state of safety from danger or trouble	避難所；庇護	常見 take refuge in，指尋求安全躲避的地方或狀態，可指實際場所或比喻意義。	The villagers took refuge in the mountains during the flood.	洪水期間，村民們到山上避難。	[{"text":"take refuge in","meaningZh":"躲進…避難"},{"text":"seek refuge","meaningZh":"尋求庇護"}]
refugee	noun	noun	a person forced to leave their country because of war, persecution, or disaster	難民	常見 refugee camp，指因戰爭、迫害或災難被迫離開家園的人。	The organization provides aid to refugees fleeing the conflict.	該組織為逃離衝突的難民提供援助。	[{"text":"a refugee camp","meaningZh":"難民營"}]
refusal	noun	noun	the act of saying no to something that is offered, requested, or demanded	拒絕	常見 a flat refusal（斷然拒絕），也可作 refusal to do sth，強調不接受的行為。	Her refusal to compromise frustrated the negotiators.	她拒絕妥協的態度讓談判人員感到挫折。	[{"text":"a flat refusal","meaningZh":"斷然拒絕"}]
regal	adjective	adjective	suitable for or typical of a king or queen; magnificent	帝王般的；莊嚴的	正式用語，形容具有王室般的威嚴或華麗氣派，如 regal bearing。	She walked into the room with regal poise.	她以帝王般的優雅姿態走進房間。	[{"text":"regal splendor","meaningZh":"帝王般的華麗"}]
regent	noun	noun	a person appointed to rule a country when the monarch is absent, too young, or unable to rule	攝政王；攝政者	歷史用語，指代替君主暫時執政的人，常見於君主年幼或缺位時期。	The prince's uncle served as regent until he came of age.	王子的叔叔在他成年之前擔任攝政王。	[{"text":"act as regent","meaningZh":"擔任攝政者"}]
regime	noun	noun	a government, especially one considered oppressive or not democratically elected	政權；政體	常帶負面意涵，指專制或不受歡迎的政府，如 authoritarian regime。	The regime was overthrown after years of protests.	這個政權在多年的抗議後被推翻。	[{"text":"an authoritarian regime","meaningZh":"威權政權"}]
regiment	noun	noun	a large military unit consisting of several battalions	軍團	軍事用語，指介於營與師之間的部隊編制單位。	He served in an infantry regiment during the war.	他在戰爭期間服役於一個步兵團。	[{"text":"an infantry regiment","meaningZh":"步兵團"}]
register	noun	noun	an official written record of names, events, or transactions	登記簿；名冊	常見 cash register（收銀機）、attendance register（點名簿），也可作動詞 register，表示登記、註冊。	The teacher checked the register to see who was absent.	老師查看點名簿以確認誰缺席。	[{"text":"a register of births","meaningZh":"出生登記簿"}]
regulate	verb	verb	to control something by means of rules, especially to ensure fairness or safety	管制；規範	常見 regulate an industry/market，指政府或機構透過法規對某活動進行控管。	The government tightly regulates the pharmaceutical industry.	政府對製藥產業實施嚴格的管制。	[{"text":"regulate the industry","meaningZh":"監管產業"}]
regulatory	adjective	adjective	relating to the control of an activity or process by rules and regulations	監管的；規範性的	常修飾 body、agency、framework，如 regulatory agency（監管機構）。	The regulatory agency approved the new drug after extensive testing.	這個監管機構在經過大量測試後核准了這款新藥。	[{"text":"a regulatory body","meaningZh":"監管機構"}]
rehabilitation	noun	noun	the process of helping someone return to a normal life after illness, injury, or imprisonment	復健；更生	常見 physical rehabilitation、drug rehabilitation，指恢復身體機能或協助重新融入社會。	He underwent months of rehabilitation after the accident.	他在意外後接受了數月的復健治療。	[{"text":"physical rehabilitation","meaningZh":"身體復健"}]
rehearsal	noun	noun	a practice session for a performance, such as a play, concert, or speech	排演；預演	常見 dress rehearsal（彩排），指演出前為求熟練所進行的練習。	The band held a final rehearsal before the concert.	樂團在演唱會前進行了最後一次排演。	[{"text":"a dress rehearsal","meaningZh":"彩排"}]
reign	verb	verb	to rule as king, queen, or other monarch	統治；為君	正式用語，常見 reign over/for，也可比喻指某狀態長期主導，如 chaos reigned。	Queen Victoria reigned for over sixty years.	維多利亞女王統治了超過六十年。	[{"text":"reign over a kingdom","meaningZh":"統治王國"}]
reinstate	verb	verb	to give someone back their former job, position, or rights	使復職；恢復	常見 reinstate an employee，指恢復先前被撤除的職位、資格或狀態。	The court ordered the company to reinstate the fired employee.	法院下令這家公司讓被解僱的員工復職。	[{"text":"reinstate an employee","meaningZh":"讓員工復職"}]
rejection	noun	noun	the act of refusing to accept, approve of, or believe someone or something	拒絕；駁回	常見 face rejection、rejection letter，指申請、提案或人際關係中被拒絕的情形。	After several rejections, she finally got accepted into medical school.	經過幾次被拒後，她終於被醫學院錄取了。	[{"text":"a rejection letter","meaningZh":"拒絕信"}]
rejoice	verb	verb	to feel or show great joy or delight	歡欣；欣喜	正式或文學用語，常見 rejoice at/in，強調因好消息而感到極大的喜悅。	The whole nation rejoiced at the news of the ceasefire.	舉國上下都為停火的消息感到欣喜。	[{"text":"rejoice at the news","meaningZh":"因消息而歡欣"}]
relapse	verb	verb	to become worse again after a period of improvement, especially in health or behavior	復發；故態復萌	常見 relapse into old habits、the patient relapsed，指病情或壞習慣再度出現。	He relapsed into his old smoking habit after quitting for a year.	戒菸一年後，他又故態復萌重新抽起菸來。	[{"text":"relapse into old habits","meaningZh":"故態復萌"}]
relaxation	noun	noun	the state of being free from tension and anxiety, or an activity that helps achieve this	放鬆；休閒	常見 relaxation technique、for relaxation，指身心放鬆的狀態或方式。	Yoga is a great way to achieve relaxation after a stressful day.	瑜珈是在壓力大的一天後達到放鬆的絕佳方式。	[{"text":"relaxation techniques","meaningZh":"放鬆技巧"}]
relegate	verb	verb	to assign someone or something to a lower or less important position	降級；貶至	常見 relegate to，強調將人或事物移往較不重要或較低的位置。	The team was relegated to the second division after a poor season.	這支球隊在表現不佳的一季後被降至甲組聯賽。	[{"text":"relegate someone to a minor role","meaningZh":"將某人降為次要角色"}]
relent	verb	verb	to become less strict or severe, eventually agreeing to something after refusing	軟化；讓步	強調原本堅持拒絕，後來態度轉為寬容或答應，如 finally relent。	After hours of pleading, her father finally relented and let her go to the party.	經過幾個小時的懇求，她父親終於軟化，讓她去參加派對。	[{"text":"finally relent","meaningZh":"終於讓步"}]
relevance	noun	noun	the quality of being closely connected to the matter being discussed	相關性；切題性	常見 have relevance to，指某事物與當前議題的關聯程度。	The professor questioned the relevance of the outdated data to current research.	教授質疑這些過時數據與當前研究的相關性。	[{"text":"of direct relevance to","meaningZh":"與…直接相關"}]
reliability	noun	noun	the quality of being trustworthy or performing consistently well	可靠性；可信度	常見 product reliability，指設備、系統或人始終如一、值得信賴的特質。	The reliability of the new engine has impressed customers.	這款新引擎的可靠性令顧客印象深刻。	[{"text":"test the reliability of","meaningZh":"測試…的可靠性"}]
reliable	adjective	adjective	able to be trusted to do what is expected consistently	可靠的；可信賴的	常修飾 source、person、product，強調始終如一、值得信任的特質。	She is a reliable colleague who always meets deadlines.	她是個可靠的同事，總是能準時完成工作。	[{"text":"a reliable source","meaningZh":"可靠的消息來源"}]
reliance	noun	noun	dependence on or trust in someone or something	依賴；信賴	常見 reliance on，強調對某人事物的依靠程度，語氣較 dependence 正式。	The company's heavy reliance on a single supplier is risky.	這家公司過度依賴單一供應商是有風險的。	[{"text":"reliance on technology","meaningZh":"對科技的依賴"}]
relieve	verb	verb	to make pain, distress, or a burden less severe	減輕；緩解	常接 pain、stress、pressure，如 relieve symptoms，強調使負面感受或負擔減少。	The medicine helped relieve her headache.	這種藥物幫助緩解了她的頭痛。	[{"text":"relieve pain","meaningZh":"緩解疼痛"},{"text":"relieve someone of a burden","meaningZh":"解除某人的負擔"}]
relinquish	verb	verb	to give up a possession, right, or control, especially unwillingly	放棄；交出	正式用語，常接 power、control、claim，強調不情願地放棄或交出。	The dictator was forced to relinquish power after the coup.	這位獨裁者在政變後被迫交出權力。	[{"text":"relinquish control","meaningZh":"交出控制權"}]
reluctant	adjective	adjective	unwilling or hesitant to do something	不情願的；勉強的	常見 reluctant to do sth，強調心裡抗拒但可能仍會去做。	He was reluctant to admit his mistake.	他不情願承認自己的錯誤。	[{"text":"reluctant to agree","meaningZh":"不願同意"}]
rely	verb	verb	to depend on someone or something with trust or confidence	依賴；信賴	常見 rely on/upon，強調在需要時可以信任、仰賴的對象。	You can always rely on her to tell the truth.	你永遠可以信賴她會說實話。	[{"text":"rely on someone","meaningZh":"依靠某人"}]
remainder	noun	noun	the part of something that is left after the rest has been used, removed, or dealt with	剩餘部分；餘數	常見 spend the remainder of the day，數學語境則指除法後的餘數。	She spent the remainder of her vacation relaxing at home.	她把剩下的假期都花在家裡放鬆休息。	[{"text":"the remainder of the day","meaningZh":"當天剩餘的時間"}]
remark	noun	noun	a comment expressing an opinion or observation	評論；言論	常見 make a remark about，語氣中性，可正面或負面，強調簡短的意見表達。	He made a sarcastic remark about her cooking.	他對她的廚藝發表了一句諷刺的評論。	[{"text":"make a remark","meaningZh":"發表評論"}]
remarkable	adjective	adjective	worthy of attention because unusual or impressive	卓越的；不凡的	常修飾 achievement、talent，強調事物令人印象深刻的程度。	She made a remarkable recovery after the surgery.	她在手術後展現出驚人的康復力。	[{"text":"a remarkable achievement","meaningZh":"卓越的成就"}]
remarkably	adverb	adverb	in a way that is surprising or worthy of attention	顯著地；出乎意料地	常修飾形容詞，如 remarkably calm，強調程度超乎預期。	Despite the crisis, she remained remarkably calm.	儘管危機當前，她卻異常地冷靜。	[{"text":"remarkably well","meaningZh":"好得出奇"}]
remedy	noun	noun	a way of solving a problem, or a medicine or treatment for an illness	解決辦法；藥物；治療法	兩義：抽象問題的解方（remedy for inflation）；具體病痛的藥物（home remedy）。	Herbal tea is a popular home remedy for a sore throat.	草本茶是治療喉嚨痛常見的居家療法。	[{"text":"a home remedy","meaningZh":"家庭療法"},{"text":"a remedy for the problem","meaningZh":"問題的解決辦法"}]
reminder	noun	noun	something that causes someone to remember something	提醒；提醒物	常見 a gentle reminder、send a reminder，指用來喚起記憶的訊息或物品。	I set an alarm as a reminder to take my medicine.	我設了鬧鐘來提醒自己吃藥。	[{"text":"a gentle reminder","meaningZh":"溫馨提醒"}]
reminisce	verb	verb	to talk or think fondly about past experiences	追憶；懷舊	常見 reminisce about，語氣帶懷舊情感，強調回想並談論過往的美好時光。	The old friends spent the evening reminiscing about college days.	這群老朋友花了整晚追憶大學時光。	[{"text":"reminisce about the past","meaningZh":"追憶往事"}]
remission	noun	noun	a period during which the symptoms of a disease are reduced or disappear	（病情的）緩解	醫學用語，常見 cancer in remission，指疾病症狀暫時減輕或消失的狀態。	Her cancer has been in remission for three years.	她的癌症已經緩解三年了。	[{"text":"in remission","meaningZh":"病情處於緩解期"}]
remnant	noun	noun	a small remaining part of something that once was larger	殘餘；剩餘部分	常見 remnants of + N，指某事物消失後留下的一小部分，如 remnants of an empire。	The old stone wall is a remnant of the ancient fortress.	這道古老的石牆是這座古代堡壘的殘跡。	[{"text":"remnants of the past","meaningZh":"過去的殘跡"}]
remote	adjective	adjective	far away in distance, or very unlikely to happen	遙遠的；渺茫的	常見 remote village（偏遠村莊）、remote possibility（渺茫的可能性），依語境有具體或抽象意涵。	They live in a remote village with no internet access.	他們住在一個沒有網路的偏遠村莊。	[{"text":"a remote village","meaningZh":"偏遠的村莊"},{"text":"a remote possibility","meaningZh":"極小的可能性"}]
renaissance	noun	noun	a revival of interest, activity, or vitality in something, or (capitalized) the historical period of cultural rebirth in Europe	復興；文藝復興	大寫時特指歐洲十四至十七世紀的文藝復興運動；小寫可泛指任何領域的重新興盛。	The city experienced a cultural renaissance in the 1990s.	這座城市在一九九〇年代經歷了一場文化復興。	[{"text":"a cultural renaissance","meaningZh":"文化復興"}]
render	verb	verb	to cause something to be in a particular state or condition	使變成；致使	常接受詞+形容詞，如 render useless、render helpless，強調造成某種狀態的結果。	The injury rendered him unable to walk for weeks.	這次受傷使他有好幾週無法行走。	[{"text":"render something useless","meaningZh":"使某物失去作用"}]
rendezvous	noun	noun	a meeting arranged at a particular time and place, or the place itself	約會；會面地點	常帶浪漫或秘密色彩，如 a secret rendezvous；也可作動詞 rendezvous with sb。	The spies arranged a rendezvous at the old train station.	這些間諜安排在舊火車站會面。	[{"text":"arrange a rendezvous","meaningZh":"安排會面"}]
renege	verb	verb	to fail to keep a promise or agreement	違背（承諾）；食言	常見 renege on a deal/promise，語氣帶負面評價，強調不遵守先前的承諾。	He reneged on his promise to help with the project.	他違背了要協助這項計畫的承諾。	[{"text":"renege on a promise","meaningZh":"違背承諾"}]
renew	verb	verb	to extend the period of validity of something, or to start something again with fresh energy	更新；重新開始	常見 renew a contract/passport；也可指抽象事物的重新展開，如 renew one's efforts。	Remember to renew your passport before it expires.	記得在護照到期前辦理更新。	[{"text":"renew a contract","meaningZh":"續約"},{"text":"renew one's efforts","meaningZh":"重新努力"}]
renewal	noun	noun	the act of extending the validity of something, or the process of starting something again	更新；復興	常見 contract renewal、urban renewal（都市更新），指延續有效期或重新振興。	The lease renewal will take effect next month.	這份租約的更新將於下個月生效。	[{"text":"license renewal","meaningZh":"執照續期"},{"text":"urban renewal","meaningZh":"都市更新"}]
renounce	verb	verb	to formally give up a title, right, or belief	正式放棄；宣布放棄	正式用語，常接 throne、claim、belief，強調公開、正式地放棄某項權利或立場。	He renounced his citizenship to live abroad permanently.	他放棄了國籍以便永久定居國外。	[{"text":"renounce one's citizenship","meaningZh":"放棄國籍"}]
renovate	verb	verb	to repair and improve something, especially an old building	翻新；整修	常見 renovate a house/kitchen，指對建築物進行修繕以恢復或提升其狀態。	They spent a year renovating the old farmhouse.	他們花了一年時間翻新這棟老舊的農舍。	[{"text":"renovate a house","meaningZh":"整修房屋"}]
rental	noun	noun	an arrangement in which you pay to use something for a period of time, or the item rented	租賃；租金	常見 car rental、rental fee；也可作形容詞 rental car（租來的車）。	The rental of the beach house was more expensive during summer.	這棟海邊小屋的租金在夏季比較貴。	[{"text":"car rental","meaningZh":"汽車租賃"}]
reparation	noun	noun	payment or action made to compensate for wrong or damage done, especially after a war	賠償	正式用語，常見複數形式 war reparations，指對受害方作出的正式補償。	Germany paid reparations to several countries after the war.	德國在戰後向幾個國家支付了賠償金。	[{"text":"pay reparations","meaningZh":"支付賠償金"}]
repeal	verb	verb	to officially cancel a law	廢除（法律）	法律用語，常見 repeal a law/act，指立法機構正式撤銷某項法規。	Congress voted to repeal the outdated regulation.	國會投票廢除了這項過時的法規。	[{"text":"repeal a law","meaningZh":"廢除法律"}]
repent	verb	verb	to feel or express sincere regret for wrongdoing	懺悔；後悔	宗教或道德語境常見，常見 repent of one's sins，強調對過錯的真誠悔悟。	He repented of his past mistakes and tried to make amends.	他為過去的錯誤感到懺悔，並試圖彌補。	[{"text":"repent of one's sins","meaningZh":"懺悔自己的罪過"}]
repercussion	noun	noun	an unintended and usually unwelcome consequence of an action or event	影響；後果	常用複數 repercussions，強調事件帶來的間接、常為負面的後續效應。	The scandal had serious repercussions for the company's reputation.	這起醜聞對公司的聲譽造成了嚴重的後果。	[{"text":"serious repercussions","meaningZh":"嚴重後果"}]
repetition	noun	noun	the act of saying or doing something again, or a repeated instance of something	重複	常見 avoid repetition，也可指語言中反覆使用同樣字詞或句型作為修辭手法。	The teacher used repetition to help students memorize the vocabulary.	老師利用重複來幫助學生記憶單字。	[{"text":"avoid repetition","meaningZh":"避免重複"}]
replenish	verb	verb	to fill something up again after it has been used or emptied	補充；重新裝滿	常接 supplies、stock，如 replenish the shelves，強調恢復到原本充足的狀態。	The staff replenish the shelves with fresh stock every morning.	員工每天早上都會補充貨架上的新貨。	[{"text":"replenish supplies","meaningZh":"補充物資"}]
replete	adjective	adjective	completely filled or supplied with something	充滿的；富含的	正式用語，常見 replete with，後接名詞，表示充滿了某種事物。	The museum is replete with fascinating artifacts from ancient civilizations.	這座博物館裡充滿了來自古文明的迷人文物。	[{"text":"replete with examples","meaningZh":"有豐富的例子"}]
representation	noun	noun	the act of speaking or acting on behalf of someone, or something that depicts or symbolizes another thing	代表；表現	兩義：政治上代人發言（legal representation）；藝術上的呈現（visual representation）。	Every state has equal representation in the senate.	每一州在參議院都有平等的代表席次。	[{"text":"legal representation","meaningZh":"法律代理"},{"text":"a visual representation","meaningZh":"視覺呈現"}]
reprieve	noun	noun	an official postponement or cancellation of a punishment, or a temporary relief from something difficult	緩刑；暫時解脫	法律語境指延緩死刑等處罰；一般語境則指暫時擺脫困境或壓力。	The governor granted the prisoner a last-minute reprieve.	州長在最後一刻給予這名囚犯緩刑。	[{"text":"grant a reprieve","meaningZh":"准予暫緩執行刑罰"}]
reprimand	verb	verb	to criticize someone formally for doing something wrong	正式譴責；訓誡	正式用語，常見 reprimand sb for sth，語氣比 scold 更正式、公開。	The officer was reprimanded for his careless handling of the case.	這位警官因處理案件不慎而受到正式譴責。	[{"text":"reprimand someone for misconduct","meaningZh":"因行為不當訓誡某人"}]
reproach	noun	noun	an expression of disapproval or disappointment directed at someone	責備；指責	常見 a look of reproach，語氣較 blame 溫和，強調帶失望意味的批評。	Her silence was full of reproach.	她的沉默充滿了責備。	[{"text":"beyond reproach","meaningZh":"無可指責"}]
reproduce	verb	verb	to produce offspring, or to make a copy of something	繁殖；複製	兩義：生物學上的生殖（animals reproduce）；製作複製品（reproduce a document）。	Rabbits are known to reproduce very quickly.	眾所皆知，兔子繁殖速度非常快。	[{"text":"reproduce an image","meaningZh":"複製圖像"},{"text":"reproduce sexually","meaningZh":"以有性方式繁殖"}]
reproduction	noun	noun	the process by which living things produce offspring, or a copy of an original work	生殖；複製品	兩義常見：生物繁殖過程；藝術品或文件的複製版本，如 a reproduction of a painting。	The museum sells reproductions of famous paintings in its gift shop.	這座博物館的禮品店販售知名畫作的複製品。	[{"text":"sexual reproduction","meaningZh":"有性生殖"},{"text":"a reproduction of a painting","meaningZh":"畫作的複製品"}]
reproductive	adjective	adjective	relating to the production of offspring	生殖的	常見 reproductive system、reproductive health，醫學及生物學語境常用詞。	The clinic specializes in reproductive health for women.	這家診所專門提供女性生殖健康的服務。	[{"text":"reproductive health","meaningZh":"生殖健康"}]
republic	noun	noun	a country governed by elected representatives and a president, rather than a king or queen	共和國	政治學術語，與君主制（monarchy）相對，強調國家元首非世襲君主。	France became a republic after the revolution.	法國在革命後成為了共和國。	[{"text":"a federal republic","meaningZh":"聯邦共和國"}]
repudiate	verb	verb	to refuse to accept or support something, or to deny that something is true or valid	拒絕承認；否認	正式用語，常見 repudiate a claim/agreement，強調正式拒絕接受或宣告無效。	He repudiated the allegations made against him.	他否認了針對他所提出的指控。	[{"text":"repudiate a claim","meaningZh":"否認一項主張"}]
reputation	noun	noun	the general opinion that people have about someone or something's character or quality	名聲；聲譽	常見 build/damage a reputation，強調外界對其可信度或品質的整體評價。	The restaurant has a reputation for excellent service.	這家餐廳以優質的服務聞名。	[{"text":"a good reputation","meaningZh":"良好的聲譽"}]
request	noun	noun	an act of politely or formally asking for something	請求；要求	常見 make a request、upon request（應要求），語氣較 demand 委婉禮貌。	She submitted a formal request for additional funding.	她提交了一份追加經費的正式請求。	[{"text":"make a request","meaningZh":"提出請求"},{"text":"on request","meaningZh":"應要求提供"}]
requisite	adjective	adjective	necessary for a particular purpose	必需的；必要的	正式用語，常修飾 skills、qualifications，強調達成目的所不可或缺的條件。	Applicants must have the requisite experience for this position.	應徵者必須具備擔任這個職位所需的必要經驗。	[{"text":"the requisite skills","meaningZh":"必需的技能"}]
rescind	verb	verb	to officially cancel a law, decision, or agreement	撤銷；廢止	正式用語，常見 rescind an order/policy，強調正式取消先前的決定或規定。	The committee decided to rescind its earlier decision.	委員會決定撤銷先前的決議。	[{"text":"rescind an offer","meaningZh":"撤回提議"}]
rescue	noun	noun	an act of saving someone or something from danger or harm	救援；營救	常見 rescue mission、come to the rescue，指從危險或困境中拯救出來的行動。	The rescue of the trapped miners took several days.	營救受困礦工的行動耗時數天。	[{"text":"a rescue operation","meaningZh":"救援行動"}]
resemblance	noun	noun	the state of looking or being similar to someone or something else	相似；相似之處	常見 bear a resemblance to，強調外貌或特徵上的相似性。	She bears a striking resemblance to her grandmother.	她和她祖母長得非常相似。	[{"text":"bear a resemblance to","meaningZh":"與……相似"}]
resemble	verb	verb	to look like or be similar to someone or something	與……相似；像	常直接接受詞，不用介系詞，如 resemble one's mother。	The twins resemble each other so closely that people often confuse them.	這對雙胞胎彼此長得非常相似，人們常常會認錯。	[{"text":"closely resemble","meaningZh":"與……極為相似"}]
resentment	noun	noun	a bitter feeling of anger caused by being treated unfairly	怨恨；不滿	常見 harbor resentment、feel resentment towards，強調因不公平待遇而產生的長期不滿。	He harbored deep resentment towards his former employer.	他對前雇主懷有深深的怨恨。	[{"text":"harbor resentment","meaningZh":"心懷怨恨"}]
reserve	noun	noun	an amount of something kept back for future use, or an area protected for wildlife	儲備；保護區	兩義：儲存備用的資源（cash reserves）；受保護的自然區域（nature reserve）。	The country has large oil reserves.	這個國家擁有龐大的石油儲備。	[{"text":"a nature reserve","meaningZh":"自然保護區"},{"text":"keep something in reserve","meaningZh":"保留某物以備後用"}]
reservoir	noun	noun	a large natural or artificial lake used to store water for supply to a community	水庫；蓄水池	常見 water reservoir，也可比喻指某種大量儲備，如 a reservoir of knowledge。	The city's water supply comes from a large reservoir in the hills.	這座城市的用水來自山區的一座大水庫。	[{"text":"a water reservoir","meaningZh":"蓄水庫"}]
reshuffle	verb	verb	to change the positions or roles of people within an organization, especially a government	改組；調整（人事）	常見 cabinet reshuffle（內閣改組），指重新安排職位或人事以求改變。	The prime minister decided to reshuffle his cabinet after the scandal.	首相在醜聞之後決定改組內閣。	[{"text":"reshuffle the cabinet","meaningZh":"改組內閣"}]
reside	verb	verb	to have one's permanent home in a particular place	居住；定居	正式用語，常見 reside in/at，也可用於抽象語境（power resides in...）。	She has resided in this city for over twenty years.	她已在這座城市定居超過二十年。	[{"text":"reside in a city","meaningZh":"居住於城市"}]
residence	noun	noun	the place where someone lives, especially a large or formal one	住宅；居所	比 house 更正式，常見 official residence（官邸），也可用於 in residence（駐居）。	The ambassador's residence is located near the embassy.	大使的官邸位於大使館附近。	[{"text":"permanent residence","meaningZh":"永久居所"}]
residential	adjective	adjective	relating to areas where people live rather than work	住宅的；居住用的	常修飾 area、neighborhood，如 residential district（住宅區），與 commercial 相對。	They bought a house in a quiet residential neighborhood.	他們在一個安靜的住宅區買了房子。	[{"text":"a residential area","meaningZh":"住宅區"}]
residue	noun	noun	a small amount of something that remains after the main part has been used or removed	殘留物；剩餘	常見 chemical residue、pesticide residue，指使用或反應後留下的少量物質。	Traces of pesticide residue were found on the fruit.	水果上檢測出微量的農藥殘留。	[{"text":"chemical residue","meaningZh":"化學殘留物"}]
resignation	noun	noun	a formal statement announcing that you are leaving your job	辭職；辭呈	常見 submit/hand in one's resignation，指正式提出離職的行為或文件。	He submitted his resignation after the disagreement with management.	他在與管理階層意見不合後提交了辭呈。	[{"text":"submit one's resignation","meaningZh":"提出辭呈"}]
resilience	noun	noun	the ability to recover quickly from difficulties or setbacks	韌性；復原力	常見 emotional resilience，也可指材料的彈性恢復能力，強調挫折後迅速恢復的能力。	Her resilience helped her overcome the loss of her job.	她的韌性幫助她度過了失業的打擊。	[{"text":"build resilience","meaningZh":"培養復原力"}]
resist	verb	verb	to refuse to accept or comply with something, or to stop yourself from doing something you want to do	抵抗；抗拒	常接 change、temptation，如 resist the urge to，強調對抗外力或克制自身衝動。	He couldn't resist the temptation to check his phone.	他無法抗拒想看手機的衝動。	[{"text":"resist the temptation","meaningZh":"抵抗誘惑"}]
resistance	noun	noun	the act of opposing something, or the ability of a substance to withstand a force or effect	抵抗；阻力	常見 resistance to change、water resistance；物理學語境指電阻或阻力。	The new policy met strong resistance from employees.	這項新政策遭到員工的強烈抵制。	[{"text":"resistance to change","meaningZh":"對改變的抗拒"}]
resistant	adjective	adjective	able to withstand the effect of something, or opposed to a particular idea or change	抗……的；抵抗的	常見 resistant to，後接 disease、change 等，表示不易受影響或抗拒改變。	This fabric is resistant to water and stains.	這種布料防水又抗污。	[{"text":"resistant to antibiotics","meaningZh":"對抗生素有抗藥性的"}]
resolution	noun	noun	a firm decision to do or not do something, or a formal decision agreed on by a group	決心；決議	常見 New Year's resolution（新年新希望）、pass a resolution（通過決議），兩義依語境判斷。	She made a resolution to exercise more this year.	她下定決心今年要多運動。	[{"text":"pass a resolution","meaningZh":"通過決議"}]
resolve	verb	verb	to find a satisfactory solution to a problem or difficulty	解決；解決（問題）	常接 issue、conflict、dispute，強調透過努力找到問題的解答或化解方式。	The two companies resolved their dispute out of court.	這兩家公司在庭外解決了彼此的糾紛。	[{"text":"resolve a dispute","meaningZh":"解決爭端"}]
resonant	adjective	adjective	having a strong, deep, and rich sound, or deeply meaningful and emotionally powerful	洪亮的；引起共鳴的	常修飾 voice（聲音洪亮）或訊息、主題（resonant message，引起共鳴）。	His resonant voice filled the entire auditorium.	他洪亮的聲音充滿了整個禮堂。	[{"text":"a resonant voice","meaningZh":"洪亮的聲音"}]
resort	noun	noun	a place people visit for relaxation or recreation, especially on holiday	度假勝地	常見 beach resort、ski resort；片語 as a last resort 指萬不得已的手段。	They spent their honeymoon at a tropical resort.	他們在一座熱帶度假勝地度蜜月。	[{"text":"a seaside resort","meaningZh":"海濱度假勝地"}]
resourceful	adjective	adjective	able to find quick and clever ways to overcome difficulties	足智多謀的；善於應變的	形容人擅長運用有限資源解決問題，語氣正面，常修飾 person、leader。	The resourceful team found a creative solution despite the limited budget.	這支足智多謀的團隊儘管預算有限，仍找到了創新的解決方案。	[{"text":"a resourceful problem-solver","meaningZh":"善於應變的問題解決者"}]
respectively	adverb	adverb	in the order already mentioned, referring to each item in turn	各自；分別	常用於列舉對應關係之後，如 A and B are 10 and 20 respectively。	John and Mary scored 90 and 85 respectively.	約翰和瑪麗分別得了九十分和八十五分。	[{"text":"aged ten and twelve respectively","meaningZh":"年齡分別為十歲與十二歲"}]
respiration	noun	noun	the process of breathing, or the biological process of producing energy from food	呼吸；呼吸作用	日常語境指呼吸動作；生物學語境指細胞層次釋放能量的化學過程（cellular respiration）。	Artificial respiration can help save a person who has stopped breathing.	人工呼吸能幫助搶救停止呼吸的人。	[{"text":"cellular respiration","meaningZh":"細胞呼吸作用"}]
respondent	noun	noun	a person who answers a questionnaire or survey, or the defendant in certain legal cases	受訪者；被告	問卷調查中指填答者；法律語境（尤其離婚案件）中指答辯的一方。	Over 500 respondents completed the online survey.	超過五百名受訪者完成了這份線上問卷。	[{"text":"survey respondents","meaningZh":"問卷受訪者"}]
responsiveness	noun	noun	the quality of reacting quickly and positively to something	反應敏捷；回應力	常見 customer responsiveness，強調對需求、刺激或請求能迅速且適當地做出回應。	Customers praised the company's responsiveness to complaints.	顧客稱讚這家公司對投訴的回應相當迅速。	[{"text":"responsiveness to feedback","meaningZh":"對回饋的回應能力"}]
restitution	noun	noun	the act of giving back something that was lost or stolen, or paying for damage caused	歸還；賠償	法律用語，常見 make restitution，指恢復原狀或對損失做出補償。	The court ordered him to make restitution to the victims.	法院下令他向受害者做出賠償。	[{"text":"make restitution","meaningZh":"作出賠償"}]
restoration	noun	noun	the act of repairing or returning something to its former good condition	修復；恢復	常見 restoration of a building/painting，也可指抽象事物的恢復，如 restoration of order。	The restoration of the old cathedral took nearly ten years.	這座古老大教堂的修復工程花了將近十年。	[{"text":"the restoration of a building","meaningZh":"建築物的修復"}]
restore	verb	verb	to bring something back to its original or good condition	修復；恢復	常見 restore order/confidence，也可指具體事物如古蹟、藝術品的修復。	Workers carefully restored the ancient temple.	工人們小心翼翼地修復了這座古老的寺廟。	[{"text":"restore confidence","meaningZh":"恢復信心"}]
restrain	verb	verb	to prevent someone or something from doing something, or to control a strong emotion	抑制；克制	常見 restrain oneself from、restrain anger，強調用力量或意志加以約束。	She had to restrain herself from laughing during the meeting.	她在會議中必須忍住不笑出來。	[{"text":"restrain oneself from laughing","meaningZh":"忍住不笑"}]
restraint	noun	noun	a rule, force, or feeling that limits or controls behavior	約束；克制	常見 exercise restraint（自我克制）、without restraint（毫無節制），也可指實際的束縛裝置。	The soldiers showed remarkable restraint despite the provocation.	儘管遭到挑釁，這些士兵仍展現出驚人的克制。	[{"text":"exercise restraint","meaningZh":"保持克制"}]
restrict	verb	verb	to limit the size, amount, or range of something	限制	常見 restrict access/movement，強調對數量、範圍或自由施加限制。	The new law restricts the sale of firearms.	這項新法限制了槍枝的販售。	[{"text":"restrict access to","meaningZh":"限制進入或使用"}]
restriction	noun	noun	a rule or condition that limits what can be done	限制；限制規定	常見 travel restriction、age restriction，指官方或制度上設下的限制條件。	Travel restrictions were lifted after the pandemic eased.	疫情趨緩後，旅行限制解除了。	[{"text":"impose restrictions on","meaningZh":"對……施加限制"}]
restrictive	adjective	adjective	limiting freedom or action, especially in a way seen as excessive	限制性的；約束的	常修飾 policy、law，語氣中性偏負面，強調對自由或選擇的束縛。	Critics say the visa rules are overly restrictive.	批評者指出這些簽證規定過於嚴苛限制。	[{"text":"restrictive regulations","meaningZh":"限制嚴格的法規"}]
resume	verb	verb	to begin again after a pause or interruption	恢復；重新開始	常接活動或狀態，如 resume work/talks，強調中斷後的再度進行。	The meeting will resume after a short break.	會議將在短暫休息後恢復進行。	[{"text":"resume negotiations","meaningZh":"恢復談判"}]
resurgence	noun	noun	a renewed increase or growth in something, especially after a period of decline	復甦；再度興起	常見 resurgence of interest/popularity，強調事物在沉寂後重新活躍起來。	There has been a resurgence of interest in vinyl records.	黑膠唱片近來重新掀起了一股熱潮。	[{"text":"a resurgence of interest","meaningZh":"興趣再度高漲"}]
resurrect	verb	verb	to bring something back into use or existence after it had ended or been forgotten	使復活；使復興	常見 resurrect an idea/tradition，比喻用法多於宗教語境的字面「復活」。	The company resurrected an old marketing slogan for its anniversary campaign.	這家公司在週年慶活動中重新啟用了一句舊的行銷口號。	[{"text":"resurrect an old idea","meaningZh":"重新提出舊想法"}]
retail	noun	noun	the sale of goods to the public in relatively small quantities	零售	常見 retail price、retail industry，與 wholesale（批發）相對。	The company focuses on retail rather than wholesale distribution.	這家公司專注於零售而非批發配銷。	[{"text":"retail sales","meaningZh":"零售銷售"}]
retailer	noun	noun	a business or person that sells goods directly to consumers	零售商	常見 online retailer、major retailer，指從事零售業務的商家。	The retailer offers discounts during the holiday season.	這家零售商在假期期間提供折扣優惠。	[{"text":"an online retailer","meaningZh":"網路零售商"}]
retaliate	verb	verb	to attack or harm someone in return for a similar act against you	報復；反擊	常見 retaliate against，強調以牙還牙式的回應，帶負面色彩。	The company retaliated against the whistleblower by firing him.	這家公司以解僱作為對這名告密者的報復。	[{"text":"retaliate against an attack","meaningZh":"對攻擊進行報復"}]
retaliation	noun	noun	an action taken in return for an injury or wrong done to oneself	報復；反擊行動	常見 in retaliation for，指針對先前傷害或攻擊所採取的回應行動。	The airstrike was carried out in retaliation for the earlier attack.	這次空襲是為了報復先前的攻擊而發動的。	[{"text":"in retaliation for","meaningZh":"為報復……"}]
reticent	adjective	adjective	unwilling to talk about one's thoughts or feelings; reserved	沉默寡言的；有所保留的	正式用語，常見 reticent about，形容人不願透露想法或個人資訊，語氣中性。	He remained reticent about his personal life during the interview.	他在訪談中對自己的私生活始終保持沉默。	[{"text":"reticent about one's past","meaningZh":"對自己的過往有所保留"}]
retire	verb	verb	to stop working, usually because of reaching a certain age	退休	常見 retire from、retire at 65，指結束職業生涯，也可用於軍事語境指撤退（較少見）。	She plans to retire from teaching next year.	她打算明年從教職退休。	[{"text":"retire from teaching","meaningZh":"從教職退休"}]
retirement	noun	noun	the period of a person's life after they have stopped working	退休；退休生活	常見 retirement age、retirement plan，指離開職場後的階段或相關安排。	He is looking forward to a relaxing retirement.	他很期待悠閒的退休生活。	[{"text":"early retirement","meaningZh":"提早退休"}]
retrace	verb	verb	to go back over a route or sequence of events again	折返；回溯	常見 retrace one's steps（原路折返），也可比喻指回顧事件經過。	She retraced her steps to find the lost earring.	她循原路折返尋找遺失的耳環。	[{"text":"retrace one's steps","meaningZh":"循原路折返"}]
retract	verb	verb	to withdraw a statement, offer, or accusation, admitting it was wrong or untrue	撤回；收回（言論）	常見 retract a statement/claim，語氣正式，指公開承認先前說法有誤並收回。	The newspaper was forced to retract its false claim.	這家報社被迫撤回其不實的說法。	[{"text":"retract a statement","meaningZh":"撤回聲明"}]
retreat	noun	noun	the act of withdrawing, especially from a difficult situation, or a quiet place for relaxation	撤退；靜修處	軍事語境指撤退；日常語境指遠離塵囂的休憩場所，如 a mountain retreat。	The company held a weekend retreat for team building.	公司舉辦了一個週末靜修活動來凝聚團隊。	[{"text":"a hasty retreat","meaningZh":"倉促撤退"}]
revelation	noun	noun	a surprising fact that is made known, especially one that was previously secret	揭露；令人驚訝的發現	常見 shocking revelation，指原本隱藏、後來被公開且令人震驚的訊息。	The book contains several shocking revelations about the singer's past.	這本書揭露了幾件關於這位歌手過去令人震驚的事。	[{"text":"a shocking revelation","meaningZh":"令人震驚的揭露"}]
revenge	verb	verb	to harm someone in return for an injury or wrong they have done to you	報復；復仇	常見 revenge oneself on、be revenged，語氣較 avenge 更常見於一般口語。	He vowed to revenge his brother's death.	他發誓要為哥哥的死報仇。	[{"text":"take revenge on someone","meaningZh":"向某人報仇"}]
revenue	noun	noun	the income that a government or company receives regularly	收入；稅收	常見 tax revenue、annual revenue，指政府稅收或公司營業收入。	The company's revenue grew by 15% last year.	這家公司去年的營收成長了百分之十五。	[{"text":"generate revenue","meaningZh":"創造收入"}]
reverberate	verb	verb	to be repeated as an echo, or to have continuing effects that are felt widely	迴響；引起廣泛影響	字面指聲音回響（reverberate through the hall）；比喻指事件的影響持續擴散。	His speech reverberated through the political world for weeks.	他的演說在政壇上引起了數週的迴響。	[{"text":"reverberate through the hall","meaningZh":"在大廳中迴響"}]
reverent	adjective	adjective	showing deep respect, especially for something considered sacred	虔敬的；恭敬的	常修飾 silence、attitude，多用於宗教或莊嚴場合，表達深切的敬意。	The visitors stood in reverent silence before the ancient shrine.	遊客們在這座古老的神殿前恭敬肅立、鴉雀無聲。	[{"text":"a reverent silence","meaningZh":"虔敬的沉默"}]
reverse	noun	noun	the opposite of what has just been stated, or the back side of something	相反；背面	常見 in reverse、quite the reverse，也可指硬幣、紙張等的背面。	Contrary to expectations, the exact reverse happened.	與預期恰恰相反，事情的發展完全相反。	[{"text":"the reverse side","meaningZh":"背面"}]
reversion	noun	noun	a return to a previous state, condition, or type of behavior	復歸；回覆原狀	正式用語，常見於法律或生物學語境，如 reversion to type（返祖現象）。	The scandal caused a reversion to old, distrustful attitudes.	這起醜聞導致人們的態度回復到過去那種不信任的狀態。	[{"text":"reversion to old habits","meaningZh":"恢復舊習"}]
revert	verb	verb	to return to a previous state, practice, or condition	恢復；回復（原狀）	常見 revert to，指在改變後又回到先前的樣子或做法。	After the experiment failed, they reverted to the old method.	實驗失敗後，他們回復採用舊有的方法。	[{"text":"revert to the original plan","meaningZh":"回到原先的計畫"}]
revise	verb	verb	to change or update something, such as a text or plan, in order to correct or improve it	修訂；校訂	常見 revise a manuscript/estimate，強調重新檢視並修改以求更準確或完善。	The author revised the manuscript several times before publication.	作者在出版前將手稿修訂了好幾次。	[{"text":"revise a draft","meaningZh":"修訂草稿"}]
revision	noun	noun	a change made to correct or improve a text, plan, or opinion	修訂；修正	常見 make revisions to，也可指修訂後的版本，如 the latest revision。	The report went through several revisions before it was finalized.	這份報告在定案前經過了好幾次修訂。	[{"text":"a major revision","meaningZh":"重大修訂"}]
revitalize	verb	verb	to give new energy, strength, or success to something	使恢復活力；振興	常見 revitalize an economy/neighborhood，強調為原本衰退的事物注入新的動力。	The new mayor promised to revitalize the struggling downtown area.	新任市長承諾要振興這個蕭條的市中心地區。	[{"text":"revitalize the economy","meaningZh":"振興經濟"}]
revival	noun	noun	the process of something becoming popular, active, or successful again	復興；復甦	常見 economic revival、a revival of interest，指事物再度興盛或重新受到重視。	The film sparked a revival of interest in classic literature.	這部電影引發了大眾對經典文學的重新關注。	[{"text":"an economic revival","meaningZh":"經濟復甦"}]
revive	verb	verb	to bring someone or something back to consciousness, health, activity, or popularity	使甦醒；使復興	常見 revive a patient（使甦醒）、revive an economy（振興經濟），依受詞判斷字面或比喻義。	Paramedics managed to revive the unconscious swimmer.	救護人員成功讓這名失去意識的泳者甦醒過來。	[{"text":"revive interest in","meaningZh":"重新喚起對某事的興趣"}]
revolt	verb	verb	to rise up in rebellion against a government or authority	反抗；起義	常見 revolt against，也可作名詞 a revolt，指有組織的反抗行動。	The citizens revolted against the corrupt regime.	公民們揭竿起義，反抗這個腐敗的政權。	[{"text":"rise in revolt","meaningZh":"揭竿起義"}]
revolution	noun	noun	a fundamental change in political power or organization, often achieved through force	革命	常見 the French Revolution、industrial revolution，也可指徹底的變革，未必涉及武力。	The invention of the internet sparked a technological revolution.	網際網路的發明引發了一場科技革命。	[{"text":"a political revolution","meaningZh":"政治革命"}]
revolutionary	adjective	adjective	involving a great and sudden change, especially one that transforms a field or system	革命性的；創新的	常修飾 technology、idea，強調帶來根本性、突破性的改變。	The new vaccine was hailed as a revolutionary breakthrough in medicine.	這款新疫苗被譽為醫學上一項革命性的突破。	[{"text":"a revolutionary idea","meaningZh":"革命性的構想"}]
revulsion	noun	noun	a strong feeling of disgust or repugnance	強烈厭惡；反感	正式用語，常見 a sense of revulsion，形容對某事物產生強烈的厭惡情緒。	She felt a wave of revulsion at the sight of the rotting food.	看到那些腐爛的食物，她感到一陣強烈的反感。	[{"text":"feel revulsion at","meaningZh":"對某事感到強烈厭惡"}]
reward	noun	noun	something given in return for good behavior, service, or achievement	報酬；獎賞	常見 as a reward for，可指金錢、榮譽或抽象的滿足感。	Her hard work was finally rewarded with a promotion.	她的努力終於獲得了升遷這項獎賞。	[{"text":"a reward for hard work","meaningZh":"努力工作的回報"}]
rhetoric	noun	noun	persuasive language used in speaking or writing, sometimes without much sincerity	修辭；言辭（尤指誇大或空洞的）	常帶輕微負面意涵，指華麗但可能空洞的政治或宣傳言論，如 political rhetoric。	The politician's speech was full of rhetoric but lacked concrete policies.	這位政治人物的演說充滿了修辭，卻缺乏具體的政策。	[{"text":"empty rhetoric","meaningZh":"空洞的言辭"}]
rhyme	noun	noun	a word that has the same final sound as another, or a short poem using such words	押韻；韻文	常見 nursery rhyme（童謠），也可作動詞 rhyme with，指字詞尾音相似。	"Cat" and "hat" rhyme with each other.	「cat」和「hat」彼此押韻。	[{"text":"a nursery rhyme","meaningZh":"童謠"}]
rhythm	noun	noun	a regular repeated pattern of sound or movement, especially in music	節奏；韻律	常見 sense of rhythm、the rhythm of life，可指音樂節拍，也可比喻指事物的規律變化。	The dancers moved in perfect rhythm with the music.	舞者隨著音樂節奏完美地舞動。	[{"text":"a steady rhythm","meaningZh":"穩定的節奏"}]
rhythmic	adjective	adjective	having a regular repeated pattern of sound or movement	有節奏的；有韻律的	常修飾 movement、breathing、music，強調規律性的重複模式。	The rhythmic beating of the drums set the pace for the dance.	鼓聲有節奏的敲擊為舞蹈定下了節拍。	[{"text":"rhythmic movement","meaningZh":"有節奏的動作"}]
ribbon	noun	noun	a long, narrow strip of fabric used for tying or decoration	緞帶；絲帶	常見 tie a ribbon、a ribbon of + N（一條狀的……），也可比喻用於形容細長條狀物。	She tied her hair with a red ribbon.	她用一條紅色的緞帶綁起頭髮。	[{"text":"a silk ribbon","meaningZh":"絲帶"}]
rickety	adjective	adjective	likely to collapse or break because poorly made or in bad condition	搖搖欲墜的；不穩固的	常修飾 chair、staircase、bridge，形容結構不牢固、容易倒塌的物品。	They climbed the rickety old staircase very carefully.	他們非常小心地爬上那座搖搖欲墜的老舊樓梯。	[{"text":"a rickety chair","meaningZh":"搖搖晃晃的椅子"}]
rider	noun	noun	a person who rides a horse, bicycle, or other vehicle, or an additional clause attached to a document	騎乘者；附加條款	日常指騎馬、騎車的人；法律語境則指附加於法案或保單的額外條款。	The insurance policy includes a rider covering flood damage.	這份保險保單包含一項涵蓋水災損害的附加條款。	[{"text":"an insurance rider","meaningZh":"保險附約"}]
ridge	noun	noun	a long, narrow raised strip of land, especially along the top of a hill or mountain	山脊；山脈	常見 mountain ridge，指山脈或高地上狹長隆起的部分。	Hikers reached the ridge just before sunset.	健行者在日落前抵達了山脊。	[{"text":"a mountain ridge","meaningZh":"山脊"}]
ridiculous	adjective	adjective	deserving or provoking mockery because extremely unreasonable or absurd	荒謬的；可笑的	常修飾 idea、price、situation，語氣帶輕視，強調事物荒唐到令人發笑或難以置信。	It's ridiculous to expect us to finish this project in one day.	要求我們一天內完成這個專案，實在太荒謬了。	[{"text":"a ridiculous claim","meaningZh":"荒謬的說法"}]
rife	adjective	adjective	very common or widespread, especially something bad	盛行的；充斥的	常見 rife with，後接負面事物，如 rumors were rife（謠言四起）。	The city has become rife with crime in recent years.	近年來，這座城市犯罪橫行。	[{"text":"rife with corruption","meaningZh":"貪腐橫行"}]
rifle	noun	noun	a gun with a long barrel, held against the shoulder when fired	步槍	常見 hunting rifle、assault rifle；也可作動詞 rifle through，指迅速翻找搜刮。	The soldier carried a rifle over his shoulder.	這名士兵肩上扛著一把步槍。	[{"text":"a hunting rifle","meaningZh":"獵用步槍"}]
rigid	adjective	adjective	not able to bend or be changed easily; strict	堅硬的；僵化的	常修飾 material（材質堅硬）或 rules、schedule（規定嚴格、不知變通）。	The company's rigid dress code frustrated many employees.	這家公司嚴格的服裝規定讓許多員工感到不滿。	[{"text":"rigid rules","meaningZh":"僵化的規則"}]
rigorous	adjective	adjective	extremely thorough, careful, and demanding	嚴謹的；嚴格的	常修飾 testing、training、standards，強調過程極為嚴密、一絲不苟。	The medication underwent rigorous testing before approval.	這種藥物在核准前經過了嚴謹的測試。	[{"text":"rigorous testing","meaningZh":"嚴格的測試"}]
riot	noun	noun	a violent disturbance caused by a large crowd of people	暴動；騷亂	常見 race riot、prison riot，指群眾失控的暴力衝突；片語 a riot of colors 指色彩繽紛。	Police were called in to control the riot downtown.	警方被召集前來控制市中心的這場暴動。	[{"text":"a violent riot","meaningZh":"暴力騷亂"}]
ripe	adjective	adjective	fully grown and ready to be harvested or eaten, said especially of fruit	成熟的	常修飾水果、農作物；片語 the time is ripe for 指時機成熟，適合做某事。	These mangoes are perfectly ripe and ready to eat.	這些芒果熟度剛剛好，可以食用了。	[{"text":"ripe for change","meaningZh":"改變的時機已成熟"}]
ripen	verb	verb	to become fully mature and ready to eat, usually said of fruit	成熟；使成熟	常用於描述水果隨時間逐漸成熟的過程，如 ripen on the vine。	The bananas will ripen in a few days if left at room temperature.	這些香蕉放在室溫下幾天就會成熟。	[{"text":"ripen on the vine","meaningZh":"在藤上成熟"}]
ripple	noun	noun	a small wave or series of waves on the surface of water, or a spreading effect	漣漪；連鎖反應	字面指水面波紋；比喻指某事引發的連鎖影響，如 a ripple effect。	The stone created ripples across the calm lake.	石頭在平靜的湖面上激起了陣陣漣漪。	[{"text":"a ripple effect","meaningZh":"連鎖效應"}]
risky	adjective	adjective	involving the possibility of danger, failure, or loss	冒險的；有風險的	常修飾 investment、decision，強調可能帶來損失或失敗的不確定性。	Investing all your savings in one stock is risky.	把所有積蓄投資在單一股票上是有風險的。	[{"text":"a risky investment","meaningZh":"風險高的投資"}]
ritual	noun	noun	a series of actions performed in a set order, especially as part of a ceremony or habit	儀式；例行公事	宗教語境指正式典禮（religious ritual）；日常語境可指固定習慣，如 morning ritual。	The tea ceremony is an important ritual in Japanese culture.	茶道在日本文化中是一項重要的儀式。	[{"text":"a daily ritual","meaningZh":"每天固定的習慣"}]
rival	noun	noun	a person or group competing with another for the same goal	對手；競爭者	常見 business rival、political rival，也可作動詞 rival，指足以與……匹敵。	The two companies have been fierce rivals for decades.	這兩家公司數十年來一直是激烈的競爭對手。	[{"text":"a fierce rival","meaningZh":"強勁的對手"}]
rivet	verb	verb	to hold someone's attention completely, or to fasten with metal pins	使全神貫注；用鉚釘固定	比喻用法常見 be riveted by（被……深深吸引），字面義則指用鉚釘接合金屬物件。	The audience was riveted by the gripping courtroom drama.	觀眾被這齣扣人心弦的法庭劇深深吸引。	[{"text":"rivet someone's attention","meaningZh":"牢牢吸引某人的注意"}]
roam	verb	verb	to move around an area freely, without a fixed destination	漫遊；閒逛	常見 roam the streets/countryside，強調隨意四處走動，沒有特定目的地。	Wild horses roam freely across the plains.	野馬在平原上自由自在地漫遊。	[{"text":"roam around the city","meaningZh":"在城裡漫遊"}]
roar	noun	noun	a loud, deep sound made by a lion, engine, or crowd	吼聲；轟鳴聲	常見 the roar of the crowd/engine，也可作動詞 roar，指發出巨大而低沉的聲音。	The roar of the crowd could be heard from blocks away.	群眾的吼聲遠在幾條街外都聽得到。	[{"text":"a roar of laughter","meaningZh":"哄堂大笑"}]
robe	noun	noun	a long, loose piece of clothing, often worn for warmth or on formal occasions	長袍；罩袍	常見 bath robe（浴袍）、judge's robe（法官長袍），依語境指日常或正式服裝。	The judge entered the courtroom wearing a black robe.	法官穿著黑色長袍走進法庭。	[{"text":"a bath robe","meaningZh":"浴袍"}]
rocky	adjective	adjective	covered with or consisting of rocks, or full of difficulties	多岩石的；顛簸的	字面描述地形多石；比喻指過程艱難不順，如 a rocky relationship（不穩定的關係）。	Their marriage went through a rocky patch last year.	他們的婚姻去年經歷了一段顛簸的時期。	[{"text":"a rocky start","meaningZh":"困難的開端"}]
romance	noun	noun	a love affair, or a story involving love and adventure	戀情；愛情故事	常見 a summer romance（一段夏日戀情），也可指小說類型（romance novel）。	Their romance blossomed during their trip to Italy.	他們的戀情在義大利之旅中悄然萌芽。	[{"text":"a whirlwind romance","meaningZh":"迅速發展的戀情"}]
roof	noun	noun	the structure covering the top of a building or vehicle	屋頂	常見 roof of a house/car；片語 hit the roof 指勃然大怒。	A storm damaged the roof of the old barn.	一場暴風雨損壞了這座老穀倉的屋頂。	[{"text":"under one roof","meaningZh":"在同一屋簷下"}]
rookie	noun	noun	a person who is new to a job, sport, or activity and lacks experience	新手；菜鳥	常見於運動或職場語境，如 rookie season（新人球季），強調缺乏經驗。	The rookie made a few mistakes in his first game.	這名新手在首場比賽中犯了幾個錯誤。	[{"text":"a rookie police officer","meaningZh":"新進警員"}]
rosy	adjective	adjective	having a pink, healthy color, or suggesting a hopeful and positive future	紅潤的；樂觀的	字面指臉頰紅潤（rosy cheeks）；比喻指前景樂觀（rosy future）。	Despite the setbacks, she remained rosy about the company's future.	儘管遭遇挫折，她對公司的未來依然保持樂觀。	[{"text":"a rosy outlook","meaningZh":"樂觀的前景"}]
rotate	verb	verb	to turn around a central point, or to take turns doing something in a regular sequence	旋轉；輪流	字面指物體轉動（the earth rotates）；比喻指人員或任務按順序輪替（rotate shifts）。	The wheel rotates around a fixed axle.	這個輪子繞著一根固定的軸旋轉。	[{"text":"rotate crops","meaningZh":"輪作作物"}]
rotation	noun	noun	the action of turning around a central axis, or a regular sequence in which people take turns	旋轉；輪流；輪值	常見 crop rotation（輪作）、in rotation（輪流），依語境指物理旋轉或人事輪替。	The earth's rotation causes day and night.	地球的自轉造成了晝夜交替。	[{"text":"crop rotation","meaningZh":"作物輪作"}]
rough	adjective	adjective	having an uneven or bumpy surface; difficult or unpleasant	粗糙的；艱難的	字面描述觸感不平滑；比喻指經歷困難、不順遂的過程，如 a rough year。	The path was too rough for regular shoes.	這條小路太崎嶇，不適合穿一般的鞋子。	[{"text":"go through a rough patch","meaningZh":"經歷一段艱難時期"}]
roughly	adverb	adverb	approximately, or in a rough and forceful manner	大約；粗暴地	兩義：表示概略數字（roughly 100 people）；描述動作粗魯（treated roughly）。	The renovation will cost roughly ten thousand dollars.	這次翻修大約需要花費一萬美元。	[{"text":"roughly speaking","meaningZh":"大致來說"}]
rout	noun	noun	a decisive and overwhelming defeat	潰敗；慘敗	常用於運動賽事或戰爭語境，指一方遭受壓倒性的失敗，程度比 defeat 更嚴重。	The championship game ended in a rout, with the home team losing badly.	這場冠軍賽以主場球隊慘敗告終。	[{"text":"a complete rout","meaningZh":"徹底潰敗"}]
routine	noun	noun	a regular way or order of doing things, usually the same each time	例行公事；慣例	常見 daily routine、morning routine，強調日常固定重複的一套動作或程序。	Exercise has become part of his daily routine.	運動已成為他日常例行活動的一部分。	[{"text":"a daily routine","meaningZh":"日常作息"}]
routinely	adverb	adverb	as a normal or regular part of a process; habitually	例行地；經常性地	常修飾動詞，表示某動作是固定、常規進行的，不帶特殊性，如 routinely checked。	The equipment is routinely inspected for safety.	這項設備會例行檢查以確保安全。	[{"text":"routinely check","meaningZh":"例行檢查"}]
rove	verb	verb	to travel or wander around an area with no fixed destination	漫遊；流浪	與 roam 意義相近，常見於文學語境，指四處遊蕩、居無定所。	Bands of nomads roved across the desert for centuries.	數世紀以來，遊牧民族在沙漠中四處漂泊。	[{"text":"rove around","meaningZh":"到處漫遊"}]
rowdy	adjective	adjective	noisy, disorderly, and difficult to control	吵鬧的；粗野的	常修飾 crowd、behavior，形容行為喧鬧失序，帶有輕微負面意涵。	The rowdy fans were escorted out of the stadium.	這群喧鬧的球迷被請出了體育場。	[{"text":"a rowdy crowd","meaningZh":"吵鬧的人群"}]
royalty	noun	noun	members of a royal family, or a payment made to the owner of a patent, copyright, or resource for its use	王室；版稅	兩義：指皇室成員（members of royalty）；創作者或資源所有者因授權使用而獲得的報酬。	The author receives royalty payments for every copy of the book sold.	這位作者每賣出一本書就能收到一筆版稅。	[{"text":"royalty payments","meaningZh":"版稅付款"}]
ruffle	verb	verb	to disturb the smoothness of something, or to make someone annoyed or upset	弄皺；使不悅	字面指弄亂頭髮、羽毛（ruffle feathers）；比喻指使人心煩、不悅，常見 ruffle sb's feathers。	The wind ruffled her hair as she walked along the beach.	她走在海灘上時，風把她的頭髮吹得凌亂。	[{"text":"ruffle someone's feathers","meaningZh":"惹惱某人"}]
ruin	noun	noun	severe damage or destruction, or the remains of a building that has been destroyed	毀滅；廢墟	常見 in ruins（成為廢墟）、financial ruin（財務破產），依語境指具體建築遺跡或抽象的敗落。	The ancient city now lies in ruins.	這座古城如今已成廢墟。	[{"text":"in ruins","meaningZh":"成為廢墟或徹底毀壞"}]
rumble	noun	noun	a continuous deep, low sound, such as that made by thunder or a heavy vehicle	隆隆聲	常見 the rumble of thunder/traffic，形容持續、低沉的巨大聲響。	They heard the distant rumble of thunder before the storm hit.	暴風雨來臨前，他們聽見遠處傳來隆隆的雷聲。	[{"text":"a rumble of thunder","meaningZh":"隆隆雷聲"}]
rumor	noun	noun	information or a story that spreads among people, though not confirmed to be true	謠言；傳聞	常見 rumor has it that...，強調未經證實但廣為流傳的消息。	There's a rumor that the company will lay off half its staff.	有傳聞說這家公司將裁掉一半的員工。	[{"text":"spread a rumor","meaningZh":"散播謠言"}]
rural	adjective	adjective	relating to the countryside rather than towns or cities	鄉村的；農村的	常修飾 area、community，與 urban（都市的）相對。	Many young people leave rural areas to find work in the city.	許多年輕人離開鄉村地區到城市找工作。	[{"text":"rural areas","meaningZh":"鄉村地區"}]
rustle	verb	verb	to make a soft, dry sound like that of leaves or paper moving	發出沙沙聲	常見 leaves rustle in the wind，形容輕柔、乾燥的摩擦聲。	The leaves rustled softly in the evening breeze.	樹葉在晚風中發出輕柔的沙沙聲。	[{"text":"leaves rustle in the wind","meaningZh":"樹葉在風中沙沙作響"}]
sabotage	noun	noun	deliberate damage or disruption caused to prevent something from succeeding	蓄意破壞	常見 an act of sabotage，強調刻意破壞設備、計畫或行動以阻礙其成功。	Investigators suspected sabotage as the cause of the factory fire.	調查人員懷疑這場工廠火災是蓄意破壞所致。	[{"text":"an act of sabotage","meaningZh":"蓄意破壞行為"}]
sack	noun	noun	a large bag made of strong material, used for carrying or storing goods	麻布袋；大袋子	常見 a sack of potatoes；口語片語 get the sack 指被解僱。	They loaded several sacks of rice onto the truck.	他們把好幾袋米裝上卡車。	[{"text":"a sack of potatoes","meaningZh":"一大袋馬鈴薯"}]
sacred	adjective	adjective	regarded with great respect and reverence, especially for religious reasons	神聖的	常修飾 place、text、tradition，也可比喻指極為重要、不可侵犯的事物，如 a sacred promise。	The temple is considered a sacred site by local worshippers.	這座寺廟被當地信徒視為神聖之地。	[{"text":"a sacred site","meaningZh":"聖地"}]
sacrifice	noun	noun	the act of giving up something valuable for the sake of something more important	犧牲	常見 make a sacrifice for，強調為達成某目標而放棄珍貴之物。	Her parents made many sacrifices to send her to college.	她的父母做出許多犧牲才供她念大學。	[{"text":"make a sacrifice","meaningZh":"作出犧牲"}]
sadden	verb	verb	to make someone feel unhappy or sorrowful	使悲傷；使難過	正式用語，常用被動 be saddened by，強調因某事而感到難過。	The news of his passing saddened the entire community.	他過世的消息讓整個社區都感到悲傷。	[{"text":"deeply saddened by","meaningZh":"因……深感悲痛"}]
saddle	noun	noun	a seat placed on the back of a horse or bicycle for a rider	馬鞍；座墊	常見 bicycle saddle、horse saddle，指供騎乘者坐的裝置。	She adjusted the saddle before mounting the horse.	她在騎上馬之前先調整了馬鞍。	[{"text":"a bicycle saddle","meaningZh":"自行車座墊"}]
sadistic	adjective	adjective	deriving pleasure from causing pain or suffering to others	虐待狂的；殘忍成性的	帶強烈負面意涵，形容人以他人痛苦為樂，常修飾 pleasure、tendency。	The villain in the movie had a sadistic streak.	這部電影裡的反派角色帶有虐待狂的傾向。	[{"text":"sadistic pleasure","meaningZh":"以虐待他人為樂"}]
safeguard	verb	verb	to protect something or someone from harm or damage	保護；捍衛	常接 rights、interests、data，強調採取措施以防範風險。	The new law aims to safeguard consumer rights.	這項新法旨在保護消費者的權益。	[{"text":"safeguard someone's rights","meaningZh":"保障某人的權利"}]
sage	noun	noun	a person who has great wisdom, especially one respected for their judgment and experience	聖人；智者	常見於文學或哲學語境，指因智慧與經驗而受人敬重的長者或思想家。	The village elder was regarded as a sage by the younger generation.	這位村中長者被年輕一輩視為智者。	[{"text":"an ancient sage","meaningZh":"古代聖賢"}]
sake	noun	noun	the purpose or benefit of doing something, used to explain the reason for an action	緣故；為了……	常見 for the sake of，表示做某事的理由或目的，如 for her sake（為了她好）。	He gave up smoking for the sake of his health.	他為了健康而戒菸。	[{"text":"for the sake of","meaningZh":"為了……"},{"text":"for goodness' sake","meaningZh":"看在老天的份上"}]
salmon	noun	noun	a large fish with pink flesh that lives in the sea and swims upriver to breed	鮭魚	常見於料理或釣魚語境，指這種洄游性魚類，也可指其肉色（淡粉橘色）。	Grilled salmon is one of the restaurant's specialties.	烤鮭魚是這家餐廳的招牌菜之一。	[{"text":"smoked salmon","meaningZh":"煙燻鮭魚"}]
salutary	adjective	adjective	producing good or beneficial effects, especially after something unpleasant	有益的；有益健康的	正式用語，常修飾 effect、lesson，強調雖然過程可能不愉快，但結果有益，如 a salutary lesson。	The failure taught him a salutary lesson about overconfidence.	這次失敗給了他一個關於自負的有益教訓。	[{"text":"a salutary lesson","meaningZh":"有益的教訓"}]
salute	verb	verb	to greet someone with a formal gesture of respect, especially by raising the hand to the head	敬禮；致敬	軍事語境常見（salute an officer），也可比喻用於表達敬意或讚賞（salute someone's courage）。	The soldiers saluted as the general passed by.	將軍經過時，士兵們向他敬禮。	[{"text":"salute the flag","meaningZh":"向國旗敬禮"}]
salvage	noun	noun	the act of saving goods, a ship, or property from damage, loss, or destruction	搶救；打撈	常見 salvage operation，指從沉船、火災等災難中搶救出可用的財物或設備。	The salvage operation recovered most of the ship's cargo.	這次打撈行動成功搶救出這艘船大部分的貨物。	[{"text":"a salvage operation","meaningZh":"打撈作業"}]
sample	noun	noun	a small amount of something used to show or test what the whole is like	樣品；樣本	常見 free sample、blood sample，指用來代表整體或供檢測用的小部分。	The doctor took a blood sample for testing.	醫生抽取了一份血液樣本以供檢驗。	[{"text":"a blood sample","meaningZh":"血液樣本"},{"text":"a free sample","meaningZh":"免費試用品"}]
sanction	noun	noun	an official penalty or restriction imposed to enforce compliance, or official approval or permission	制裁；核准	兩義常依語境：國際政治指懲罰性措施（economic sanctions）；正式語境指官方許可。	The United Nations imposed economic sanctions on the country.	聯合國對這個國家實施了經濟制裁。	[{"text":"impose sanctions on","meaningZh":"對……實施制裁"},{"text":"official sanction","meaningZh":"正式核准"}]
sanctuary	noun	noun	a place of safety or protection, especially for those fleeing danger, or a protected area for wildlife	庇護所；保護區	常見 wildlife sanctuary（野生動物保護區）、seek sanctuary（尋求庇護）。	The organization runs a sanctuary for abused and abandoned animals.	這個組織經營著一座收容受虐及棄養動物的庇護所。	[{"text":"a wildlife sanctuary","meaningZh":"野生動物保護區"},{"text":"seek sanctuary","meaningZh":"尋求庇護"}]
sandy	adjective	adjective	covered with or containing a lot of sand	多沙的；沙質的	常修飾 beach、soil，形容表面或土質含有大量沙子。	They spent the afternoon walking along the sandy beach.	他們花了一個下午沿著這片沙灘散步。	[{"text":"a sandy beach","meaningZh":"沙灘"}]
sane	adjective	adjective	having a healthy and reasonable mind; not mentally ill	神智正常的；理性的	常見 stay sane（保持理智），也可指判斷合理，與 insane 相對。	Staying sane during the chaotic move was a challenge.	在這場混亂的搬家過程中保持理智是一項挑戰。	[{"text":"a sane decision","meaningZh":"理性的決定"}]
sanguine	adjective	adjective	confidently optimistic, especially about a difficult situation	樂觀的；充滿信心的	正式用語，常見 sanguine about，形容人對前景抱持信心，即使情況不明朗。	Despite the setbacks, the coach remained sanguine about the team's chances.	儘管遭遇挫折，教練仍對這支球隊的勝算保持樂觀。	[{"text":"sanguine about the prospects","meaningZh":"對前景樂觀"}]
sarcastic	adjective	adjective	using remarks that clearly mean the opposite of what they say, in order to mock or criticize	諷刺的；挖苦的	常修飾 comment、tone，強調言語帶有反話式的嘲弄意味。	He made a sarcastic comment about her driving skills.	他對她的駕駛技術說了一句挖苦的話。	[{"text":"a sarcastic remark","meaningZh":"挖苦的話"}]
sardonic	adjective	adjective	mocking or scornful in a bitter or dry way	嘲諷的；冷嘲的	比 sarcastic 語氣更陰冷、輕蔑，常修飾 smile、humor，帶有輕蔑或冷酷的意味。	He gave a sardonic smile when he heard the excuse.	聽到那個藉口時，他露出了冷嘲的微笑。	[{"text":"a sardonic smile","meaningZh":"冷嘲的笑容"}]
satellite	noun	noun	a device sent into space to orbit the earth or another body, used for communication or observation	人造衛星	常見 communication satellite、weather satellite，也可比喻指依附於某中心的附屬國或機構。	The satellite transmits television signals around the globe.	這顆衛星向全球傳送電視訊號。	[{"text":"a communications satellite","meaningZh":"通訊衛星"}]
satisfaction	noun	noun	a feeling of pleasure or contentment because a need or desire has been fulfilled	滿足；滿意	常見 job satisfaction、customer satisfaction，強調需求或期望獲得實現後的正面感受。	She felt a deep sense of satisfaction after finishing the marathon。	完成馬拉松後，她感到深深的滿足。	[{"text":"customer satisfaction","meaningZh":"顧客滿意度"}]
satisfactory	adjective	adjective	acceptable or good enough to meet a requirement or standard	令人滿意的；達到標準的	常見 satisfactory result/performance，強調符合最低期望，但未必特別出色。	His grades this semester were satisfactory but not outstanding.	他這學期的成績尚可，但並不出色。	[{"text":"a satisfactory result","meaningZh":"令人滿意的結果"}]
savvy	noun	noun	practical knowledge and skill in a particular area	實務知識；訣竅	常見 business savvy、tech savvy，強調對某領域有敏銳的判斷力與實用技能。	Her marketing savvy helped the company grow rapidly.	她敏銳的行銷頭腦幫助公司迅速成長。	[{"text":"business savvy","meaningZh":"商業實務能力"}]
scan	verb	verb	to look at something quickly, or to use a device to examine or convert something electronically	瀏覽；掃描	常見 scan a document/the room，指快速查看，或用機器將實體轉為數位資料。	She scanned the newspaper for job listings.	她瀏覽報紙尋找徵才廣告。	[{"text":"scan a document","meaningZh":"掃描文件"},{"text":"scan the headlines","meaningZh":"瀏覽新聞標題"}]
scandal	noun	noun	a situation or event involving shameful or dishonest behavior that shocks public opinion	醜聞	常見 political/financial scandal，強調公開後引發輿論譁然的不道德或違法行為。	The corruption scandal forced the mayor to resign.	這起貪腐醜聞迫使市長辭職。	[{"text":"a political scandal","meaningZh":"政治醜聞"}]
scant	verb	verb	to provide an insufficient or inadequate amount of something	吝於給予；限制	較少見的動詞用法，強調刻意減少或給予不足；更常見的形容詞用法（scant attention）指數量極少。	The report scants the environmental risks involved.	這份報告對其中的環境風險輕描淡寫。	[{"text":"scant the details","meaningZh":"對細節交代不足"}]
scar	noun	noun	a mark left on the skin after a wound has healed, or a lasting effect of a painful experience	疤痕；創傷	字面指皮膚傷疤；比喻指心理上難以抹滅的創傷，如 emotional scars。	The surgery left a small scar on his arm.	這次手術在他手臂上留下了一道小疤痕。	[{"text":"a permanent scar","meaningZh":"永久疤痕"},{"text":"emotional scars","meaningZh":"情感創傷"}]
scarcely	adverb	adverb	almost not at all; barely	幾乎不；僅僅	常見 scarcely + had/could，強調程度極輕微，語氣比 hardly 稍正式。	She had scarcely arrived when the meeting started.	她才剛到，會議就開始了。	[{"text":"scarcely any","meaningZh":"幾乎沒有"}]
scarcity	noun	noun	a situation in which there is not enough of something needed	缺乏；短缺	常見 water scarcity、food scarcity，指資源供不應求的狀態。	The drought led to a scarcity of clean water.	乾旱導致了乾淨用水的短缺。	[{"text":"water scarcity","meaningZh":"水資源短缺"}]
scare	noun	noun	a sudden feeling of fear, or an event that causes widespread alarm	驚嚇；恐慌	常見 health scare、give someone a scare，指突發的恐懼感或引發大眾憂慮的事件。	The health scare made everyone more cautious about hygiene.	這次健康恐慌讓大家對衛生更加謹慎。	[{"text":"give someone a scare","meaningZh":"嚇某人一跳"},{"text":"a health scare","meaningZh":"健康恐慌"}]
scathing	adjective	adjective	extremely harsh and critical	嚴厲批評的；尖刻的	常修飾 review、criticism，強調言辭猛烈、毫不留情的批評。	The critic wrote a scathing review of the new restaurant.	這位評論家對這家新餐廳寫了一篇嚴厲的評論。	[{"text":"scathing criticism","meaningZh":"尖刻的批評"}]
scatter	verb	verb	to move or throw things in different directions so they spread out over an area	使散開；散布	常見 scatter seeds/papers，也可指人群因驚嚇而四散逃開。	The pigeons scattered when the dog ran towards them.	狗一衝過去，鴿子們就四散飛開了。	[{"text":"scatter seeds","meaningZh":"撒播種子"}]
scenario	noun	noun	a possible sequence of events or situation that could happen in the future	情境；可能發生的狀況	常見 worst-case scenario（最壞情況），指假設或推演出的一種可能局面。	Analysts outlined several possible scenarios for the economy next year.	分析師勾勒出明年經濟可能出現的幾種情境。	[{"text":"a worst-case scenario","meaningZh":"最壞的情況"}]
scenery	noun	noun	the natural features of a landscape, especially when considered attractive	風景；景色	常見 mountain scenery，也可指戲劇舞台的布景（stage scenery）。	The train ride offered breathtaking mountain scenery.	這趟火車之旅沿途山景令人屏息。	[{"text":"spectacular scenery","meaningZh":"壯麗的風景"}]
scent	noun	noun	a distinctive smell, especially a pleasant one	香味；氣味	常見 the scent of flowers，也可指動物追蹤獵物所依循的氣味痕跡。	The scent of fresh coffee filled the kitchen.	新鮮咖啡的香味瀰漫了整間廚房。	[{"text":"the scent of roses","meaningZh":"玫瑰花香"}]
schedule	noun	noun	a plan of times at which particular events or tasks are intended to happen	時間表；行程	常見 tight schedule、on schedule，也可作動詞 schedule a meeting，指安排時間。	Her schedule is packed with meetings this week.	她這週的行程排滿了會議。	[{"text":"a busy schedule","meaningZh":"忙碌的行程"},{"text":"ahead of schedule","meaningZh":"比預定時間提早"}]
scholar	noun	noun	a person who has studied a subject in great depth, especially at an academic level	學者	常見 a Fulbright scholar（傅爾布萊特學者），也可泛指博學之人。	He is a respected scholar of ancient Greek philosophy.	他是一位備受尊敬的古希臘哲學學者。	[{"text":"a distinguished scholar","meaningZh":"傑出的學者"}]
scholarly	adjective	adjective	relating to serious academic study, or showing a lot of knowledge	學術性的；博學的	常修飾 article、work，強調具有嚴謹學術水準或深厚學問，如 a scholarly journal。	The professor published a scholarly article on medieval literature.	這位教授發表了一篇關於中世紀文學的學術論文。	[{"text":"a scholarly journal","meaningZh":"學術期刊"}]
scholarship	noun	noun	an amount of money given to a student to help pay for their education, based on merit or need	獎學金	常見 win/receive a scholarship，指依成績或需求提供的助學補助。	She received a full scholarship to study engineering.	她獲得了全額獎學金攻讀工程學。	[{"text":"win a scholarship","meaningZh":"獲得獎學金"}]
scoop	noun	noun	a piece of important or exciting news reported by one journalist or organization before others	獨家新聞	新聞語境指搶先報導的重大消息；日常語境也可指用來舀取的工具（ice cream scoop）。	The reporter got a major scoop on the political scandal.	這名記者搶先獨家報導了這起政治醜聞。	[{"text":"a major scoop","meaningZh":"重大獨家新聞"}]
scope	noun	noun	the range of things that a subject, activity, or study deals with	範圍	常見 within/beyond the scope of，指某事物涵蓋或涉及的界限。	The scope of the investigation was later expanded to include other departments.	這項調查的範圍後來擴大到包含其他部門。	[{"text":"beyond the scope of","meaningZh":"超出……的範圍"}]
scorch	verb	verb	to burn the surface of something slightly, causing discoloration or damage	燒焦；烤焦	常接 fabric、grass 等受詞，強調表面因高溫而輕微受損變色。	The iron was too hot and scorched the shirt.	熨斗太燙，把襯衫燙焦了。	[{"text":"scorch the fabric","meaningZh":"把布料燙焦"}]
scorn	noun	noun	a strong feeling that someone or something deserves no respect at all	輕蔑；鄙視	常見 treat with scorn，強調對人或事物完全不屑一顧的態度，語氣強烈。	She looked at the proposal with obvious scorn.	她帶著明顯的輕蔑神情看著這份提案。	[{"text":"pour scorn on","meaningZh":"大肆嘲弄……"}]
scour	verb	verb	to search a place or thing very thoroughly, or to clean something by rubbing it hard	徹底搜尋；用力擦洗	兩義：徹底搜索某地（scour the internet）；用力刷洗表面（scour a pot）。	They scoured the city looking for the missing dog.	他們把整座城市徹底搜尋了一遍，尋找那隻走失的狗。	[{"text":"scour the internet","meaningZh":"徹底搜尋網路"},{"text":"scour a pot","meaningZh":"用力刷洗鍋子"}]
scourge	noun	noun	a cause of great suffering or trouble, especially one affecting many people	禍害；災禍根源	正式用語，常見 the scourge of poverty/disease，強調造成廣泛痛苦的根源。	Malaria remains a scourge in many developing countries.	瘧疾在許多開發中國家仍是一大禍害。	[{"text":"the scourge of poverty","meaningZh":"貧窮之害"}]
scowl	verb	verb	to frown in an angry or disapproving way	皺眉；怒視	常見 scowl at someone，強調因不悅或生氣而露出的凶狠表情。	He scowled at the noisy children next door.	他對隔壁吵鬧的孩子們皺眉怒視。	[{"text":"scowl at someone","meaningZh":"皺眉怒視某人"}]
scramble	verb	verb	to move quickly and awkwardly, often using your hands, or to compete hastily for something	攀爬；爭搶	常見 scramble to one's feet（匆忙爬起）、scramble for（爭搶），強調動作倉促混亂。	The children scrambled to grab the candy that fell from the piñata.	孩子們爭先恐後地搶奪從彩罐裡掉出來的糖果。	[{"text":"scramble up a hill","meaningZh":"手腳並用爬上山丘"},{"text":"scramble for seats","meaningZh":"爭搶座位"}]
scrap	noun	noun	a small piece or amount of something left over, or discarded material such as metal	碎片；廢料	常見 scrap paper、scrap metal，指剩餘的小片段或可回收的廢棄材料。	He jotted down the phone number on a scrap of paper.	他把電話號碼寫在一張碎紙片上。	[{"text":"scrap metal","meaningZh":"廢金屬"},{"text":"a scrap of paper","meaningZh":"一小片紙"}]
scrape	verb	verb	to rub something against a rough or hard surface, especially causing damage or removing material	刮；擦傷	常見 scrape one's knee、scrape paint off，強調摩擦造成損傷或去除表層。	She scraped her knee when she fell off her bike.	她從腳踏車上摔下來，擦傷了膝蓋。	[{"text":"scrape off the paint","meaningZh":"刮掉油漆"},{"text":"scrape your knee","meaningZh":"擦傷膝蓋"}]
scratch	noun	noun	a small cut or mark made on a surface by something sharp	抓痕；刮痕	常見 from scratch（從頭開始）、a scratch on the car，指表面的細小損傷。	There's a scratch on the surface of my new phone.	我的新手機表面有一道刮痕。	[{"text":"a deep scratch","meaningZh":"深刮痕"}]
scrawl	verb	verb	to write something quickly and untidily	潦草地寫	口語用法，常見 scrawl a note，強調字跡凌亂、缺乏耐心書寫。	He scrawled his signature at the bottom of the form.	他在表格底部潦草地簽了名。	[{"text":"scrawl a note","meaningZh":"潦草地寫張便條"}]
screw	noun	noun	a metal fastener with a spiral thread, tightened by turning	螺絲；螺釘	常見 tighten/loosen a screw，也可作動詞 screw sth in，指鎖入或旋緊物件。	He used a screwdriver to tighten the screw.	他用螺絲起子鎖緊了那顆螺絲。	[{"text":"tighten a screw","meaningZh":"鎖緊螺絲"}]
scribble	verb	verb	to write something quickly and carelessly, often making it hard to read	潦草書寫；亂寫	常見 scribble a note/reminder，強調匆忙寫下，字跡難以辨認。	She scribbled a quick note before rushing out the door.	她匆忙寫下一張便條後就衝出了門。	[{"text":"scribble down a number","meaningZh":"匆匆記下號碼"}]
script	noun	noun	the written text of a play, film, or speech	劇本；講稿	常見 movie script、read from a script，指供演出或發表使用的完整文字內容。	The actors rehearsed their lines from the script.	演員們依照劇本排練台詞。	[{"text":"write a script","meaningZh":"撰寫劇本"}]
sculpt	verb	verb	to create a shape or figure by carving or shaping a material such as stone or wood	雕刻；塑造	常見 sculpt a statue，也可比喻指精心塑造某種形象或成果。	The artist sculpted a lifelike figure out of marble.	這位藝術家用大理石雕刻出一尊栩栩如生的雕像。	[{"text":"sculpt in marble","meaningZh":"用大理石雕刻"}]
sculpture	noun	noun	a three-dimensional work of art created by carving, modeling, or casting	雕塑；雕刻作品	常見 a bronze sculpture，指以雕刻、塑形或鑄造方式製成的立體藝術品。	The park displays several modern sculptures by local artists.	這座公園展示了幾件當地藝術家創作的現代雕塑。	[{"text":"a bronze sculpture","meaningZh":"青銅雕塑"}]
scurry	verb	verb	to move quickly with short, hurried steps, especially out of fear or urgency	急忙奔跑；匆匆走動	常見於描述小動物或人因驚慌、緊急而快速移動，如 scurry away。	Mice scurried across the kitchen floor when the light came on.	燈一亮，老鼠就在廚房地板上四處竄逃。	[{"text":"scurry away","meaningZh":"匆忙跑開"}]
seal	noun	noun	an official stamp or mark used to authenticate a document, or a device used to close something tightly and prevent leaks	印章；密封裝置	兩義常見：正式文件上的官方印記（official seal）；防止洩漏的裝置（rubber seal）。	The document bears the official seal of the government.	這份文件蓋有政府的官方印章。	[{"text":"an official seal","meaningZh":"官方印章"},{"text":"a watertight seal","meaningZh":"防水密封裝置"}]
sear	verb	verb	to burn or scorch the surface of something with sudden intense heat	烤焦；灼燒表面	常見於烹飪語境，如 sear a steak（將牛排表面煎至焦香），強調高溫快速加熱表層。	The chef seared the steak for two minutes on each side.	主廚將牛排兩面各煎烤了兩分鐘。	[{"text":"sear the meat","meaningZh":"將肉的表面煎焦"}]
seasonal	adjective	adjective	happening or needed only at a particular time of year	季節性的	常見 seasonal work、seasonal allergies，指依季節而變化或僅在特定季節出現的事物。	Many resorts hire seasonal workers during the summer.	許多度假村在夏季會雇用季節性員工。	[{"text":"seasonal employment","meaningZh":"季節性工作"},{"text":"seasonal vegetables","meaningZh":"當季蔬菜"}]
secondary	adjective	adjective	less important than something else, or coming after or resulting from something primary	次要的；次級的	常見 secondary concern、secondary school（中學），與 primary（主要的／初等的）相對。	Cost was a secondary concern compared to safety.	與安全性相比，成本是次要的考量。	[{"text":"of secondary importance","meaningZh":"屬於次要的重要性"}]
secrete	verb	verb	(of a cell, organ, or gland) to produce and release a substance	分泌	生物學用語，常見 glands secrete hormones，指器官或細胞產生並釋放物質。	The pancreas secretes insulin to regulate blood sugar.	胰臟會分泌胰島素來調節血糖。	[{"text":"secrete hormones","meaningZh":"分泌荷爾蒙"}]
secretion	noun	noun	a substance produced and released by a cell, gland, or organ	分泌物	常見 hormone secretion，指由腺體或細胞產生並釋出的物質，也可指分泌過程本身。	Sweat is a secretion produced by glands in the skin.	汗水是由皮膚中的腺體所分泌的一種物質。	[{"text":"nasal secretions","meaningZh":"鼻腔分泌物"}]
secretive	adjective	adjective	tending to hide one's thoughts, feelings, or activities from others	隱秘的；愛保密的	常修飾 person、about，形容人不願透露資訊，語氣中性偏保留。	He has always been secretive about his personal finances.	他對自己的財務狀況一向十分保密。	[{"text":"secretive about one's plans","meaningZh":"對自己的計畫保密"}]
secular	adjective	adjective	not connected with religious or spiritual matters	世俗的；非宗教的	常見 secular society、secular education，與宗教（religious）相對，指與信仰無關的事物。	The country has a secular constitution that separates church and state.	這個國家的憲法屬世俗性質，政教分離。	[{"text":"a secular state","meaningZh":"世俗國家"}]
secure	adjective	adjective	safe from danger, risk, or the possibility of loss	安全的；有保障的	常見 secure job、feel secure，也可作動詞 secure a deal，指取得或確保某事。	She finally feels secure in her new job.	她終於在新工作中感到安穩有保障。	[{"text":"a secure job","meaningZh":"有保障的工作"}]
sedentary	adjective	adjective	involving a lot of sitting and little physical activity	久坐的；缺乏運動的	常見 sedentary lifestyle/job，形容日常活動量低、長時間坐著的生活型態。	A sedentary lifestyle increases the risk of heart disease.	久坐不動的生活型態會增加罹患心臟病的風險。	[{"text":"a sedentary lifestyle","meaningZh":"久坐的生活方式"}]
sediment	noun	noun	solid material that settles at the bottom of a liquid, or matter deposited by water, wind, or ice	沉澱物；沉積物	常見 river sediment，指自然堆積於水底或地表的物質。	Sediment gradually built up at the bottom of the riverbed.	沉積物逐漸堆積在河床底部。	[{"text":"river sediment","meaningZh":"河流沉積物"}]
seemingly	adverb	adverb	based on what appears to be true, though this may not be the case	表面上；看似	常修飾形容詞或整句，如 a seemingly simple task，暗示表象與實際可能不同。	The project seemed a seemingly straightforward task at first.	這項專案起初看似是件簡單的任務。	[{"text":"seemingly impossible","meaningZh":"看似不可能的"}]
seep	verb	verb	(of a liquid) to flow slowly through small holes or spaces	滲出；滲漏	常見 water seeps through，指液體緩慢地穿過縫隙或孔洞流出。	Water seeped through the cracks in the basement wall.	水從地下室牆壁的裂縫中滲了出來。	[{"text":"seep through the cracks","meaningZh":"從裂縫滲出"}]
seethe	verb	verb	to be extremely angry, though often not showing it openly	怒火中燒；暗自憤怒	常見 seethe with anger/rage，強調內心強烈的憤怒情緒，未必表現於外。	She seethed with anger but said nothing during the meeting.	她在會議中怒火中燒，卻什麼也沒說。	[{"text":"seethe with anger","meaningZh":"怒火中燒"}]
segment	noun	noun	one of the parts that something is divided into	部分；區段	常見 market segment（市場區塊）、a segment of the population，指整體中的某一部分。	The company targets a specific segment of young professionals.	這家公司鎖定年輕專業人士這個特定客群。	[{"text":"a market segment","meaningZh":"市場區隔"}]
seize	verb	verb	to take hold of something firmly and suddenly, or to take control of something by force	抓住；奪取	常見 seize an opportunity（把握機會）、seize power（奪取政權），依受詞判斷字面或比喻義。	She seized the opportunity to ask the CEO a question.	她把握機會向執行長提出了一個問題。	[{"text":"seize the opportunity","meaningZh":"把握機會"},{"text":"seize control","meaningZh":"奪取控制權"}]
select	verb	verb	to choose someone or something from a group after careful consideration	挑選；選擇	比 choose 更正式，常見 select a candidate/option，強調經過篩選後做出的選擇。	The committee selected three finalists from over a hundred applicants.	委員會從一百多名申請者中挑選出三名決賽入圍者。	[{"text":"select from a list","meaningZh":"從清單中選擇"}]
selection	noun	noun	the act of choosing something, or a range of things from which to choose	選擇；精選品	常見 a wide selection of，指可供挑選的多樣品項，也可指挑選這項行為本身。	The store offers a wide selection of imported cheeses.	這家店提供各種琳瑯滿目的進口起司供顧客選擇。	[{"text":"a wide selection of books","meaningZh":"多種可供挑選的書籍"}]
semblance	noun	noun	an outward appearance that may not reflect the true nature of something	表象；外表	正式用語，常見 a semblance of order/normality，暗示表面看似如此，但實際未必。	The city tried to maintain a semblance of normal life during the crisis.	這座城市在危機期間試圖維持表面上正常的生活。	[{"text":"a semblance of normality","meaningZh":"表面上恢復正常"}]
semester	noun	noun	one of the two main periods into which an academic year is divided	學期	美式教育用語，一學年通常分為 fall semester 和 spring semester 兩學期。	She is taking five courses this semester.	她這學期修了五門課。	[{"text":"the fall semester","meaningZh":"秋季學期"}]
seminal	adjective	adjective	having a strong and lasting influence on later developments, especially in a field of study	開創性的；有深遠影響的	正式用語，常修飾 work、study，指對後續發展具有重大且持久影響的作品或研究。	His seminal paper laid the foundation for modern genetics.	他這篇開創性的論文奠定了現代遺傳學的基礎。	[{"text":"a seminal work","meaningZh":"具開創性的著作"}]
seminar	noun	noun	a meeting or class in which a small group discusses or receives training on a particular topic	研討會；專題討論課	常見 attend a seminar，指學術或專業訓練場合中的小組討論或講座。	The university offers a seminar on international business law.	這所大學開設了一門國際商法研討課程。	[{"text":"attend a seminar","meaningZh":"參加研討會"}]
senator	noun	noun	a member of a senate, the upper house of a legislative body	參議員	政治用語，常見 U.S. Senator，指參議院的民選成員。	The senator proposed a new bill on healthcare reform.	這位參議員提出了一項醫療改革的新法案。	[{"text":"a state senator","meaningZh":"州參議員"}]
senile	adjective	adjective	showing a decline in mental or physical abilities associated with old age	老年失智的；衰老的	帶醫學或負面意涵，形容因高齡導致的心智或身體機能衰退，較 elderly 更負面。	Her grandfather has become increasingly senile over the past few years.	她的祖父近幾年來變得越來越老年失智。	[{"text":"senile dementia","meaningZh":"老年失智症（較舊的醫學用語）"}]
sensation	noun	noun	a physical feeling caused by something affecting the body, or a state of great public excitement	感覺；轟動	兩義：身體上的感受（a burning sensation）；引發大眾興奮的事件（cause a sensation）。	The new pop star caused a sensation with her debut single.	這位新流行歌手以她的首張單曲引起了轟動。	[{"text":"a burning sensation","meaningZh":"灼熱感"},{"text":"cause a sensation","meaningZh":"引起轟動"}]
sensible	adjective	adjective	showing good judgment and practical thinking	明智的；理智的	常修飾 decision、advice，強調符合常理、務實的判斷，與 sensitive（敏感的）不可混淆。	It would be sensible to save some money each month.	每個月存一點錢是明智的做法。	[{"text":"a sensible decision","meaningZh":"明智的決定"}]
sensitive	adjective	adjective	easily affected, hurt, or offended by things, or requiring careful handling	敏感的；易受影響的	常見 sensitive topic、sensitive skin，指容易受外界刺激影響或需謹慎處理的事物。	This is a sensitive topic, so please choose your words carefully.	這是個敏感話題，請謹慎措辭。	[{"text":"sensitive to light","meaningZh":"對光敏感"}]
sensitivity	noun	noun	the quality of being easily affected by, or responsive to, something	敏感度；靈敏度	常見 cultural sensitivity（文化敏感度）、skin sensitivity，指對外界刺激或他人感受的敏銳程度。	The training improved employees' cultural sensitivity.	這項訓練提升了員工的文化敏感度。	[{"text":"sensitivity to criticism","meaningZh":"對批評的敏感"}]
sensual	adjective	adjective	relating to or giving pleasure through the physical senses, especially in a sexual way	感官的；肉慾的	常修飾 pleasure、experience，強調透過身體感官（尤指性方面）獲得的愉悅感。	The dance was known for its slow, sensual movements.	這支舞蹈以其緩慢而充滿感官魅力的動作聞名。	[{"text":"sensual pleasure","meaningZh":"感官享受"}]
sentiment	noun	noun	a feeling or opinion, especially one based on emotion rather than reason	情感；情緒；意見	常見 public sentiment、sentimental value，可指個人情感，也可指群體對某議題的普遍看法。	Public sentiment turned against the new tax policy.	大眾的情緒轉為反對這項新稅收政策。	[{"text":"public sentiment","meaningZh":"民眾情緒或看法"}]
septic	adjective	adjective	infected with harmful bacteria, or relating to the decay of matter caused by bacteria	膿毒性的；腐敗的	醫學語境常見 septic wound（傷口感染化膿）；也可用於 septic tank（化糞池）。	The wound became septic and required immediate treatment.	這個傷口感染化膿，需要立即接受治療。	[{"text":"a septic wound","meaningZh":"感染化膿的傷口"}]
sequence	noun	noun	a particular order in which related things follow one another	順序；序列	常見 in sequence、a sequence of events，強調事物依邏輯或時間排列的次序。	The instructions must be followed in the correct sequence.	這些指示必須依正確的順序執行。	[{"text":"in sequence","meaningZh":"依序"}]
sequential	adjective	adjective	following a particular order, one after another	依序的；連續的	常修飾 steps、process，強調事物按照固定順序逐一發生或進行。	The training program consists of sequential modules that build on each other.	這項訓練課程由環環相扣、依序漸進的單元組成。	[{"text":"in sequential order","meaningZh":"按照先後順序"}]
seriously	adverb	adverb	in a way that shows careful thought and genuine concern, or to a great degree	認真地；嚴重地	常見 take something seriously、seriously injured，依語境指態度認真或程度嚴重。	You need to take your health more seriously.	你需要更認真看待自己的健康。	[{"text":"take something seriously","meaningZh":"認真看待某事"},{"text":"seriously injured","meaningZh":"身受重傷"}]
sever	verb	verb	to cut off or divide something completely, or to end a relationship or connection	切斷；斷絕（關係）	字面指物理上切斷（sever a rope）；比喻指終止關係，如 sever diplomatic ties。	The two countries severed diplomatic relations after the dispute.	這兩個國家在爭端後斷絕了外交關係。	[{"text":"sever ties with","meaningZh":"與……斷絕關係"}]
severe	adjective	adjective	very bad, serious, or intense in degree	嚴重的；劇烈的	常修飾 pain、weather、punishment，強調程度極為強烈或情況非常惡劣。	The region experienced severe flooding after the storm.	這個地區在暴風雨後遭受了嚴重的洪災。	[{"text":"severe pain","meaningZh":"劇痛"}]
sewage	noun	noun	waste water and human excrement carried away in drains or sewers	汙水；廢水	常見 sewage treatment plant（汙水處理廠），指經下水道系統排放的髒水。	The city built a new plant to treat sewage more efficiently.	這座城市興建了一座新工廠，以更有效地處理汙水。	[{"text":"sewage treatment","meaningZh":"汙水處理"}]
shade	noun	noun	an area of comparative darkness created by something blocking direct sunlight	陰影；蔭涼處	常見 in the shade（在陰涼處），也可指顏色的深淺變化（a shade of blue）。	They sat in the shade of the old oak tree.	他們坐在那棵老橡樹的樹蔭下。	[{"text":"in the shade","meaningZh":"在陰涼處"}]
shaft	noun	noun	a long, narrow vertical or sloping passage, or the long straight handle of a tool or weapon	豎井；（工具的）柄	常見 elevator shaft（電梯井）、mine shaft（礦井），也可指箭、矛等的桿身部分。	The elevator shaft runs through the center of the building.	這座電梯井貫穿整棟建築的中央。	[{"text":"a mine shaft","meaningZh":"礦井"}]
shallow	adjective	adjective	not deep, either physically or in terms of thought or feeling	淺的；膚淺的	常見 shallow water（淺水），也可比喻指思想或情感不夠深刻，如 a shallow argument。	The children played safely in the shallow end of the pool.	孩子們在泳池的淺水區安全地玩耍。	[{"text":"shallow water","meaningZh":"淺水"}]
sham	noun	noun	something that is not genuine but is presented as if it were, intended to deceive	假貨；騙局	常見 expose a sham，強調表面看似真實但實際上是虛假、欺騙性的事物。	The whole charity event turned out to be a sham.	這整場慈善活動最後被揭發是一場騙局。	[{"text":"a sham marriage","meaningZh":"假結婚"}]
sharp	adjective	adjective	having a fine edge or point capable of cutting, or showing quick and clear thinking	鋒利的；敏銳的	字面指刀刃銳利；比喻指頭腦靈敏、反應快，如 a sharp mind。	She has a sharp mind and picks up new skills quickly.	她頭腦敏銳，學習新技能很快。	[{"text":"a sharp knife","meaningZh":"鋒利的刀"}]
sharply	adverb	adverb	suddenly and to a great degree, or in a severe and critical manner	急遽地；嚴厲地	常見 rise/fall sharply（急遽上升／下降），也可修飾說話語氣，如 speak sharply。	Stock prices fell sharply after the announcement.	消息公布後，股價急遽下跌。	[{"text":"rise sharply","meaningZh":"急遽上升"}]
shatter	verb	verb	to break suddenly into many small pieces, or to destroy something completely, such as hope or confidence	粉碎；破滅	字面指玻璃等物品碎裂；比喻指希望、信心等徹底破滅，如 shatter someone's dreams。	The vase shattered into pieces when it hit the floor.	那只花瓶掉到地上摔得粉碎。	[{"text":"shatter someone's confidence","meaningZh":"摧毀某人的信心"}]
shave	verb	verb	to remove hair from the skin using a razor	刮（鬍子、毛）	常見 shave one's face/legs，也可比喻指削減少量，如 shave costs（削減成本）。	He shaves his face every morning before work.	他每天早上上班前都會刮鬍子。	[{"text":"shave off a beard","meaningZh":"刮掉鬍子"}]
shear	verb	verb	to cut the wool off a sheep, or to cut through something with a sharp force	剪（羊毛）；剪斷	常見 shear sheep（剪羊毛），物理學語境也指材料受剪力作用而斷裂。	The farmer shears his sheep every spring.	這位農夫每年春天都會為他的羊剪毛。	[{"text":"shear sheep","meaningZh":"剪羊毛"}]
sheer	adverb	adverb	straight up or down, without any slope or interruption	陡直地；完全地	常修飾 rise/drop，強調垂直上升或下降的角度，如 rise sheer from the sea。	The cliff rose sheer from the ocean below.	那座懸崖從下方的海面陡直聳立而上。	[{"text":"rise sheer from the sea","meaningZh":"從海面陡直聳立"}]
shell	noun	noun	the hard outer covering of an egg, nut, or certain animals, or a metal case containing explosives fired from a large gun	殼；砲彈	兩義：生物外殼（egg shell、seashell）；軍事用語指砲彈。	The turtle withdrew into its shell when it sensed danger.	這隻烏龜一感覺到危險就縮進了殼裡。	[{"text":"an empty shell","meaningZh":"空殼"}]
shelter	noun	noun	a place that provides protection from danger, weather, or homelessness	庇護所；避難處	常見 homeless shelter、bomb shelter，指提供暫時保護或住所的場所。	The animal shelter takes in stray dogs and cats.	這間動物收容所收留流浪的貓狗。	[{"text":"seek shelter","meaningZh":"尋求庇護"}]
shelve	verb	verb	to decide to postpone or abandon a plan or project	擱置（計畫）	常見 shelve a plan/project，強調暫時或永久放下某項計畫不予推行。	The company decided to shelve the merger plans due to market conditions.	由於市場狀況，這家公司決定擱置合併計畫。	[{"text":"shelve a proposal","meaningZh":"擱置提案"}]
shepherd	noun	noun	a person who takes care of and guides a flock of sheep	牧羊人	字面指看管羊群的人；也可作動詞 shepherd sb through sth，比喻指引導、帶領某人完成某事。	The shepherd led his flock down from the mountain before the storm.	這位牧羊人在暴風雨來臨前把羊群趕下山。	[{"text":"a shepherd and his flock","meaningZh":"牧羊人和他的羊群"}]
sheriff	noun	noun	the chief law enforcement officer of a county, especially in the United States	郡治安官	美式用語，指美國郡級的最高執法官員，與 police officer 不同層級。	The sheriff organized a search party for the missing hiker.	這位治安官組織了一支搜救隊尋找失蹤的健行者。	[{"text":"a county sheriff","meaningZh":"郡治安官"}]
shield	noun	noun	a protective covering carried to defend against attack, or something that provides protection	盾牌；防護物	字面指士兵持有的防禦裝備；比喻指任何提供保護的事物，如 a shield against criticism。	The riot police used shields to protect themselves from the crowd.	鎮暴警察用盾牌保護自己免受群眾攻擊。	[{"text":"a protective shield","meaningZh":"防護罩"}]
shift	noun	noun	a change in position, direction, or condition, or a scheduled period of work	轉變；輪班	常見 shift in policy（政策轉變）、night shift（夜班），依語境判斷抽象變化或工作班次。	She works the night shift at the hospital.	她在醫院值夜班。	[{"text":"a night shift","meaningZh":"夜班"},{"text":"a shift in attitude","meaningZh":"態度的轉變"}]
shimmer	verb	verb	to shine with a soft, faint, and flickering light	閃爍；微微發光	常見 shimmer in the sunlight，形容光線柔和而不穩定地閃動，常用於描述水面、絲綢等。	The lake shimmered under the moonlight.	湖水在月光下微微閃爍。	[{"text":"shimmer in the sunlight","meaningZh":"在陽光下閃爍"}]
shiny	adjective	adjective	reflecting light because smooth, polished, or new	光亮的；有光澤的	常修飾 surface、hair、shoes，形容表面因光滑或拋光而反光。	He polished his shoes until they were shiny.	他把鞋子擦得閃閃發亮。	[{"text":"shiny black shoes","meaningZh":"亮黑色的鞋子"}]
shiver	verb	verb	to shake slightly, usually because of cold or fear	顫抖；哆嗦	常見 shiver with cold/fear，強調身體因寒冷或恐懼而微微發抖。	She shivered in the cold wind while waiting for the bus.	她在寒風中等公車時冷得直發抖。	[{"text":"shiver with cold","meaningZh":"冷得發抖"}]
shock	noun	noun	a sudden and unpleasant feeling of surprise, or a serious medical condition caused by injury or trauma	震驚；休克	常見 in shock、come as a shock，也可指醫學上因創傷導致的生理危急狀態。	The news came as a great shock to everyone.	這個消息讓每個人都感到十分震驚。	[{"text":"in a state of shock","meaningZh":"處於震驚或休克狀態"}]
shore	noun	noun	the land along the edge of the sea, a lake, or another large body of water	海岸；岸邊	常見 on shore、along the shore，指陸地與水域交界的地帶。	They walked along the shore collecting seashells.	他們沿著海岸邊走邊撿貝殼。	[{"text":"on the shore","meaningZh":"在岸邊"}]
shortage	noun	noun	a situation in which there is not enough of something that is needed	短缺；不足	常見 labor shortage、water shortage，強調需求與供給間的落差。	The factory is facing a serious shortage of raw materials.	這家工廠正面臨嚴重的原料短缺問題。	[{"text":"a shortage of water","meaningZh":"缺水"}]
shove	verb	verb	to push someone or something roughly and carelessly	用力推；猛推	常見 shove sb aside，強調動作粗魯、缺乏禮貌的推擠。	He shoved his way through the crowded subway car.	他在擁擠的地鐵車廂裡推擠著前進。	[{"text":"shove someone aside","meaningZh":"把某人用力推到一旁"}]
shred	noun	noun	a very small piece or amount of something	碎片；一絲一毫	常見 not a shred of evidence（沒有一絲證據），強調數量極少甚至幾乎不存在。	There wasn't a shred of evidence to support his claim.	沒有一絲證據能支持他的說法。	[{"text":"a shred of evidence","meaningZh":"一絲證據"}]
shrewd	adjective	adjective	having sharp judgment, especially in practical or business matters	精明的；老練的	常修飾 businessman、investor，強調在實務或利益判斷上頭腦清楚、精於算計。	She is a shrewd negotiator who rarely loses a deal.	她是位精明的談判高手，很少在交易中吃虧。	[{"text":"a shrewd investment","meaningZh":"精明的投資"}]
shriek	verb	verb	to make a loud, high-pitched cry, especially from fear, pain, or excitement	尖叫	常見 shriek in terror/delight，強調突發、尖銳的高聲叫喊。	The children shrieked with delight on the roller coaster.	孩子們在雲霄飛車上興奮地尖叫。	[{"text":"shriek with fear","meaningZh":"嚇得尖叫"}]
shrimp	noun	noun	a small edible shellfish with a long tail and many legs	蝦	常見於料理語境，如 shrimp cocktail、fried shrimp，指這種常見的甲殼類海鮮。	The chef grilled the shrimp with garlic and butter.	主廚用大蒜和奶油烤了這些蝦子。	[{"text":"grilled shrimp","meaningZh":"烤蝦"}]
shrine	noun	noun	a place considered holy because of its association with a sacred person or object	聖地；神龕	常見於宗教語境，如 a shrine to a saint，指供奉神明或紀念聖者的場所。	Pilgrims travel from far away to visit the ancient shrine.	朝聖者從遠方前來造訪這座古老的聖地。	[{"text":"a sacred shrine","meaningZh":"神聖的祭祀場所"}]
shrink	verb	verb	to become or make smaller in size, amount, or value	收縮；縮小	常見 shrink in the wash（洗後縮水），也可比喻指經濟規模、市場等縮減。	The sweater shrank after being washed in hot water.	這件毛衣用熱水洗過後縮水了。	[{"text":"shrink in the wash","meaningZh":"洗後縮水"}]
shroud	verb	verb	to cover or hide something completely, making it difficult to see or understand	籠罩；掩蓋	常見 shrouded in mystery/secrecy，強調事物被神秘或不明的氣氛所包圍。	The mountain peak was shrouded in mist all morning.	整個早上山頂都被薄霧籠罩著。	[{"text":"be shrouded in mystery","meaningZh":"籠罩在謎團中"}]
shrub	noun	noun	a woody plant that is smaller than a tree and has several stems	灌木	常見於園藝語境，如 trim the shrubs，指比樹矮小、多分枝的木本植物。	The garden is lined with neatly trimmed shrubs.	這座花園兩側種著修剪整齊的灌木。	[{"text":"an evergreen shrub","meaningZh":"常綠灌木"}]
shrug	verb	verb	to raise your shoulders slightly to show you do not know or do not care about something	聳肩	常見 shrug one's shoulders、shrug off（不予理會），表達不在乎或不確定的態度。	She just shrugged when asked about her plans.	被問到她的計畫時，她只是聳了聳肩。	[{"text":"shrug one's shoulders","meaningZh":"聳肩"},{"text":"shrug off criticism","meaningZh":"對批評不以為意"}]
shun	verb	verb	to deliberately avoid someone or something	迴避；躲避	常見 shun publicity、be shunned by，強調刻意疏遠或不與某人事物往來。	After the scandal, he was shunned by his former colleagues.	醜聞爆發後，他被以前的同事所迴避。	[{"text":"shun publicity","meaningZh":"避開公眾關注"}]
shunt	verb	verb	to move someone or something to a different, usually less important, place or position	轉移；使改道	常見於鐵路（將列車轉軌）或比喻用法，指把人或事物排擠到次要位置。	The old files were shunted off to a storage room.	那些舊檔案被轉移到儲藏室裡。	[{"text":"shunt traffic onto a side road","meaningZh":"把車流引向側路"}]
shuttle	noun	noun	a vehicle that travels regularly back and forth over a short distance between two places	接駁車；穿梭巴士	常見 airport shuttle，指往返固定路線的交通工具，強調頻繁往返的特性。	We took a shuttle from the hotel to the airport.	我們搭乘接駁車從飯店前往機場。	[{"text":"an airport shuttle","meaningZh":"機場接駁車"}]
sibling	noun	noun	a person's brother or sister	手足；兄弟姊妹	正式或學術用語，常見 sibling rivalry（手足競爭），泛指兄弟姊妹關係，不分性別。	Sibling rivalry is common among children close in age.	年齡相近的孩子之間常見手足競爭。	[{"text":"sibling rivalry","meaningZh":"手足間的競爭"}]
sickness	noun	noun	the state of being ill, or a particular illness	疾病；生病	常見 morning sickness（孕吐）、motion sickness（暈車），泛指身體不適的狀態。	She took a few days off work due to sickness.	她因為生病請了幾天假。	[{"text":"motion sickness","meaningZh":"暈動症"}]
siege	noun	noun	a military operation in which enemy forces surround a place to cut off supplies and force surrender	圍攻；圍城	常見 under siege，也可比喻指持續遭受壓力或攻擊的情況。	The castle withstood a siege that lasted for months.	這座城堡撐過了長達數月的圍攻。	[{"text":"under siege","meaningZh":"遭到圍攻"}]
sigh	noun	noun	a long, deep breath that shows feelings such as sadness, relief, or tiredness	嘆息；嘆氣	常見 heave a sigh of relief（鬆了一口氣），也可作動詞 sigh，強調透過呼吸表達情緒。	She let out a sigh of relief when the test results came back normal.	檢查結果正常時，她鬆了一口氣。	[{"text":"a sigh of relief","meaningZh":"鬆了一口氣的嘆息"}]
signal	noun	noun	a sign, gesture, or sound that conveys information or gives instruction	訊號；信號	常見 traffic signal、warning signal，也可作動詞 signal，指發出訊號傳達訊息。	The captain gave a signal for the ship to depart.	船長發出訊號，讓船隻出發。	[{"text":"a warning signal","meaningZh":"警告訊號"}]
signature	noun	noun	a person's name written by their own hand, especially to confirm identity or agreement	簽名	常見 sign your signature、a signature dish（招牌菜），後者為比喻用法，指代表性特徵。	Please provide your signature at the bottom of the contract.	請在合約底部簽名。	[{"text":"a digital signature","meaningZh":"數位簽章"}]
significance	noun	noun	the importance or meaning of something	重要性；意義	常見 historical significance、of great significance，強調某事物在背景脈絡中的重要程度。	The discovery had great significance for medical research.	這項發現對醫學研究具有重大意義。	[{"text":"statistical significance","meaningZh":"統計顯著性"}]
signify	verb	verb	to be a sign of something, or to indicate or show a meaning	表示；意味著	正式用語，常見 signify a change/agreement，強調某事物象徵或代表特定意義。	A red flag signifies danger in this context.	在這種情境下，紅旗代表危險。	[{"text":"signify approval","meaningZh":"表示贊同"}]
simplicity	noun	noun	the quality of being easy to understand or use, without unnecessary complexity	簡單；簡樸	常見 for simplicity、simplicity of design，強調不繁瑣、易於理解或操作的特質。	The beauty of this design lies in its simplicity.	這項設計的美就在於它的簡約。	[{"text":"for the sake of simplicity","meaningZh":"為了簡化起見"}]
simultaneously	adverb	adverb	at the same time as something else	同時地	常見 happen simultaneously，強調兩個或多個事件在同一時刻發生。	The two teams launched their products simultaneously.	這兩家公司同時推出了各自的產品。	[{"text":"occur simultaneously","meaningZh":"同時發生"}]
singularity	noun	noun	the quality of being unusual or remarkable, or a point at which normal rules do not apply	獨特性；奇異點	日常用語指與眾不同的特質；科學語境（黑洞、人工智慧）則指特殊的臨界點。	Scientists debate when technological singularity might occur.	科學家們爭論技術奇異點何時可能發生。	[{"text":"the singularity of his vision","meaningZh":"他觀點的獨特性"},{"text":"a gravitational singularity","meaningZh":"重力奇異點"}]
sink	verb	verb	to go down below the surface of a liquid, or to gradually decrease in level or amount	下沉；下降	常見 sink to the bottom，也可比喻指士氣、數值等下滑，如 spirits sink。	The ship began to sink after hitting the iceberg.	這艘船撞上冰山後開始下沉。	[{"text":"sink to the bottom","meaningZh":"沉到底部"}]
skeleton	noun	noun	the structure of bones that supports a body, or the basic framework of something	骨骼；骨架	字面指人體或動物的骨骼結構；比喻指計畫、故事等的基本架構，如 skeleton of a plan。	The museum displays a complete dinosaur skeleton.	這座博物館展示了一副完整的恐龍骨骼。	[{"text":"the human skeleton","meaningZh":"人體骨骼"}]
skeptical	adjective	adjective	having doubts about whether something is true, good, or right	懷疑的	常見 skeptical of/about，強調對主張、承諾或說法不輕易相信的態度。	Investors remain skeptical about the company's growth projections.	投資者對這家公司的成長預測仍抱持懷疑態度。	[{"text":"skeptical of the claims","meaningZh":"對這些說法持懷疑態度的"}]
sketch	noun	noun	a rough or quick drawing that shows the main features of something	素描；草圖	常見 make a sketch of，也可指簡短的文字描述（a character sketch）。	The architect made a quick sketch of the building design.	建築師快速畫了一張建築設計的草圖。	[{"text":"a rough sketch","meaningZh":"草圖"}]
skew	verb	verb	to distort or bias something so it does not represent the true picture	扭曲；使偏斜	常見 skew the results/data，強調使數據或觀點因某因素而失去客觀性。	A small sample size can skew the survey results.	樣本數過小可能會扭曲問卷調查的結果。	[{"text":"skew the results","meaningZh":"使結果失真"}]
skewer	noun	noun	a long thin metal or wooden stick used to hold pieces of food together for cooking	串肉籤；烤肉叉	常見於烤肉語境，如 chicken skewers，指用來串起食材的細棒。	They grilled vegetables and meat on skewers over the fire.	他們用烤肉叉串起蔬菜和肉在火上烤。	[{"text":"a metal skewer","meaningZh":"金屬串肉籤"}]
skillet	noun	noun	a flat frying pan with a handle, used for cooking on a stove	平底鍋	美式用語，常見 cast-iron skillet（鑄鐵平底鍋），指用於煎炒食物的廚具。	She fried the eggs in a cast-iron skillet.	她用一只鑄鐵平底鍋煎蛋。	[{"text":"a cast-iron skillet","meaningZh":"鑄鐵平底鍋"}]
skim	verb	verb	to read or look through something quickly without reading every detail	略讀；瀏覽	常見 skim an article/report，強調快速瀏覽以掌握大意，而非逐字閱讀。	He skimmed the report before the meeting to save time.	他為了節省時間，在會議前快速瀏覽了這份報告。	[{"text":"skim through a report","meaningZh":"快速瀏覽報告"}]
skip	verb	verb	to miss out or omit something, or to move by jumping lightly from one foot to the other	跳過；略過	常見 skip a meal/class，也可指身體動作（skip rope），依語境判斷。	She decided to skip breakfast because she was running late.	她因為快遲到了，決定不吃早餐。	[{"text":"skip breakfast","meaningZh":"不吃早餐"}]
skirmish	verb	verb	to fight in a brief and minor way, especially between small groups	小規模交戰；發生小衝突	軍事用語較常見，也可比喻用於一般爭執，如兩派人馬的小衝突。	The two patrols skirmished briefly before retreating.	這兩支巡邏隊短暫交火後便撤退了。	[{"text":"skirmish with enemy forces","meaningZh":"與敵軍小規模交戰"}]
skull	noun	noun	the bony structure of the head that protects the brain	頭骨；顱骨	常見 skull and crossbones（骷髏標誌），也可口語泛指「腦袋」，如 knock some sense into his skull。	The X-ray showed no fractures in the skull.	X 光顯示頭骨並無骨折。	[{"text":"a skull fracture","meaningZh":"顱骨骨折"}]
slab	noun	noun	a thick, flat piece of a hard material such as stone, concrete, or meat	厚板；厚片	常見 a slab of concrete/marble，指厚實且平坦的固體塊狀物。	The patio is made from large stone slabs.	這座露臺是用大塊石板鋪成的。	[{"text":"a slab of concrete","meaningZh":"一塊厚混凝土板"}]
slacken	verb	verb	to become or make less tight, fast, or intense	鬆弛；放慢	常見 slacken one's pace/grip，強調速度、力道或緊繃程度的降低。	The runner slackened her pace as she approached the finish line.	這位跑者接近終點時放慢了步伐。	[{"text":"slacken the pace","meaningZh":"放慢步調"}]
slant	noun	noun	a particular way of presenting information that reflects a specific viewpoint or bias	觀點；偏向	常見 put a slant on，指以特定角度或立場呈現資訊，暗示可能帶有主觀色彩。	The article has a clear political slant.	這篇文章明顯帶有政治立場的偏向。	[{"text":"a different slant on the issue","meaningZh":"對議題的不同看法"}]
slap	noun	noun	a quick hit with the flat part of the hand	掌摑；一巴掌	常見 give sb a slap，也可比喻指嚴厲的批評或懲罰，如 a slap on the wrist（輕微懲戒）。	She gave him a slap across the face for his rude comment.	她因他的無禮言論賞了他一巴掌。	[{"text":"a slap in the face","meaningZh":"一記耳光；侮辱或打擊"}]
slash	verb	verb	to make a long, deep cut with a sharp object, or to greatly reduce something such as a price or budget	猛砍；大幅削減	字面指用利器猛烈劃割；比喻指大幅刪減，如 slash prices/budgets。	The company slashed prices to attract more customers.	這家公司大幅降價以吸引更多顧客。	[{"text":"slash prices","meaningZh":"大幅降價"}]
slate	noun	noun	a fine-grained gray rock that splits into thin flat layers, used for roofing, or a list of candidates for an election	板岩；候選人名單	兩義：建材用語（slate roof）；政治語境指提名參選的候選人名冊。	The party announced its slate of candidates for the upcoming election.	該政黨公布了即將到來的選舉候選人名單。	[{"text":"a slate roof","meaningZh":"板岩屋頂"}]
slave	noun	noun	a person who is legally owned by another and forced to work for them without pay	奴隸	常見於歷史語境，也可比喻用於形容過度受某事物控制的人，如 a slave to fashion。	The museum exhibit tells the story of slaves who escaped to freedom.	這座博物館的展覽講述了逃向自由的奴隸的故事。	[{"text":"a slave owner","meaningZh":"奴隸主"}]
slay	verb	verb	to kill someone or something violently, especially deliberately	殺害；屠殺	正式或文學用語，常見於敘事或新聞標題，語氣比 kill 更戲劇化、正式。	The knight set out to slay the dragon that terrorized the village.	這位騎士出發去屠殺那隻恐嚇村莊的巨龍。	[{"text":"slay a dragon","meaningZh":"殺死一條龍"}]
sleazy	adjective	adjective	dishonest, low in moral or social standards, and often unpleasant	低俗的；不入流的	常修飾 bar、deal、character，形容場所或人帶有不道德、令人反感的氣息。	They avoided the sleazy nightclub down the street.	他們避開了那條街上那家不入流的夜店。	[{"text":"a sleazy nightclub","meaningZh":"低俗的夜店"}]
slender	adjective	adjective	pleasingly thin, or very small in amount	苗條的；微薄的	常修飾 figure（身材苗條）或 chance/margin（機會、差距微小），依語境判斷。	She has a slender figure from years of dancing.	她因多年跳舞而擁有苗條的身材。	[{"text":"a slender figure","meaningZh":"苗條的身材"}]
slice	noun	noun	a thin, flat piece cut from something larger, such as bread or meat	薄片；一片	常見 a slice of bread/pizza，也可比喻指某整體中的一部分，如 a slice of the profits。	She cut the cake into eight equal slices.	她把蛋糕切成八等份的薄片。	[{"text":"a slice of bread","meaningZh":"一片麵包"}]
slide	noun	noun	a single image displayed as part of a presentation, or a smooth playground structure children slide down	投影片；溜滑梯	兩義：簡報中的單張畫面（PowerPoint slide）；遊樂場設施。	He added a chart to the third slide of his presentation.	他在簡報的第三張投影片中加入了一張圖表。	[{"text":"a slide presentation","meaningZh":"投影片簡報"}]
slight	verb	verb	to treat someone with disrespect by ignoring them or failing to give them proper attention	怠慢；輕視	常見 feel slighted，強調因被忽略或不受重視而感到受冒犯。	She felt slighted when her contribution wasn't mentioned in the report.	她的貢獻沒有在報告中被提及，讓她覺得受到了怠慢。	[{"text":"feel slighted","meaningZh":"覺得受到怠慢"}]
slim	adjective	adjective	thin in an attractive way, or very small in size or amount	苗條的；渺茫的	常見 slim chance（機會渺茫）、slim figure（身材苗條），依語境判斷字面或比喻義。	There is only a slim chance of finding survivors.	找到生還者的機會十分渺茫。	[{"text":"a slim chance","meaningZh":"渺茫的機會"}]
sling	noun	noun	a piece of cloth used to support an injured arm, or a device used to throw an object with force	吊帶；投石器	醫療語境指懸吊受傷手臂的三角巾；也可指古代投擲武器（如大衛與歌利亞故事中的投石器）。	He had his arm in a sling after the accident.	意外發生後，他的手臂用吊帶固定著。	[{"text":"an arm in a sling","meaningZh":"用吊帶吊著的手臂"}]
slip	noun	noun	a small mistake, especially one made unintentionally in speech or action	失誤；口誤	常見 a slip of the tongue（口誤），也可指物理上的滑倒（slip on ice）。	It was just a slip of the tongue; he didn't mean to say her name.	那只是個口誤，他並不是故意說出她的名字。	[{"text":"a slip of the tongue","meaningZh":"口誤"}]
slither	verb	verb	to move smoothly with a twisting motion, like a snake	蜿蜒滑行	常見於描述蛇類移動，也可比喻指人或物以類似的方式悄悄移動。	The snake slithered silently through the tall grass.	那條蛇悄無聲息地在高高的草叢中蜿蜒滑行。	[{"text":"slither through the grass","meaningZh":"蜿蜒滑過草叢"}]
sliver	verb	verb	to break or cut something into small, thin pieces	切成薄片；裂成細片	常見 sliver wood/glass，指將物體切割或裂解成細小碎片的動作。	The impact slivered the windshield into countless fragments.	這次撞擊把擋風玻璃震裂成無數碎片。	[{"text":"sliver the almonds","meaningZh":"把杏仁切成細片"}]
slogan	noun	noun	a short, memorable phrase used in advertising or by a group to express its aims	口號；標語	常見 advertising slogan、political slogan，指用來宣傳理念或商品的簡短標語。	The company's new slogan appeared on billboards across the city。	這家公司的新標語出現在全市各地的看板上。	[{"text":"a campaign slogan","meaningZh":"競選口號"}]
slope	noun	noun	a surface that goes up or down at an angle, or the degree of such an incline	斜坡；坡度	常見 ski slope，數學語境也指直線的斜率（gradient）。	Skiers raced down the steep slope.	滑雪者沿著陡峭的斜坡飛速滑下。	[{"text":"a steep slope","meaningZh":"陡坡"}]
sloppy	adjective	adjective	careless and lacking neatness or precision in work or appearance	草率的；邋遢的	常修飾 work、handwriting，形容做事馬虎、不夠仔細或外表不整潔。	The report was full of sloppy mistakes and typos.	這份報告充滿了草率的錯誤和打字失誤。	[{"text":"sloppy work","meaningZh":"草率的工作"}]
slot	noun	noun	a narrow opening for inserting something, or an allocated time or position within a schedule	投幣口；時段	常見 time slot（時段）、parking slot（停車位），也可指投幣機的窄縫。	Please insert your coin into the slot.	請把硬幣投入投幣口。	[{"text":"a time slot","meaningZh":"一個時段"}]
slouch	verb	verb	to stand, sit, or walk with a drooping posture, showing poor posture or low energy	無精打采地站/坐/走	常見 slouch in a chair，強調身體姿勢鬆垮、缺乏精神。	Don't slouch at your desk; sit up straight.	不要在桌前無精打采地垂著肩，坐直一點。	[{"text":"slouch in a chair","meaningZh":"懶散地坐在椅子上"}]
slump	verb	verb	to fall or sink suddenly, or to decline sharply in value, performance, or activity	驟降；暴跌	常見 sales slump、slump into a chair，字面指身體突然癱坐；比喻指經濟、業績等急劇下滑。	The company's profits slumped after losing its biggest client.	這家公司失去最大的客戶後，利潤大幅下滑。	[{"text":"sales slump","meaningZh":"銷售量驟降"}]
slur	verb	verb	to speak indistinctly so that words are difficult to understand, or to make a damaging remark about someone	口齒不清地說；詆毀	常見 slur one's words（喝醉後口齒不清），也可指誹謗性言論（racial slur 為名詞用法）。	He was so drunk that he began to slur his words.	他喝得太醉，開始口齒不清。	[{"text":"slur one's words","meaningZh":"說話含糊不清"}]
smash	verb	verb	to break something violently into many pieces, or to hit something with great force	打碎；猛擊	常見 smash a window、smash a record（打破紀錄），強調猛烈的力道。	The ball smashed through the window.	那顆球猛力砸破了窗戶。	[{"text":"smash into a wall","meaningZh":"猛撞上牆"}]
smear	verb	verb	to spread a soft or liquid substance over a surface, or to damage someone's reputation with false claims	塗抹；抹黑	字面指塗抹物質（smear paint）；比喻指以不實言論詆毀他人名譽（a smear campaign）。	Someone smeared paint on the wall overnight.	有人在夜裡把油漆塗抹在牆上。	[{"text":"smear someone's reputation","meaningZh":"抹黑某人的名聲"}]
smirk	verb	verb	to smile in an unpleasant way that shows satisfaction or superiority	得意地假笑；奸笑	帶負面意涵，形容帶著自滿或輕蔑意味的笑容，與真誠的微笑不同。	He smirked when he heard that his rival had failed.	聽到對手失敗的消息，他露出了得意的假笑。	[{"text":"smirk at someone","meaningZh":"對某人得意地假笑"}]
smoothly	adverb	adverb	without difficulty, interruption, or problems	順利地；流暢地	常見 run smoothly、go smoothly，強調過程沒有阻礙或問題。	The event went smoothly thanks to careful planning.	多虧了周密的規劃，這場活動進行得十分順利。	[{"text":"run smoothly","meaningZh":"運作順利"}]
smug	adjective	adjective	showing excessive satisfaction with oneself, in an annoying way	自鳴得意的；沾沾自喜的	帶負面意涵，形容因自身成就或優越感而顯得過度自滿，令人反感。	He had a smug expression after winning the argument.	贏了這場爭論後，他露出了自鳴得意的表情。	[{"text":"a smug expression","meaningZh":"沾沾自喜的表情"}]
smuggle	verb	verb	to take goods or people illegally into or out of a country	走私；偷運	常見 smuggle drugs/weapons，強調違法地秘密運送物品或人員跨越邊境。	They were arrested for trying to smuggle drugs across the border.	他們因企圖走私毒品越境而被逮捕。	[{"text":"smuggle goods across the border","meaningZh":"跨境走私貨物"}]
snack	noun	noun	a small amount of food eaten between meals	點心；零食	常見 have a snack、snack bar，指正餐之間食用的簡便食物。	She grabbed a snack before heading to the gym.	她在去健身房前先吃了點零食。	[{"text":"a quick snack","meaningZh":"簡單吃的小點心"}]
snap	noun	noun	a sudden breaking sound, or an informal photograph	啪的一聲；快照	常見 take a snap（拍張快照，英式口語），也可指物體斷裂發出的清脆聲響。	She took a quick snap of the sunset with her phone.	她用手機拍了一張夕陽的快照。	[{"text":"a holiday snap","meaningZh":"度假快照"}]
snatch	verb	verb	to take or grab something suddenly and quickly, often without permission	搶奪；一把抓住	常見 snatch a purse/opportunity，強調動作迅速、突然，可指字面搶奪或抓住機會。	The thief snatched her bag and ran off.	那名小偷搶走了她的包包後逃跑了。	[{"text":"snatch victory from the jaws of defeat","meaningZh":"反敗為勝"}]
sneak	verb	verb	to move or do something quietly and secretly, in order to avoid being noticed	偷偷地做；悄悄行動	常見 sneak out/in，強調刻意不被人發現的隱密行動。	The children snuck out of the house after their parents fell asleep.	父母睡著後，孩子們偷偷溜出了家門。	[{"text":"sneak out of the house","meaningZh":"偷偷溜出屋子"}]
sneer	verb	verb	to smile or speak in a way that shows contempt or mockery	冷笑；嘲笑	常見 sneer at，形容帶著輕蔑、看不起他人的表情或言語。	He sneered at her attempt to fix the engine herself.	他對她試圖自己修引擎的舉動嗤之以鼻。	[{"text":"sneer at someone's efforts","meaningZh":"嘲笑某人的努力"}]
sniff	verb	verb	to breathe in through the nose in short breaths, especially to smell something	嗅；聞	常見 sniff the air、sniff out（察覺出），強調透過鼻子吸氣以感知氣味或線索。	The dog sniffed the ground, following the scent.	這隻狗嗅著地面，跟著氣味前進。	[{"text":"sniff at a flower","meaningZh":"嗅一朵花"}]
snip	verb	verb	to cut something with quick, small strokes using scissors	剪；修剪	常見 snip off a thread，強調用剪刀快速、俐落地剪去一小部分。	She snipped the loose threads off the sweater.	她把毛衣上鬆脫的線頭剪掉了。	[{"text":"snip off the ends","meaningZh":"剪掉末端"}]
snuggle	verb	verb	to settle into a warm, comfortable position, often close to another person	依偎；蜷縮	常見 snuggle up to someone/under a blanket，形容因舒適或親近感而緊靠、蜷縮。	The child snuggled up to her mother on the couch.	這個孩子在沙發上依偎著媽媽。	[{"text":"snuggle up to someone","meaningZh":"依偎在某人身邊"}]
soak	verb	verb	to leave something in liquid for a period of time, or to become thoroughly wet	浸泡；浸溼	常見 soak beans overnight、get soaked（被淋濕），強調長時間浸泡或大量吸水。	She soaked the beans in water overnight before cooking.	她把豆子在水中浸泡了一整晚才煮。	[{"text":"soak in warm water","meaningZh":"浸泡在溫水中"}]
soar	verb	verb	to rise quickly and smoothly into the air, or to increase rapidly in amount or level	翱翔；急遽上升	字面指鳥類、飛機等高飛；比喻指價格、數量等大幅攀升，如 prices soar。	Eagles soared high above the canyon.	老鷹在峽谷上空高高翱翔。	[{"text":"prices soar","meaningZh":"價格飆升"}]
sociable	adjective	adjective	friendly and enjoying the company of others	好交際的；友善的	常修飾 person，形容喜歡與人相處、樂於交際的個性，與 shy、reserved 相對。	She is very sociable and makes friends easily wherever she goes.	她非常好交際，無論到哪裡都能輕易交到朋友。	[{"text":"a sociable person","meaningZh":"好交際的人"},{"text":"a sociable atmosphere","meaningZh":"友善熱絡的氣氛"}]
sociology	noun	noun	the scientific study of human society, social relationships, and institutions	社會學	學術領域名稱，常見 study sociology at university，探討社會結構、行為與制度。	He earned a doctorate in sociology from a top university.	他在一所頂尖大學取得了社會學博士學位。	[{"text":"study sociology","meaningZh":"研讀社會學"},{"text":"the sociology of education","meaningZh":"教育社會學"}]
sock	noun	noun	a piece of clothing worn on the foot, usually inside a shoe	襪子	日常用語，常見 a pair of socks；片語 knock someone's socks off 指令人驚豔。	He put on a clean pair of socks before leaving the house.	他出門前換上了一雙乾淨的襪子。	[{"text":"a pair of socks","meaningZh":"一雙襪子"},{"text":"ankle socks","meaningZh":"短襪"}]
sodium	noun	noun	a soft, silvery metallic chemical element that is essential for the body but harmful in excess	鈉	化學元素，常見於 sodium chloride（氯化鈉，即食鹽），醫學語境也常提及攝取過量鈉的健康風險。	Too much sodium in your diet can raise blood pressure.	飲食中攝取過多的鈉會使血壓升高。	[{"text":"sodium chloride","meaningZh":"氯化鈉"},{"text":"sodium intake","meaningZh":"鈉攝取量"}]
soggy	adjective	adjective	extremely wet and soft, often in an unpleasant way	濕透的；濕軟的	常修飾 ground、bread，形容因浸水或潮濕而變得軟爛、不理想的狀態。	The bread became soggy after sitting in the soup too long.	麵包泡在湯裡太久，變得濕軟糊爛。	[{"text":"soggy bread","meaningZh":"濕軟的麵包"},{"text":"soggy ground","meaningZh":"濕透的地面"}]
soil	noun	noun	the top layer of earth in which plants grow	土壤	常見 fertile soil、soil erosion，農業、園藝語境的基本詞彙，指供植物生長的土地表層。	The farmer tested the soil before planting new crops.	農夫在種植新作物前先檢測了土壤。	[{"text":"fertile soil","meaningZh":"肥沃的土壤"},{"text":"soil erosion","meaningZh":"土壤侵蝕"}]
solar	adjective	adjective	relating to or powered by energy from the sun	太陽的；太陽能的	常見 solar panel、solar energy，指與太陽有關或利用太陽能的事物。	They installed solar panels on the roof to reduce energy costs.	他們在屋頂裝設太陽能板以降低能源成本。	[{"text":"solar energy","meaningZh":"太陽能"},{"text":"a solar panel","meaningZh":"太陽能板"}]
sole	noun	noun	the bottom surface of a shoe or foot	鞋底；腳底	常見 the sole of a shoe/foot，指鞋子或腳部接觸地面的那一面。	The sole of his shoe was worn thin from years of walking.	他鞋底因多年行走而磨得很薄。	[{"text":"the sole of the foot","meaningZh":"腳底"},{"text":"rubber soles","meaningZh":"橡膠鞋底"}]
solely	adverb	adverb	only, and involving nothing or no one else	僅僅；單獨地	常見 solely responsible for，強調完全排除其他因素或人的參與。	The decision was made solely by the board of directors.	這項決定完全是由董事會做出的。	[{"text":"solely responsible for","meaningZh":"獨自負責"},{"text":"based solely on","meaningZh":"完全根據"}]
solemn	adjective	adjective	very serious and formal in manner or expression	嚴肅的；莊重的	常修飾 occasion、promise、expression，形容態度或場合莊嚴、不帶輕浮。	The funeral was a solemn occasion attended by hundreds of mourners.	這場葬禮是個莊嚴肅穆的場合，數百名哀悼者出席。	[{"text":"a solemn promise","meaningZh":"莊嚴的承諾"},{"text":"a solemn occasion","meaningZh":"莊重的場合"}]
solicitor	noun	noun	a lawyer who advises clients and prepares legal documents, especially in British legal systems	律師（尤指英國事務律師）	英式用語，solicitor 負責法律諮詢與文件準備，與出庭辯護的 barrister 不同。	She consulted a solicitor before signing the property contract.	她在簽署房產合約前先諮詢了一位律師。	[{"text":"consult a solicitor","meaningZh":"諮詢事務律師"},{"text":"a firm of solicitors","meaningZh":"律師事務所"}]
solicitous	adjective	adjective	showing great care and concern for someone's wellbeing	關切的；殷勤的	正式用語，常見 solicitous about/for，形容對他人福祉表現出關心與體貼。	The nurse was solicitous about her patient's comfort.	這位護理師對病人的舒適十分關切。	[{"text":"solicitous about someone's health","meaningZh":"關切某人的健康"},{"text":"solicitous care","meaningZh":"殷切的照料"}]
solidarity	noun	noun	unity and mutual support among a group of people, especially based on shared interests or goals	團結	常見 show solidarity with，強調基於共同目標或處境而產生的凝聚力與支持。	Workers across the country expressed solidarity with the striking miners.	全國各地的工人都對這些罷工礦工表達了團結支持。	[{"text":"in solidarity with","meaningZh":"聲援；與某人團結一致"},{"text":"show solidarity","meaningZh":"展現團結"}]
solitary	adjective	adjective	done or existing alone, without other people	單獨的；孤獨的	常修飾 confinement、life，形容缺乏陪伴或獨自一人的狀態，如 solitary confinement（單獨監禁）。	He led a solitary life in a small cabin in the woods.	他在森林中的小木屋裡過著孤獨的生活。	[{"text":"a solitary figure","meaningZh":"孤單的身影"},{"text":"solitary confinement","meaningZh":"單獨監禁"}]
solo	noun	noun	a performance done by one person alone, especially in music	獨奏；獨唱	常見 guitar solo、a solo flight，指單獨一人完成的表演或行動。	The violinist performed a beautiful solo during the concert.	這位小提琴家在音樂會中演奏了一段優美的獨奏。	[{"text":"a piano solo","meaningZh":"鋼琴獨奏"},{"text":"perform a solo","meaningZh":"演出獨奏或獨唱"}]
soluble	adjective	adjective	able to be dissolved, especially in a liquid such as water	可溶解的	化學用語，常見 water-soluble，也可比喻指問題可被解決（較少見）。	Sugar is soluble in water but oil is not.	糖可溶於水，但油不行。	[{"text":"soluble in water","meaningZh":"可溶於水的"},{"text":"soluble fiber","meaningZh":"水溶性纖維"}]
solve	verb	verb	to find a way to deal with or answer a problem or question	解決	常見 solve a problem/mystery，強調找到有效方法處理困難或謎題。	It took the engineers weeks to solve the technical issue.	工程師們花了好幾週才解決這個技術問題。	[{"text":"solve a problem","meaningZh":"解決問題"},{"text":"solve a mystery","meaningZh":"解開謎團"}]
solvent	adjective	adjective	having enough money to pay all one's debts	有償付能力的	財務用語，常見 remain solvent，指企業或個人有足夠資金履行債務，與 insolvent 相對。	The company managed to stay solvent despite the economic downturn.	儘管經濟不景氣，這家公司仍設法維持償債能力。	[{"text":"remain solvent","meaningZh":"維持償債能力"},{"text":"a solvent company","meaningZh":"有償債能力的公司"}]
somatic	adjective	adjective	relating to the body, as opposed to the mind	身體的；軀體的	醫學用語，常見 somatic symptoms（身體症狀），與 psychological（心理的）相對。	The doctor ruled out somatic causes for her chronic fatigue.	醫生排除了她慢性疲勞的身體性病因。	[{"text":"somatic symptoms","meaningZh":"身體症狀"},{"text":"somatic cells","meaningZh":"體細胞"}]
somber	adjective	adjective	dark, dull, or serious in a way that suggests sadness	陰鬱的；嚴肅的	常修飾 mood、tone、colors，形容氣氛低沉、缺乏歡樂，或色調暗淡。	The news left everyone in a somber mood.	這則消息讓每個人的心情都變得陰鬱。	[{"text":"a somber mood","meaningZh":"沉重的心情"},{"text":"a somber expression","meaningZh":"嚴肅的神情"}]
somewhat	adverb	adverb	to a moderate degree; slightly	有點；稍微	常修飾形容詞或動詞，如 somewhat surprised，強調程度不高但確實存在。	I was somewhat surprised by his sudden resignation.	他突然辭職讓我有點驚訝。	[{"text":"somewhat different","meaningZh":"有些不同"},{"text":"somewhat surprised","meaningZh":"有點驚訝"}]
soot	verb	verb	to cover something with a black powdery substance produced by burning	使沾滿煤煙	較少見的動詞用法，多用於被動語態，形容表面因燃燒而覆蓋上黑色粉末。	Years of use had sooted the fireplace's brick walls black.	多年使用讓壁爐的磚牆熏得漆黑。	[{"text":"soot up a chimney","meaningZh":"使煙囪積滿煤煙"}]
soothe	verb	verb	to make someone feel calmer or less upset, or to relieve pain	安撫；緩解	常接 pain、nerves、baby 等受詞，強調使身心不適的狀態獲得舒緩。	The warm bath helped soothe her sore muscles.	溫暖的泡澡幫助舒緩了她痠痛的肌肉。	[{"text":"soothe a crying baby","meaningZh":"安撫哭泣的嬰兒"},{"text":"soothe a sore throat","meaningZh":"舒緩喉嚨痛"}]
sophistication	noun	noun	the quality of having refined knowledge, taste, or experience in worldly matters	世故；老練；精密	常見 technological sophistication（技術的精密程度），也可指人的見識與品味成熟老練。	The design shows a level of sophistication rarely seen in budget products。	這項設計展現出平價產品中罕見的精緻與成熟度。	[{"text":"an air of sophistication","meaningZh":"老練高雅的氣質"},{"text":"cultural sophistication","meaningZh":"文化素養與品味"}]
sordid	adjective	adjective	involving immoral or dishonest behavior, and unpleasant to think about	骯髒的；卑劣的	常修飾 affair、details，形容涉及不道德或令人反感的情事，語氣強烈負面。	The tabloid revealed sordid details about the politician's past.	這份小報揭露了這位政治人物過去不堪的醜事。	[{"text":"a sordid affair","meaningZh":"卑劣的事件"},{"text":"sordid details","meaningZh":"不堪的細節"}]
sore	noun	noun	a painful, often infected area on the skin	瘡；痛處	常見 a sore on one's skin，也可作形容詞 sore（痠痛的），需依詞性判斷。	He developed a sore on his heel from the new shoes.	他因為穿新鞋，腳跟長出了一個痛處。	[{"text":"an open sore","meaningZh":"開放性傷口"},{"text":"a cold sore","meaningZh":"唇皰疹"}]
soul	noun	noun	the spiritual or immaterial part of a person, believed to continue after death	靈魂；心靈	常見 body and soul，也可比喻指某事物的核心精神，如 the soul of the city。	She believes the soul lives on after the body dies.	她相信靈魂在肉體死後依然存續。	[{"text":"the human soul","meaningZh":"人的靈魂"},{"text":"save someone's soul","meaningZh":"拯救某人的靈魂"}]
sovereignty	noun	noun	the authority of a country to govern itself without outside interference	主權	政治學用語，常見 national sovereignty，強調國家不受他國干涉的自主權力。	The treaty respected each nation's sovereignty over its own territory.	這項條約尊重每個國家對其領土的主權。	[{"text":"national sovereignty","meaningZh":"國家主權"},{"text":"exercise sovereignty over","meaningZh":"對某地行使主權"}]
spank	verb	verb	to hit someone, especially a child, on the buttocks with an open hand as punishment	打屁股（作為懲罰）	常見於管教兒童的語境，語氣中性偏傳統，現代教養觀念多不鼓勵。	The mother threatened to spank her son if he misbehaved again.	這位母親威脅說，如果兒子再不聽話就要打他屁股。	[{"text":"spank a child","meaningZh":"打小孩的屁股"}]
spark	noun	noun	a small flying piece of burning material, or a small amount of a quality that could develop further	火花；一絲（跡象）	字面指燃燒產生的火星；比喻指某種特質的最初跡象，如 a spark of hope（一絲希望）。	A single spark from the campfire started the brush fire.	營火的一顆火星引發了這場叢林大火。	[{"text":"a spark of hope","meaningZh":"一絲希望"},{"text":"sparks fly","meaningZh":"火花四濺；爭執爆發"}]
spatial	adjective	adjective	relating to the position, area, or size of things	空間的	常見 spatial awareness、spatial reasoning，指與空間位置、範圍相關的概念或能力。	The test measures a child's spatial reasoning skills.	這項測驗評估兒童的空間推理能力。	[{"text":"spatial awareness","meaningZh":"空間感知能力"},{"text":"spatial relationships","meaningZh":"空間關係"}]
spear	noun	noun	a weapon with a long shaft and a sharp pointed head, used for throwing or thrusting	矛；長槍	常見於歷史或狩獵語境；也可指細長的植物嫩芽，如 asparagus spear（蘆筍）。	The hunter used a spear to catch fish in the shallow river.	這位獵人用矛在淺河中捕魚。	[{"text":"throw a spear","meaningZh":"投擲長矛"},{"text":"the tip of a spear","meaningZh":"矛尖"}]
specialize	verb	verb	to focus one's studies, work, or business on a particular subject or area	專精於；專攻	常見 specialize in，指集中心力發展某一特定領域的專業知識或技能。	The clinic specializes in treating sports injuries.	這間診所專門治療運動傷害。	[{"text":"specialize in","meaningZh":"專精於；專攻"},{"text":"specialize in heart surgery","meaningZh":"專攻心臟外科手術"}]
specialty	noun	noun	a particular subject, skill, or product that someone is especially good at or known for	專長；招牌	常見 house specialty（本店招牌菜）、medical specialty（醫學專科），指擅長或代表性的領域。	Seafood pasta is the restaurant's specialty.	海鮮義大利麵是這家餐廳的招牌菜。	[{"text":"a medical specialty","meaningZh":"醫學專科"},{"text":"a local specialty","meaningZh":"當地特色食品"}]
species	noun	noun	a group of living organisms that share common characteristics and can breed with one another	物種	生物學用語，常見 endangered species（瀕危物種），指分類學上的基本單位。	Scientists discovered a new species of frog in the rainforest.	科學家在雨林中發現了一種新的青蛙物種。	[{"text":"an endangered species","meaningZh":"瀕危物種"},{"text":"an invasive species","meaningZh":"入侵物種"}]
specification	noun	noun	a detailed description of the requirements or design of something, especially a product	規格；規範	常見 technical specification，指產品或工程設計中詳細列出的標準與要求。	The engineer reviewed the specification before starting construction.	工程師在開工前先審閱了這份規格書。	[{"text":"technical specifications","meaningZh":"技術規格"},{"text":"meet the specifications","meaningZh":"符合規格"}]
specify	verb	verb	to state something clearly and precisely	明確指定；詳述	常見 specify a date/requirement，強調清楚說明具體細節，不留模糊空間。	The contract specifies a deadline of thirty days.	這份合約明確規定了三十天的期限。	[{"text":"specify a deadline","meaningZh":"明定期限"},{"text":"specify the requirements","meaningZh":"明確列出要求"}]
specimen	noun	noun	a single example of something used to represent a whole group, or a sample used for scientific examination	標本；樣本	常見 blood specimen（血液樣本），也可指生物學上具代表性的個體或物件。	The lab technician analyzed the urine specimen.	這位檢驗師分析了這份尿液樣本。	[{"text":"a blood specimen","meaningZh":"血液樣本"},{"text":"a museum specimen","meaningZh":"博物館標本"}]
specious	adjective	adjective	appearing to be true or reasonable but actually false or misleading	似是而非的；表面合理的	正式用語，常修飾 argument、reasoning，強調表面說得通但實際站不住腳的論點。	His specious argument fooled no one in the audience.	他那似是而非的論點沒能騙過在場的任何人。	[{"text":"a specious argument","meaningZh":"似是而非的論點"},{"text":"specious reasoning","meaningZh":"貌似有理的推論"}]
spectacle	noun	noun	an impressive public display or event, or an unusual sight that attracts attention	奇觀；壯觀場面	常見 make a spectacle of oneself（出洋相），也可指視覺震撼的表演或景象。	The fireworks display was a spectacle that drew thousands of spectators.	這場煙火秀是一場吸引了數千名觀眾的壯觀表演。	[{"text":"a magnificent spectacle","meaningZh":"壯麗的景象"},{"text":"make a spectacle of oneself","meaningZh":"出醜；當眾丟臉"}]
spectacular	adjective	adjective	extremely impressive, dramatic, or exciting to watch	壯觀的；令人驚嘆的	常修飾 view、performance、failure，可用於正面（壯觀）或負面（如 a spectacular failure）語境。	They watched a spectacular sunset over the ocean.	他們欣賞了一場海面上壯觀的日落美景。	[{"text":"a spectacular view","meaningZh":"壯觀的景色"},{"text":"spectacular success","meaningZh":"驚人的成功"}]
spectator	noun	noun	a person who watches an event, especially a sports match, without taking part	觀眾	常見 spectator sport，指觀看而非參與活動的人，與 participant 相對。	Thousands of spectators filled the stadium for the final match.	數千名觀眾湧入體育場觀看決賽。	[{"text":"a crowd of spectators","meaningZh":"一群觀眾"},{"text":"a spectator sport","meaningZh":"吸引觀眾觀看的運動"}]
spectral	adjective	adjective	relating to a range of colors or wavelengths, or having a ghostly appearance	光譜的；幽靈般的	科學語境指光譜相關（spectral analysis）；文學語境則指鬼魅般、朦朧詭異的樣貌。	The spectral analysis revealed the star's chemical composition.	這項光譜分析揭示了這顆恆星的化學組成。	[{"text":"spectral analysis","meaningZh":"光譜分析"},{"text":"a spectral figure","meaningZh":"幽靈般的身影"}]
spectrum	noun	noun	a range of related qualities, ideas, or things, or the band of colors produced when light is separated	範圍；光譜	常見 across the political spectrum（涵蓋各種政治立場），也可指物理學上的光譜分析。	The policy has support across the political spectrum.	這項政策獲得了各種政治立場人士的支持。	[{"text":"a broad spectrum of","meaningZh":"範圍廣泛的"},{"text":"the visible spectrum","meaningZh":"可見光譜"}]
speculate	verb	verb	to form an opinion about something without having definite knowledge or evidence, or to invest in something risky hoping for profit	推測；投機	常見 speculate about/on，也可指金融語境中承擔風險以求獲利的投資行為。	Analysts speculate that the merger will be announced next week.	分析師推測這項合併案將於下週宣布。	[{"text":"speculate about the future","meaningZh":"推測未來"},{"text":"speculate in property","meaningZh":"投機炒作房地產"}]
speculation	noun	noun	the act of forming opinions without firm evidence, or risky financial investment	推測；投機	常見 media speculation（媒體臆測）、real estate speculation（房地產投機），依語境判斷。	There has been much speculation about the reasons for his resignation.	外界對他辭職的原因有諸多揣測。	[{"text":"fuel speculation","meaningZh":"引發更多猜測"},{"text":"financial speculation","meaningZh":"金融投機"}]
sphere	noun	noun	a particular area of activity, interest, or expertise, or a round three-dimensional object	領域；球體	常見 sphere of influence（勢力範圍），也可指幾何學上的球形物體。	The company expanded its sphere of influence into Southeast Asia.	這家公司將勢力範圍擴展到了東南亞。	[{"text":"a sphere of influence","meaningZh":"勢力範圍"},{"text":"the public sphere","meaningZh":"公共領域"}]
spider	noun	noun	a small eight-legged creature that spins webs to catch insects	蜘蛛	日常用語，常見 spider web（蜘蛛網），也可比喻指自動搜尋資訊的電腦程式（web spider）。	A large spider had spun a web in the corner of the room.	一隻大蜘蛛在房間角落結了張網。	[{"text":"a spider's web","meaningZh":"蜘蛛網"},{"text":"a spider bite","meaningZh":"蜘蛛咬傷"}]
spill	verb	verb	to cause a liquid to flow out of a container accidentally, or to fall from a place	灑出；濺出	常見 spill milk/coffee，也可比喻指洩漏秘密（spill the beans）。	He accidentally spilled coffee on his laptop.	他不小心把咖啡灑在筆電上了。	[{"text":"spill coffee","meaningZh":"灑出咖啡"},{"text":"spill over","meaningZh":"溢出；蔓延"}]
spin	noun	noun	a fast turning or whirling motion, or a particular way of presenting information to influence opinion	旋轉；（政治）話術包裝	字面指物體快速旋轉；引申指刻意操縱訊息呈現方式以影響輿論觀感，如 put a positive spin on。	The government tried to put a positive spin on the disappointing economic data.	政府試圖對這份令人失望的經濟數據做出正面包裝。	[{"text":"put a positive spin on","meaningZh":"以正面角度包裝某事"},{"text":"go into a spin","meaningZh":"陷入旋轉狀態"}]
spine	noun	noun	the row of bones down the middle of the back, or the narrow edge of a book where the pages are bound	脊椎；書脊	兩義：解剖學指人體的脊柱；書籍裝訂的一側，通常印有書名。	The chiropractor examined her spine for signs of misalignment.	脊骨神經醫師檢查了她的脊椎是否有錯位的跡象。	[{"text":"the base of the spine","meaningZh":"脊椎底部"},{"text":"the spine of a book","meaningZh":"書脊"}]
spiritual	adjective	adjective	relating to the human spirit or soul, rather than physical or material things	精神上的；心靈的	常見 spiritual growth/journey，與 material、physical 相對，強調內在心靈或宗教層面的追求。	She found spiritual comfort in meditation after the loss.	失去親人後，她在冥想中找到了心靈上的慰藉。	[{"text":"spiritual well-being","meaningZh":"心靈健康"}]
spite	noun	noun	a desire to hurt, annoy, or upset someone	惡意；怨恨	常見 out of spite（出於惡意），也可用片語 in spite of（儘管），需注意兩者意義不同。	She spread the rumor purely out of spite.	她散播這則謠言純粹是出於惡意。	[{"text":"out of spite","meaningZh":"出於怨恨"}]
splash	noun	noun	the sound or action of liquid being scattered, or a small amount of something added for effect	濺潑聲；一點點	常見 make a splash（引起轟動），也可指飲料中加入的少量成分，如 a splash of milk。	The kids jumped into the pool with a big splash.	孩子們跳進泳池，濺起了一大片水花。	[{"text":"a splash of milk","meaningZh":"少量牛奶"},{"text":"a loud splash","meaningZh":"響亮的濺水聲"}]
splendid	adjective	adjective	extremely impressive or beautiful; excellent	壯麗的；極佳的	常修飾 view、performance，語氣正面且帶讚嘆，強調卓越出眾的品質。	They had a splendid view of the mountains from their hotel room.	他們從飯店房間可以看到壯麗的山景。	[{"text":"a splendid view","meaningZh":"壯麗的景色"}]
spoil	verb	verb	to damage or ruin something, or to treat someone too indulgently	破壞；溺愛	兩義：使事物變質、變糟（spoil the food/mood）；過度寵愛某人（spoil a child）。	The rain spoiled their plans for a picnic.	那場雨破壞了他們的野餐計畫。	[{"text":"spoil the fun","meaningZh":"掃興"},{"text":"spoil a child","meaningZh":"溺愛孩子"}]
sponsor	verb	verb	to provide financial support for a person, event, or organization, often in exchange for advertising	贊助	常見 sponsor an event/athlete，強調提供資金或資源以換取宣傳曝光或支持某項目標。	The company agreed to sponsor the local youth soccer league.	這家公司同意贊助當地的青少年足球聯賽。	[{"text":"sponsor an event","meaningZh":"贊助活動"}]
spontaneity	noun	noun	the quality of doing something naturally and without prior planning	自發性；不受拘束	常見 a sense of spontaneity，形容行為自然發生、未經事先安排的特質。	Their friendship was marked by spontaneity and shared laughter.	他們的友誼充滿了自然不做作與共同的歡笑。	[{"text":"a sense of spontaneity","meaningZh":"一種自然隨性的感覺"}]
spontaneous	adjective	adjective	happening naturally, without being planned or forced	自發的；即興的	常修飾 reaction、decision，強調事情自然而然發生，沒有事先安排或外力促成。	The audience broke into spontaneous applause.	觀眾自發地爆出掌聲。	[{"text":"spontaneous applause","meaningZh":"自發的掌聲"}]
sporadic	adjective	adjective	occurring occasionally or at irregular intervals	偶發的；零星的	常修飾 outbreak、violence，強調事件發生不規律、時有時無，並非持續性。	There were sporadic reports of violence during the protest.	抗議期間有零星的暴力事件傳出。	[{"text":"sporadic outbreaks","meaningZh":"零星爆發"}]
spotlight	noun	noun	a strong beam of light used to illuminate a performer, or the focus of public attention	聚光燈；焦點	字面指舞台照明設備；比喻指受到大眾矚目的狀態，如 in the spotlight。	The scandal put the senator's finances in the spotlight.	這起醜聞讓這位參議員的財務狀況成為眾人矚目的焦點。	[{"text":"in the spotlight","meaningZh":"備受矚目"}]
spouse	noun	noun	a husband or wife	配偶	正式或法律用語，常見於官方文件，不分性別，泛指婚姻關係中的另一半。	Employees may add their spouse to the company health plan.	員工可以將配偶加入公司的健康保險計畫。	[{"text":"a surviving spouse","meaningZh":"未亡配偶"}]
sprawl	verb	verb	to sit or lie with arms and legs spread out carelessly, or (of a city) to spread out over a large area in an uncontrolled way	攤開四肢躺臥；無序擴張	兩義：形容人放鬆地攤開四肢；形容城市無計畫地向外蔓延（urban sprawl）。	He sprawled on the couch after a long day at work.	他工作了一整天後，攤開四肢躺在沙發上。	[{"text":"sprawl on the sofa","meaningZh":"攤躺在沙發上"}]
spray	noun	noun	a fine mist of liquid particles released from a container, or the container itself	噴霧	常見 hair spray、spray bottle，指液體以細小顆粒形式噴出，或指噴灑用的容器。	She used a spray to keep insects away from the plants.	她用噴霧防止昆蟲靠近植物。	[{"text":"a fine spray","meaningZh":"細密噴霧"}]
sprint	verb	verb	to run as fast as possible over a short distance	衝刺；全力奔跑	常見 sprint to the finish line，也可比喻指在有限時間內全力加速完成任務。	He sprinted the last hundred meters to win the race.	他在最後一百公尺全力衝刺，贏得了比賽。	[{"text":"sprint to the finish line","meaningZh":"衝向終點線"}]
spur	noun	noun	something that encourages or stimulates an action or development	刺激因素；動力	常見 spur economic growth（刺激經濟成長），字面則指騎馬用的馬刺。	Government subsidies acted as a spur to renewable energy investment.	政府補助成為推動再生能源投資的一大動力。	[{"text":"a spur to innovation","meaningZh":"創新的動力"}]
spurn	verb	verb	to reject something or someone in a scornful way	斷然拒絕；唾棄	正式用語，比 reject 語氣更強烈，強調帶有輕蔑意味地拒絕。	She spurned his offer of help without a word of thanks.	她連一句感謝的話都沒說，就斷然拒絕了他的幫助。	[{"text":"spurn an offer","meaningZh":"斷然拒絕提議"}]
squad	noun	noun	a small group of people organized to work together, especially in the military, police, or sports	小隊；小組	常見 police squad、squad members，指團隊中一個較小的作業單位。	The rescue squad arrived within minutes of the call.	救援小隊在接到通報後幾分鐘內就抵達了現場。	[{"text":"a rescue squad","meaningZh":"救援小隊"}]
squalid	adjective	adjective	extremely dirty and unpleasant, often due to poverty	骯髒破敗的；悲慘的	常修飾 conditions、slum，形容因貧窮或忽視而髒亂不堪的環境。	The refugees were forced to live in squalid conditions.	這些難民被迫生活在骯髒破敗的環境中。	[{"text":"squalid living conditions","meaningZh":"骯髒惡劣的居住環境"}]
squeeze	noun	noun	an act of pressing something firmly, or a situation of financial pressure caused by limited resources	擠壓；（財務）緊縮	字面指用力擠壓的動作（give sb's hand a squeeze）；比喻指資源受限造成的壓力，如 a credit squeeze。	Rising costs have put a squeeze on small businesses.	成本上升對小型企業造成了財務上的壓力。	[{"text":"a credit squeeze","meaningZh":"信貸緊縮"},{"text":"give someone a squeeze","meaningZh":"緊抱某人一下"}]
stab	noun	noun	an attempt to do something, or a sudden sharp pain	嘗試；一陣劇痛	常見 have a stab at（嘗試看看），也可指身體上突發的尖銳疼痛，如 a stab of pain。	She decided to take a stab at solving the puzzle herself.	她決定自己試著解開這個謎題。	[{"text":"have a stab at","meaningZh":"嘗試做"},{"text":"a stab of pain","meaningZh":"一陣刺痛"}]
stability	noun	noun	the state of being steady and not likely to change or fail	穩定；穩定性	常見 political stability、financial stability，強調狀態持久不變、不易受干擾。	The new policy aims to bring stability to the housing market.	這項新政策旨在為房市帶來穩定。	[{"text":"economic stability","meaningZh":"經濟穩定"}]
stabilize	verb	verb	to make something steady or stable, or to become steady	使穩定；穩定下來	常見 stabilize the economy/patient，強調使原本不穩的狀況趨於平穩。	Doctors managed to stabilize the patient's condition overnight.	醫生在一夜之間成功穩定了病人的病情。	[{"text":"stabilize the economy","meaningZh":"穩定經濟"}]
stable	adjective	adjective	not likely to change suddenly or fail; firm and steady	穩定的；穩固的	常修飾 economy、relationship、structure，與 unstable 相對，強調持久且可靠的狀態。	The company has maintained a stable revenue stream for years.	這家公司多年來一直維持著穩定的營收來源。	[{"text":"a stable relationship","meaningZh":"穩定的關係"}]
stack	noun	noun	an orderly pile of things placed one on top of another	一疊；堆	常見 a stack of books/papers，指整齊堆疊的物品，也可作動詞 stack sth，指堆疊起來。	There was a stack of unread magazines on the table.	桌上有一疊還沒看的雜誌。	[{"text":"a stack of papers","meaningZh":"一疊文件"}]
stadium	noun	noun	a large structure with tiers of seats for spectators, used for sports events or concerts	體育場；競技場	常見 football stadium，指設有大量觀眾席的大型露天或室內場地。	The stadium was packed with fans for the championship game.	這座體育場擠滿了前來觀看冠軍賽的球迷。	[{"text":"a football stadium","meaningZh":"足球場"}]
stagnant	adjective	adjective	not flowing or developing; showing no activity or growth	停滯的；不流動的	常見 stagnant water（死水）、stagnant economy（經濟停滯），指缺乏流動性或成長。	The economy has remained stagnant for the past two years.	過去兩年來，經濟一直處於停滯狀態。	[{"text":"stagnant water","meaningZh":"死水"},{"text":"a stagnant economy","meaningZh":"停滯的經濟"}]
stain	noun	noun	a discolored mark left on a surface by a substance, or a lasting damage to reputation	汙漬；汙點	字面指衣物、地毯上難以去除的汙漬；比喻指對名譽的損害，如 a stain on one's reputation。	The red wine left a stain on the white tablecloth.	紅酒在白色桌布上留下了一塊汙漬。	[{"text":"a coffee stain","meaningZh":"咖啡漬"}]
staircase	noun	noun	a set of steps inside a building that leads from one level to another	樓梯	常見 spiral staircase（螺旋樓梯），泛指室內連接不同樓層的階梯結構。	They climbed the narrow staircase to reach the attic.	他們爬上狹窄的樓梯到達閣樓。	[{"text":"a spiral staircase","meaningZh":"螺旋樓梯"}]
stake	noun	noun	a share or personal interest in the outcome of something, especially involving risk	利害關係；股份	常見 have a stake in、high stakes（高風險），強調對結果的投入或關切程度。	Investors have a significant stake in the company's success.	投資者在這家公司的成功上握有重大的利害關係。	[{"text":"a stake in the company","meaningZh":"公司的股份"}]
stalemate	noun	noun	a situation in which neither side in a conflict or negotiation can make progress	僵局	常見 reach a stalemate，強調雙方陷入無法推進、進退兩難的狀態。	The negotiations ended in a stalemate after months of talks.	經過數月談判後，協商陷入了僵局。	[{"text":"break the stalemate","meaningZh":"打破僵局"}]
stall	noun	noun	a small stand or booth where goods are displayed for sale, especially at a market	攤位	常見 market stall、food stall，也可指延遲拖延的行為（作動詞 stall for time）。	She bought fresh vegetables from a stall at the farmers' market.	她在農夫市集的攤位上買了新鮮蔬菜。	[{"text":"a market stall","meaningZh":"市場攤位"}]
stance	noun	noun	a publicly stated opinion or attitude on a particular issue	立場；態度	常見 take a stance on，也可指身體站立的姿勢（golf stance），依語境判斷。	The candidate clarified her stance on immigration reform.	這位候選人澄清了她對移民改革的立場。	[{"text":"take a firm stance","meaningZh":"採取堅定立場"}]
standpoint	noun	noun	a particular way of considering a situation; a point of view	立場；觀點	常見 from a legal/economic standpoint，強調從某特定角度或考量出發看待事物。	From a financial standpoint, the merger makes perfect sense.	從財務角度來看，這項合併非常合理。	[{"text":"from a practical standpoint","meaningZh":"從實務觀點來看"}]
starter	noun	noun	a device that starts a vehicle's engine, or a player who begins a game rather than joining later	啟動裝置；先發球員	兩義依語境：汽車的啟動馬達；體育賽事中一開始就上場的球員（與 substitute 相對）。	The mechanic replaced the car's faulty starter.	技師更換了這輛車故障的啟動馬達。	[{"text":"a starter motor","meaningZh":"啟動馬達"},{"text":"a regular starter","meaningZh":"固定先發球員"}]
startle	verb	verb	to surprise someone suddenly, causing a brief feeling of fear or shock	使驚嚇；使吃驚	常見 be startled by a loud noise，強調因突發狀況而產生的短暫驚訝或恐懼反應。	The loud thunder startled the sleeping baby.	巨大的雷聲把熟睡的嬰兒嚇醒了。	[{"text":"startle someone awake","meaningZh":"把某人驚醒"}]
static	adjective	adjective	not moving, changing, or developing	靜態的；靜止的	常修飾 situation、population，與 dynamic 相對，強調缺乏變化或發展。	Sales figures have remained static for the past six months.	過去六個月來，銷售數字一直維持靜態不變。	[{"text":"remain static","meaningZh":"保持不變"}]
stationary	adjective	adjective	not moving or not intended to be moved	靜止的；固定的	常見 stationary object/vehicle，強調物體處於靜止、不移動的狀態，注意與同音詞 stationery（文具）拼寫不同。	The car remained stationary at the traffic light.	這輛車在紅綠燈前保持靜止。	[{"text":"a stationary vehicle","meaningZh":"靜止的車輛"}]
statistics	noun	noun	numerical data collected and analyzed to reveal patterns or trends	統計數據；統計學	常見 crime statistics、according to statistics，也可指作為學科的統計學本身。	The report includes statistics on unemployment rates.	這份報告包含了失業率的統計數據。	[{"text":"official statistics","meaningZh":"官方統計數據"}]
statue	noun	noun	a sculpture representing a person or animal, typically life-size or larger	雕像	常見於公共藝術、紀念碑語境，如 a bronze statue，指立體造型的人物或動物雕塑。	Tourists took photos in front of the famous statue.	遊客在這座著名的雕像前拍照。	[{"text":"a bronze statue","meaningZh":"銅像"}]
statute	noun	noun	a law formally passed by a legislative body	法規；法令	正式法律用語，常見 by statute，指經立法機關通過制定的成文法。	The new statute requires companies to disclose their carbon emissions.	這項新法規要求企業揭露其碳排放量。	[{"text":"a statute of limitations","meaningZh":"訴訟時效法規"}]
statutory	adjective	adjective	required, permitted, or created by law	法定的；法規規定的	常見 statutory rights/holiday，強調某事項由成文法規範或授權。	Employees are entitled to statutory paid leave each year.	員工每年有權享有法定的帶薪休假。	[{"text":"a statutory requirement","meaningZh":"法定要求"}]
steadfast	adjective	adjective	firmly loyal or committed, without changing	堅定不移的；忠貞的	正式用語，常修飾 support、belief，強調在困難或壓力下依然不動搖的忠誠與決心。	Her friends remained steadfast in their support throughout the trial.	在整個審判過程中，她的朋友們始終堅定地支持著她。	[{"text":"steadfast support","meaningZh":"堅定不移的支持"}]
steady	adjective	adjective	developing or continuing gradually and consistently, without sudden changes	穩定的；持續的	常見 steady progress/growth，強調變化緩慢而穩固，不會突然波動。	The company has shown steady growth over the past five years.	這家公司過去五年展現出穩定的成長。	[{"text":"steady progress","meaningZh":"穩步進展"}]
steak	noun	noun	a thick slice of meat, especially beef, typically grilled or fried	牛排；肉排	常見 grilled steak，指切成厚片後煎烤的肉類，尤指牛肉。	He ordered a medium-rare steak at the restaurant.	他在餐廳點了一份五分熟的牛排。	[{"text":"a sirloin steak","meaningZh":"沙朗牛排"}]
steam	noun	noun	the hot vapor produced when water boils	蒸氣	常見 steam engine、a cloud of steam，也可比喻指精力或動力，如 run out of steam（失去動力）。	Steam rose from the cup of hot tea.	熱茶杯中冒出了蒸氣。	[{"text":"steam power","meaningZh":"蒸汽動力"}]
steep	adjective	adjective	rising or falling sharply; almost vertical	陡峭的；急遽的	常修飾 hill、slope，也可比喻指急遽的增減，如 a steep rise in prices。	The trail became increasingly steep near the summit.	這條步道靠近山頂時變得越來越陡峭。	[{"text":"a steep slope","meaningZh":"陡坡"},{"text":"a steep rise","meaningZh":"急遽上升"}]
steer	verb	verb	to control the direction in which a vehicle moves, or to guide someone toward a particular course of action	駕駛；引導	常接 car、conversation，字面指操控方向盤；比喻指引導談話或決策走向。	She steered the car carefully around the sharp bend.	她小心翼翼地駕車繞過那個急轉彎。	[{"text":"steer clear of","meaningZh":"避開"},{"text":"steer the conversation","meaningZh":"引導談話方向"}]
stem	verb	verb	to originate from or be caused by something	源自；起因於	常見 stem from，強調問題或情況的根本來源，通常接抽象名詞。	Her fear of dogs stems from a childhood incident.	她對狗的恐懼源自於童年的一次事件。	[{"text":"stem from","meaningZh":"源自"}]
stereo	noun	noun	a sound system that reproduces audio through two or more separate channels for a fuller effect	立體聲音響	常見 car stereo、stereo system，指能呈現立體聲效果的音響設備。	He turned up the stereo to enjoy his favorite album.	他調高音響音量，享受他最喜歡的專輯。	[{"text":"a stereo system","meaningZh":"立體聲音響系統"}]
stereotype	noun	noun	a fixed and oversimplified idea about a particular type of person or thing	刻板印象	常見 challenge a stereotype，強調對某群體過於簡化、常帶偏見的固定看法。	The movie relies heavily on outdated gender stereotypes.	這部電影嚴重依賴過時的性別刻板印象。	[{"text":"a gender stereotype","meaningZh":"性別刻板印象"}]
sterile	adjective	adjective	completely free from bacteria or germs, or unable to produce offspring	無菌的；不孕的	醫學語境常見 sterile equipment（無菌器材）；生物學語境指喪失生殖能力。	Surgeons must use sterile instruments during operations.	外科醫生手術時必須使用無菌器械。	[{"text":"a sterile environment","meaningZh":"無菌環境"}]
sterilize	verb	verb	to make something completely free of bacteria, usually by heat or chemicals	消毒；殺菌	常見 sterilize equipment/water，強調透過高溫或化學方式徹底清除細菌。	Hospitals sterilize surgical tools before each use.	醫院在每次使用前都會將手術器械消毒。	[{"text":"sterilize surgical instruments","meaningZh":"將手術器械滅菌"}]
sterling	noun	noun	the official currency of the United Kingdom, or British money in general	英鎊；英國貨幣	常見 pound sterling，正式指英國的貨幣單位，也可泛指英國貨幣。	The invoice was billed in pounds sterling.	這份帳單以英鎊計價。	[{"text":"pounds sterling","meaningZh":"英鎊"}]
stern	adjective	adjective	serious and strict, especially in a way that shows disapproval	嚴厲的；嚴格的	常修飾 warning、look、parent，形容態度嚴肅、不容妥協。	The teacher gave the students a stern warning about cheating.	老師嚴厲警告學生不可作弊。	[{"text":"a stern warning","meaningZh":"嚴厲警告"}]
steward	noun	noun	a person responsible for managing another's property, or an attendant on a ship or aircraft	管理人；服務員	兩義：負責管理財產或事務的人；飛機、船隻上的服務人員（現更常用 flight attendant）。	The estate's steward oversaw the daily operations of the farm.	這座莊園的管家負責監督農場的日常運作。	[{"text":"a flight steward","meaningZh":"男性空服員"}]
sticky	adjective	adjective	tending to stick to things it touches, or (of a situation) awkward and difficult to deal with	黏的；棘手的	字面指物體黏手（sticky candy）；比喻指處境尷尬、難以處理，如 a sticky situation。	Her hands were sticky from eating the candy.	她的手因為吃了糖果而變得黏糊糊的。	[{"text":"a sticky situation","meaningZh":"棘手的處境"}]
stiff	adjective	adjective	not easily bent; difficult to move, or (of muscles) painful when moved	堅硬的；僵硬的	常見 stiff neck/joints，形容物體不易彎曲，或身體因久未活動而僵硬痠痛。	I woke up with a stiff neck after sleeping in an awkward position.	我因睡姿不良，醒來時脖子僵硬痠痛。	[{"text":"a stiff neck","meaningZh":"脖子僵硬"}]
stimulant	noun	noun	a substance, especially a drug, that increases physical or mental activity	興奮劑；刺激物	常見 caffeine is a stimulant，指能提升生理或心理活動程度的物質。	Caffeine is a mild stimulant that helps people stay alert.	咖啡因是一種溫和的興奮劑，能幫助人保持清醒。	[{"text":"a mild stimulant","meaningZh":"輕度興奮劑"}]
stimulate	verb	verb	to encourage something to happen or develop, or to make someone feel more interested or energetic	刺激；激勵	常見 stimulate the economy/interest，強調促使某事物產生、增強或活躍起來。	Lower interest rates are meant to stimulate economic growth.	降低利率的目的是刺激經濟成長。	[{"text":"stimulate economic growth","meaningZh":"刺激經濟成長"}]
stimulus	noun	noun	something that causes growth, activity, or a response	刺激；誘因	常見 economic stimulus（經濟刺激方案），也可指引發生物或心理反應的外在因素。	The government introduced a stimulus package to boost the economy.	政府推出了一項刺激經濟方案。	[{"text":"an economic stimulus","meaningZh":"經濟刺激措施"}]
sting	verb	verb	to cause a sharp, stinging pain, as an insect or plant might, or to cause emotional hurt	刺痛；刺傷（感情）	字面指昆蟲叮咬造成的刺痛；比喻指言語帶來的傷害，如 his words stung her。	The wasp stung him on the arm.	那隻黃蜂螫了他的手臂。	[{"text":"sting someone into action","meaningZh":"刺激某人採取行動"}]
stint	noun	noun	a fixed period of time spent doing a particular job or activity	一段任職期；一段時間的工作	常見 a brief stint as，指某人短暫從事某工作或角色的期間。	She had a two-year stint as a foreign correspondent.	她曾有兩年擔任駐外記者的經歷。	[{"text":"a two-year stint","meaningZh":"兩年的任職期"}]
stipulate	verb	verb	to state clearly and specifically that something must happen or be done, especially as part of an agreement	規定；明確要求	正式用語，常見 the contract stipulates that，指在合約或協議中明確訂立的條件。	The contract stipulates that payment must be made within 30 days.	合約規定必須在三十天內付款。	[{"text":"stipulate that","meaningZh":"明確規定……"}]
stipulation	noun	noun	a condition that is clearly and formally stated as part of an agreement	規定；條款	常見 a key stipulation，指合約或協議中明確列出的必要條件。	One stipulation of the loan is that it must be repaid within five years.	這筆貸款的其中一項條款是必須在五年內還清。	[{"text":"a contractual stipulation","meaningZh":"合約條款"}]
stir	verb	verb	to mix a liquid or substance by moving an object around in it, or to cause strong feelings or reactions	攪拌；激起（情緒）	字面指用湯匙等攪動液體；比喻指引發強烈的情緒或反應，如 stir controversy。	She stirred the soup slowly to prevent it from sticking.	她慢慢攪拌湯，以免燒焦黏鍋。	[{"text":"stir up trouble","meaningZh":"惹是生非"}]
stitch	noun	noun	a single loop made with thread when sewing, or a sudden sharp pain in the side	一針；（腰側）劇痛	縫紉語境指一針一線；也可指運動時因劇烈呼吸引發的側腹疼痛。	The nurse put three stitches in the cut on his hand.	護理師在他手上的傷口縫了三針。	[{"text":"a stitch in my side","meaningZh":"我腰側的一陣劇痛"}]
stocky	adjective	adjective	having a solid, thick, and often short build	矮壯的；結實的	常修飾 build、figure，形容體型結實、較矮胖但強壯，非負面用語。	He was a stocky man with broad shoulders.	他是個肩膀寬厚、體型矮壯的男子。	[{"text":"a stocky build","meaningZh":"矮壯的體格"}]
stoke	verb	verb	to add fuel to a fire to keep it burning, or to encourage a feeling to become stronger	添柴生火；煽動（情緒）	字面指為爐火添加燃料；比喻指使某種情緒或情況更加強烈，如 stoke fear/tension。	The rumors only served to stoke public anxiety about the outbreak.	這些謠言只是進一步煽動了大眾對疫情的焦慮。	[{"text":"stoke fears","meaningZh":"加劇恐懼"}]
stolid	adjective	adjective	showing little emotion or excitement, even in difficult situations	麻木的；不動聲色的	常修飾 expression、manner，形容人面對事件時反應平淡，不易顯露情緒。	He remained stolid throughout the entire trial.	他在整個審判過程中始終不動聲色。	[{"text":"a stolid expression","meaningZh":"不動聲色的表情"}]
stoop	verb	verb	to bend the body forward and down, or to lower oneself morally to do something dishonorable	彎腰；屈就（做不光彩的事）	字面指身體前傾彎曲；比喻指自貶身分做不道德的事，如 stoop to lying。	He had to stoop to fit through the low doorway.	他得彎腰才能穿過那道低矮的門。	[{"text":"stoop to lying","meaningZh":"卑劣到以說謊達成目的"}]
storage	noun	noun	the act of keeping something in a particular place until it is needed, or a place used for this	儲存；貯藏	常見 cloud storage、storage space，指存放物品或資料的行為或場所。	They rented a unit for extra storage of old furniture.	他們租了一個儲藏空間來放置舊家具。	[{"text":"storage space","meaningZh":"儲存空間"}]
straight	adjective	adjective	extending in one direction without a bend or curve; honest and direct	直的；正直的	常修飾 line、hair（物理上的直），也可指人誠實坦率，如 give a straight answer。	Draw a straight line from point A to point B.	從 A 點到 B 點畫一條直線。	[{"text":"a straight line","meaningZh":"直線"}]
straightforward	adjective	adjective	easy to understand or do, without complications	簡單明瞭的；直截了當的	常修飾 process、explanation，強調沒有複雜或令人困惑的部分。	The instructions were straightforward and easy to follow.	這些指示簡單明瞭，很容易照著做。	[{"text":"a straightforward answer","meaningZh":"直截了當的回答"}]
strain	noun	noun	physical or mental stress caused by overwork or pressure, or a force that stretches or deforms something	壓力；緊張；拉力	常見 under strain、put a strain on，強調身心負擔或物理上的拉扯力。	The long hours at work put a strain on her health.	長時間工作對她的健康造成了負擔。	[{"text":"under strain","meaningZh":"承受壓力"}]
strand	noun	noun	a single thin length of thread, hair, or wire, or one part of a complex situation or story	一縷；一股；（故事等的）一條線索	常見 a strand of hair/DNA，也可比喻指故事、論述中的一條脈絡（a strand of the plot）。	A single strand of hair fell across her face.	一縷頭髮垂落在她的臉上。	[{"text":"a strand of hair","meaningZh":"一縷頭髮"}]
strap	noun	noun	a narrow strip of leather or fabric used to fasten, carry, or hold something in place	帶子；背帶	常見 shoulder strap、watch strap，指用於固定或懸掛物品的細長條狀物。	She adjusted the strap on her bag before leaving.	出門前，她調整了包包的背帶。	[{"text":"a shoulder strap","meaningZh":"肩帶"}]
stray	adjective	adjective	(of an animal) having no home, or wandering away from the expected place or group	無家可歸的；迷失的	常修飾 dog/cat（流浪動物），也可比喻指偏離正軌的事物，如 a stray comment。	They took in a stray cat that had been wandering the neighborhood.	他們收留了一隻在附近遊蕩的流浪貓。	[{"text":"a stray dog","meaningZh":"流浪狗"}]
streak	noun	noun	a long thin line or mark of a different color or texture, or a continuous period of success or failure	條紋；連續的（成功或失敗）紀錄	字面指物體表面的細長條紋；比喻指連續發生的狀態，如 a winning streak（連勝紀錄）。	The team is currently on a five-game winning streak.	這支球隊目前正處於連勝五場的紀錄。	[{"text":"a winning streak","meaningZh":"連勝紀錄"}]
strengthen	verb	verb	to make something stronger, or to become stronger	加強；增強	常見 strengthen ties/muscles，可指抽象關係或具體身體機能的增強。	Regular exercise helps strengthen your muscles and bones.	規律運動有助於強化你的肌肉和骨骼。	[{"text":"strengthen ties","meaningZh":"加強關係"}]
stress	noun	noun	a feeling of worry or mental tension caused by difficult circumstances, or particular emphasis placed on something	壓力；重點；重音	常見 under stress、stress management，也可指語音學中的重音（word stress）。	Work-related stress can affect both physical and mental health。	與工作相關的壓力可能會影響身心健康。	[{"text":"under stress","meaningZh":"承受壓力"}]
stretch	noun	noun	an act of extending the body or a muscle, or a continuous area or period of time	伸展；一段（時間／距離）	常見 do a stretch before exercise（運動前伸展），也可指連續的一段路程或時間。	He did some stretches before going for a run.	他跑步前做了一些伸展運動。	[{"text":"a stretch of road","meaningZh":"一段道路"}]
stride	noun	noun	a long step when walking or running, or notable progress made toward a goal	大步；（在……方面的）進展	常見 make strides in（在……方面有所進展），也可指字面上的大步伐（a long stride）。	The country has made great strides in reducing poverty.	這個國家在減貧方面取得了長足的進展。	[{"text":"make great strides","meaningZh":"取得長足進展"}]
strident	adjective	adjective	loud and harsh in a way that is unpleasant to hear, or expressing opinions in a forceful, unpleasant manner	刺耳的；尖銳強硬的	常修飾 voice、tone，也可修飾 criticism，形容言論激烈、咄咄逼人。	Her strident tone made the negotiations even more tense.	她尖銳強硬的語氣讓談判氣氛更加緊張。	[{"text":"strident criticism","meaningZh":"尖銳強硬的批評"}]
string	noun	noun	a thin cord used for tying or fastening things, or a series of similar items or events	細繩；一連串	常見 a string of events/success，也可指樂器上的弦或字串資料（電腦科學語境）。	He tied the package with a piece of string.	他用一段繩子把包裹綁了起來。	[{"text":"a string of successes","meaningZh":"一連串的成功"}]
stringent	adjective	adjective	very strict and demanding compliance with rules or requirements	嚴格的；嚴苛的	常修飾 regulations、standards，強調規範或要求極為嚴謹、不容鬆懈。	The factory must meet stringent safety regulations.	這家工廠必須符合嚴格的安全法規。	[{"text":"stringent requirements","meaningZh":"嚴格的要求"}]
strip	noun	noun	a long, narrow piece of something, such as paper, land, or material	長條；地帶	常見 a strip of land/paper，指細長條狀的物體或區域，如 a comic strip（連環漫畫）。	They cut the fabric into thin strips for the craft project.	他們把布料剪成細長條，用於這項手工藝計畫。	[{"text":"a strip of land","meaningZh":"狹長地帶"}]
stripe	noun	noun	a long narrow line or band of color that differs from the background it is on	條紋	常見 a shirt with stripes，也可指軍階或服役年資的標誌（military stripe）。	The referee wore a black and white striped shirt.	裁判穿著一件黑白條紋的上衣。	[{"text":"vertical stripes","meaningZh":"直條紋"}]
strive	verb	verb	to make a great effort to achieve or obtain something	努力爭取；奮力求取	正式用語，常見 strive for/to，強調持續且積極地朝目標努力。	She has always strived for excellence in her work.	她在工作上一直力求卓越。	[{"text":"strive for excellence","meaningZh":"力求卓越"}]
stroke	noun	noun	a sudden and serious medical condition caused by a blocked or burst blood vessel in the brain, or a single movement in an action like swimming or writing	中風；（游泳、寫字等的）一劃	醫學語境常見（have a stroke）；也可指運動或書寫中的一個動作單位，如 a swimming stroke。	Her grandfather suffered a stroke last year and is still recovering.	她祖父去年中風，目前仍在恢復中。	[{"text":"suffer a stroke","meaningZh":"中風"}]
stroll	verb	verb	to walk in a slow, relaxed way, especially for pleasure	閒逛；漫步	常見 stroll through the park，強調悠閒無目的地走動，語氣輕鬆。	They strolled along the beach at sunset.	他們在日落時分沿著海灘漫步。	[{"text":"stroll through the park","meaningZh":"在公園裡漫步"}]
structural	adjective	adjective	relating to the way something is built or organized	結構的；建築上的	常見 structural damage/change，指與物理建築結構或抽象組織架構相關的事物。	The earthquake caused significant structural damage to the building.	這場地震對這棟建築造成了嚴重的結構性損害。	[{"text":"structural damage","meaningZh":"結構性損壞"}]
struggle	noun	noun	a hard and prolonged effort to achieve or resist something	奮鬥；掙扎	常見 a struggle for independence，強調長期且艱難地努力達成或抵抗某事。	Her recovery from the accident was a long struggle.	她從意外中康復是一段漫長的奮鬥過程。	[{"text":"a struggle for independence","meaningZh":"爭取獨立的奮鬥"}]
stuffy	adjective	adjective	lacking fresh air and feeling too warm, or (of a person) old-fashioned and overly formal	悶熱的；古板的	字面指空間通風不良、悶熱（a stuffy room）；比喻指人思想保守、拘泥禮節。	The room felt stuffy, so she opened a window.	房間感覺很悶，於是她打開了窗戶。	[{"text":"a stuffy room","meaningZh":"悶熱不通風的房間"}]
stumble	verb	verb	to trip and almost fall while walking, or to make a mistake, especially in speech	絆倒；失誤	常見 stumble over one's words（說話結巴出錯），也可指走路時差點跌倒。	He stumbled over a rock but managed to keep his balance.	他被一塊石頭絆了一下，但還是保持住了平衡。	[{"text":"stumble over one's words","meaningZh":"說話結結巴巴"}]
stun	verb	verb	to shock or surprise someone greatly, or to make someone unconscious with a blow	使震驚；打昏	常見 be stunned by the news，強調因意外消息或事件而感到極度震驚。	The news of her sudden departure stunned her colleagues.	她突然離職的消息讓同事們大感震驚。	[{"text":"be stunned by the news","meaningZh":"被消息震驚"}]
stunt	noun	noun	a dangerous or difficult action performed to entertain or attract attention	特技；噱頭	常見 perform a stunt，多見於電影、雜技表演，也可比喻指博取關注的花招。	The actor performed all his own stunts in the action film.	這位演員在這部動作片中親自演出了所有的特技。	[{"text":"a publicity stunt","meaningZh":"宣傳噱頭"}]
sturdy	adjective	adjective	strongly built and unlikely to break or fail	堅固的；耐用的	常修飾 furniture、shoes、structure，強調製作牢固、經得起使用或壓力。	They bought a sturdy table that can withstand daily use.	他們買了一張堅固耐用、經得起日常使用的桌子。	[{"text":"sturdy shoes","meaningZh":"耐穿的鞋子"}]
stutter	verb	verb	to speak with involuntary pauses and repetitions of sounds	口吃；結巴	常見 stutter over a word，形容說話時因語言障礙而斷續、重複。	He stuttered slightly when he was nervous.	他緊張的時候會有點結巴。	[{"text":"stutter nervously","meaningZh":"緊張得結巴"}]
subjective	adjective	adjective	based on personal opinions or feelings rather than facts	主觀的	常見 subjective judgment/opinion，與 objective（客觀的）相對，強調受個人觀點影響。	Beauty is a highly subjective matter.	美是非常主觀的議題。	[{"text":"a subjective judgment","meaningZh":"主觀判斷"}]
sublime	adjective	adjective	of such excellence, beauty, or greatness as to inspire awe	崇高的；壯麗的	正式用語，常修飾 beauty、experience，強調令人讚嘆敬畏的極致美好。	The view from the mountaintop was truly sublime.	山頂的景色真是壯麗絕倫。	[{"text":"sublime beauty","meaningZh":"令人讚嘆的美"},{"text":"sublime landscape","meaningZh":"壯麗的景觀"}]
submarine	noun	noun	a ship that can operate underwater, especially one used for military purposes	潛水艇	軍事、航海用語，常見 nuclear submarine（核子潛艇）。	The navy deployed a submarine to patrol the coastal waters.	海軍派遣了一艘潛水艇巡邏沿海水域。	[{"text":"nuclear submarine","meaningZh":"核動力潛水艇"},{"text":"submarine crew","meaningZh":"潛水艇船員"}]
submission	noun	noun	the act of presenting something, such as a document or proposal, for consideration, or the state of accepting another's authority	提交；屈服	兩義：提交作品或文件供審核（essay submission）；向他人權威低頭（submission to authority）。	The deadline for essay submission is next Friday.	論文提交的截止日期是下週五。	[{"text":"submission deadline","meaningZh":"提交截止日期"},{"text":"force someone into submission","meaningZh":"迫使某人屈服"}]
submit	verb	verb	to formally present something for consideration or approval, or to accept someone else's authority or control	提交；屈服	常見 submit an application/report，也可指服從、屈就於他人意志，如 submit to pressure。	She submitted her resignation letter this morning.	她今天早上提交了辭職信。	[{"text":"submit an application","meaningZh":"提交申請"},{"text":"submit to authority","meaningZh":"服從權威"}]
subordinate	adjective	adjective	lower in rank, importance, or power than someone or something else	下屬的；次要的	常見 subordinate to，也可作名詞 a subordinate，指職位較低、聽命於上級的人。	In this hierarchy, managers are subordinate to the CEO.	在這個層級中，經理們的職位低於執行長。	[{"text":"subordinate to","meaningZh":"隸屬於……的"},{"text":"subordinate role","meaningZh":"次要角色"}]
subpoena	noun	noun	a legal document ordering someone to appear in court or provide evidence	傳票	法律用語，常見 issue a subpoena，指法院正式要求某人出庭或提供證據的文件。	The witness was served a subpoena to testify in the trial.	這位證人收到傳票，須出庭作證。	[{"text":"issue a subpoena","meaningZh":"發出傳票"},{"text":"comply with a subpoena","meaningZh":"遵從傳票要求"}]
subsequently	adverb	adverb	afterward; at a later time than something already mentioned	隨後；接著	正式用語，常用於敘述事件先後順序，連接前後發生的事情。	The company was fined and subsequently went bankrupt.	這家公司被罰款後，隨後便宣告破產。	[{"text":"subsequently discovered","meaningZh":"後來發現的"},{"text":"subsequently became","meaningZh":"後來成為……"}]
subside	verb	verb	to become gradually less intense, or to sink to a lower level	平息；減退	常見 the pain subsided、the flood subsided，強調逐漸減弱或水位下降的過程。	The storm finally subsided after several hours.	這場暴風雨經過數小時後終於平息。	[{"text":"the pain subsides","meaningZh":"疼痛減輕"},{"text":"floodwaters subside","meaningZh":"洪水退去"}]
subsidiary	noun	noun	a company that is owned or controlled by another, larger company	子公司	商業用語，常見 a wholly-owned subsidiary，指隸屬於母公司旗下的公司。	The tech giant acquired the startup as a subsidiary.	這家科技巨頭將這家新創公司收購為其子公司。	[{"text":"wholly owned subsidiary","meaningZh":"全資子公司"},{"text":"overseas subsidiary","meaningZh":"海外子公司"}]
subsidy	noun	noun	money given by a government or organization to help reduce the cost of something	補助金；津貼	常見 government subsidy，指為降低成本或支持特定產業而提供的財政援助。	Farmers received a subsidy to offset rising fuel costs.	農民獲得了一筆補助金，以抵消上漲的燃料成本。	[{"text":"government subsidy","meaningZh":"政府補助"},{"text":"agricultural subsidies","meaningZh":"農業補助"}]
subsistence	noun	noun	the minimum amount of food and resources needed to stay alive	維生；基本生存所需	常見 subsistence farming（維生型農業），指僅足以維持生存、缺乏盈餘的狀態。	Many rural families rely on subsistence farming to survive.	許多鄉村家庭仰賴自給自足的農耕維生。	[{"text":"subsistence farming","meaningZh":"自給自足農業"},{"text":"subsistence level","meaningZh":"最低生活水準"}]
substance	noun	noun	a particular type of matter with specific physical properties, or the real meaning or importance of something	物質；實質內容	常見 a chemical substance；也可指言論、論點的實質內涵，如 lack substance（空洞乏味）。	The report lacked substance and offered no real solutions.	這份報告內容空洞，沒有提出任何實質的解決方案。	[{"text":"toxic substance","meaningZh":"有毒物質"},{"text":"a claim without substance","meaningZh":"缺乏實質根據的主張"}]
substantially	adverb	adverb	to a large degree; considerably	大幅地；實質上	常修飾動詞或形容詞，如 substantially increase，強調變化程度顯著。	Sales have increased substantially since the new product launch.	自從新產品上市以來，銷售額大幅成長。	[{"text":"substantially reduce costs","meaningZh":"大幅降低成本"},{"text":"substantially higher","meaningZh":"高出許多的"}]
substantive	adjective	adjective	having a real and important effect or existence; dealing with matters of real importance	實質性的；重要的	常修飾 change、discussion，強調具有實際意義，而非表面或形式上的變化。	The two sides made substantive progress in the negotiations.	雙方在談判中取得了實質性的進展。	[{"text":"substantive changes","meaningZh":"實質改變"},{"text":"substantive discussion","meaningZh":"深入實質內容的討論"}]
substitute	noun	noun	a person or thing that takes the place of another	替代品；代替者	常見 a substitute teacher（代課老師）、sugar substitute（代糖），指用來取代原本事物的人或物。	Honey can be used as a substitute for sugar in this recipe.	這份食譜中可以用蜂蜜代替糖。	[{"text":"a substitute for sugar","meaningZh":"糖的替代品"},{"text":"substitute teacher","meaningZh":"代課教師"}]
subterranean	adjective	adjective	existing or occurring below the surface of the earth	地下的	常修飾 tunnel、river，也可比喻指隱密、不公開的活動，較少見用法。	Explorers discovered a vast subterranean cave system.	探險家發現了一個巨大的地下洞穴系統。	[{"text":"subterranean river","meaningZh":"地下河"},{"text":"subterranean passage","meaningZh":"地下通道"}]
suburb	noun	noun	a residential area located on the outskirts of a city	郊區	常見 live in the suburbs，指城市周邊、以住宅為主的地區，與 downtown 相對。	They moved to a quiet suburb to raise their children.	他們搬到一個安靜的郊區養育孩子。	[{"text":"residential suburb","meaningZh":"住宅郊區"},{"text":"live in the suburbs","meaningZh":"住在郊區"}]
subway	noun	noun	an underground railway system used for transporting passengers in a city	地鐵	美式用語（英式常用 underground 或 tube），指城市地下運行的大眾運輸系統。	She takes the subway to work every day.	她每天搭地鐵上班。	[{"text":"take the subway","meaningZh":"搭地鐵"},{"text":"subway station","meaningZh":"地鐵站"}]
succession	noun	noun	a number of people or things following one after another, or the process of inheriting a position or title	連續；繼承	常見 in succession（接連地）、line of succession（王位繼承順序），依語境判斷。	The team won five championships in succession.	這支隊伍連續贏得五次冠軍。	[{"text":"in rapid succession","meaningZh":"接二連三地"},{"text":"succession to the throne","meaningZh":"王位繼承"}]
successive	adjective	adjective	following one after another without interruption	連續的；相繼的	常修飾 years、attempts，強調事件緊接著發生，中間沒有間斷。	The company reported profits for five successive quarters.	這家公司連續五季都公布獲利。	[{"text":"successive generations","meaningZh":"接連數代"},{"text":"three successive years","meaningZh":"連續三年"}]
suck	verb	verb	to draw liquid or air into the mouth by creating suction	吸；吮吸	常見 suck through a straw，也可比喻指強力吸入或捲入，如 sucked into a conflict。	The baby sucked contentedly on the pacifier.	這個嬰兒心滿意足地吸吮著奶嘴。	[{"text":"suck through a straw","meaningZh":"用吸管吸"},{"text":"suck on a sweet","meaningZh":"含吮糖果"}]
suffocate	verb	verb	to die or cause someone to die from lack of air, or to make someone feel unable to breathe freely	使窒息	字面指缺氧致死；比喻指使人感到壓抑、喘不過氣，如 suffocate creativity。	The trapped miners nearly suffocated before rescuers arrived.	受困的礦工在救援人員抵達前差點窒息而死。	[{"text":"suffocate in smoke","meaningZh":"在煙霧中窒息"},{"text":"suffocate to death","meaningZh":"窒息而死"}]
suggestive	adjective	adjective	tending to suggest something, especially something sexual or improper	暗示性的；引人遐想的	常見 suggestive remark/gesture，帶輕微負面或曖昧意味，暗指不便明說的意涵。	Her suggestive comment made everyone at the table uncomfortable.	她那句意有所指的話讓餐桌上的每個人都感到不自在。	[{"text":"suggestive of","meaningZh":"暗示……的"},{"text":"suggestive remarks","meaningZh":"帶有性暗示的話語"}]
suitable	adjective	adjective	right or appropriate for a particular purpose or occasion	合適的；適當的	常見 suitable for，強調符合特定用途、對象或場合的要求。	This movie is not suitable for young children.	這部電影不適合幼童觀看。	[{"text":"suitable for children","meaningZh":"適合兒童的"},{"text":"suitable candidate","meaningZh":"合適的候選人"}]
suitcase	noun	noun	a rectangular case with a handle, used for carrying clothes and personal items while traveling	手提箱；行李箱	日常旅行用語，常見 pack a suitcase，指用於裝載衣物與個人物品的箱子。	She packed her suitcase the night before the trip.	她在出發前一晚打包好了行李箱。	[{"text":"pack a suitcase","meaningZh":"整理行李箱"},{"text":"carry-on suitcase","meaningZh":"登機行李箱"}]
suite	noun	noun	a set of connected rooms, especially in a hotel, or a set of matching furniture	套房；成套家具	常見 hotel suite（飯店套房），也可指軟體套件（software suite），依語境判斷。	They booked a suite for their honeymoon.	他們為蜜月旅行訂了一間套房。	[{"text":"hotel suite","meaningZh":"飯店套房"},{"text":"three-piece suite","meaningZh":"三件式沙發組"}]
sullen	adjective	adjective	bad-tempered and unwilling to smile or be pleasant, often silently	慍怒的；悶悶不樂的	常修飾 expression、silence，形容人因不滿而沉默、面帶怒氣。	The teenager gave a sullen look when asked to clean his room.	被要求打掃房間時，這個青少年露出了慍怒的表情。	[{"text":"sullen silence","meaningZh":"悶悶不樂的沉默"},{"text":"sullen expression","meaningZh":"陰沉的表情"}]
sultry	adjective	adjective	(of weather) hot and humid in an uncomfortable way	悶熱的；濕熱的	常修飾 weather、afternoon，形容天氣又熱又潮濕，令人不適；也可形容人性感撩人（較少見）。	The sultry summer afternoon made everyone feel lethargic.	悶熱的夏日午後讓每個人都昏昏欲睡。	[{"text":"sultry summer evening","meaningZh":"悶熱的夏日夜晚"},{"text":"sultry heat","meaningZh":"濕悶的暑氣"}]
summary	noun	noun	a short statement giving the main points of something without the details	摘要；概要	常見 executive summary、in summary，指濃縮呈現要點而省略細節的簡短敘述。	Please provide a summary of the report's key findings.	請提供這份報告主要發現的摘要。	[{"text":"executive summary","meaningZh":"執行摘要"},{"text":"in summary","meaningZh":"概括而言"}]
summit	noun	noun	the highest point of a mountain, or a formal meeting between leaders of governments	山頂；高峰會	字面指山的最高點；也常見於政治語境，如 climate summit（氣候高峰會）。	The climbers finally reached the summit after six hours.	登山者在六小時後終於登上山頂。	[{"text":"reach the summit","meaningZh":"登上山頂"},{"text":"summit meeting","meaningZh":"高峰會議"}]
summon	verb	verb	to officially order someone to come to a particular place, or to call up an inner quality such as courage	召喚；喚起（勇氣等）	常見 summon the courage to，也可指正式傳喚，如 summon a witness。	She summoned the courage to speak up during the meeting.	她鼓起勇氣在會議中發言。	[{"text":"summon someone to court","meaningZh":"傳喚某人到庭"},{"text":"summon up courage","meaningZh":"鼓起勇氣"}]
sumptuous	adjective	adjective	extremely expensive, luxurious, and impressive	奢華的；豪華的	常修飾 feast、decor，形容極盡奢華、令人印象深刻的排場或裝潢。	They enjoyed a sumptuous banquet at the palace.	他們在皇宮享用了一場奢華的宴席。	[{"text":"sumptuous meal","meaningZh":"豐盛豪華的一餐"},{"text":"sumptuous surroundings","meaningZh":"奢華的環境"}]
sundry	adjective	adjective	of various kinds; miscellaneous	各式各樣的；雜項的	常見 sundry items/expenses，指種類混雜、無法歸為單一類別的事物。	The invoice listed sundry expenses such as postage and supplies.	這份帳單列出了郵資、用品等各項雜支。	[{"text":"sundry expenses","meaningZh":"雜項支出"},{"text":"sundry items","meaningZh":"各式雜物"}]
sunlight	noun	noun	light that comes from the sun	陽光；日光	日常用語，常見 direct sunlight、bask in sunlight，指來自太陽的光線。	Plants need sunlight to grow properly.	植物需要陽光才能正常生長。	[{"text":"direct sunlight","meaningZh":"直射陽光"},{"text":"exposure to sunlight","meaningZh":"曝曬於陽光"}]
sunset	noun	noun	the time when the sun goes down below the horizon in the evening	日落	常見 watch the sunset，指傍晚太陽落下的時刻，也可比喻指某事物的終結階段。	They watched the sunset from the balcony.	他們從陽台上欣賞日落。	[{"text":"at sunset","meaningZh":"在日落時"},{"text":"watch the sunset","meaningZh":"看夕陽"}]
sunshine	noun	noun	sunlight, especially when bright and warm	陽光；晴天	常見 bask in the sunshine，也可比喻指帶來歡樂的人或事，如 you are my sunshine。	The children played outside in the warm sunshine.	孩子們在溫暖的陽光下到戶外玩耍。	[{"text":"bright sunshine","meaningZh":"明亮的陽光"},{"text":"a ray of sunshine","meaningZh":"一縷陽光；帶來喜悅的人"}]
superb	adjective	adjective	extremely good; excellent	極好的；卓越的	常修飾 performance、view，語氣強烈正面，強調品質或表現超乎尋常地優秀。	The chef prepared a superb five-course meal.	主廚準備了一頓極為出色的五道菜大餐。	[{"text":"superb performance","meaningZh":"精湛的演出"},{"text":"superb quality","meaningZh":"卓越的品質"}]
superficial	adjective	adjective	involving only what is on the surface, without deep understanding or importance	表面的；膚淺的	常修飾 wound（表面傷口）或 knowledge/analysis（膚淺的了解），依語境判斷。	Her understanding of the topic is only superficial.	她對這個主題的了解只是表面而已。	[{"text":"superficial understanding","meaningZh":"膚淺的理解"},{"text":"superficial resemblance","meaningZh":"表面相似"}]
superfluous	adjective	adjective	more than what is needed or necessary	多餘的；過剩的	正式用語，常見 superfluous detail/information，強調不必要、可省略的部分。	The report contained a lot of superfluous information that could have been cut.	這份報告包含了許多可以刪減的多餘資訊。	[{"text":"superfluous details","meaningZh":"多餘的細節"},{"text":"render something superfluous","meaningZh":"使某物變得多餘"}]
superimpose	verb	verb	to place one image or layer on top of another so both are visible	疊加；重疊放置	常見 superimpose an image on，多用於攝影、設計語境，指將一物覆蓋於另一物之上。	The designer superimposed the logo onto the photo background.	設計師將標誌疊加在照片背景上。	[{"text":"superimpose an image on another","meaningZh":"把一張影像疊加在另一張上"},{"text":"superimpose text on a photograph","meaningZh":"在照片上疊加文字"}]
superintendent	noun	noun	a person who manages or oversees a building, organization, or department	管理人；主管	常見 school superintendent（學區督導）、building superintendent（大樓管理員），依語境不同層級各異。	The school superintendent announced new policies for the district.	這位學區督導宣布了該學區的新政策。	[{"text":"school superintendent","meaningZh":"學區主管"},{"text":"building superintendent","meaningZh":"大樓管理員"}]
superior	adjective	adjective	higher in rank, quality, or ability compared to others	上級的；優越的	常見 superior quality/officer，與 inferior 相對，可指品質優良或職位較高。	This model offers superior performance compared to the older version.	這款機型的性能比舊款更為優越。	[{"text":"superior to","meaningZh":"優於……的"},{"text":"superior quality","meaningZh":"較優的品質"}]
supervise	verb	verb	to watch over and direct the work of others to ensure it is done correctly	監督；督導	常見 supervise employees/students，強調負責監看並指導他人完成工作或任務。	The manager supervises a team of ten employees.	這位經理督導一支十人的團隊。	[{"text":"supervise a team","meaningZh":"督導團隊"},{"text":"closely supervise","meaningZh":"密切監督"}]
supervision	noun	noun	the act of overseeing and directing the activities of a person or group	監督；督導	常見 under close supervision，強調對某項工作或人員進行持續的監管。	The children played in the pool under adult supervision.	孩子們在大人的監督下在泳池裡玩耍。	[{"text":"under supervision","meaningZh":"在監督之下"},{"text":"adult supervision","meaningZh":"成人監督"}]
supervisor	noun	noun	a person whose job is to oversee and direct the work of other employees	主管；督導員	常見 direct supervisor（直屬主管），指負責管理特定團隊或部門日常運作的人。	She reported the incident to her supervisor immediately.	她立刻向她的主管回報了這起事件。	[{"text":"immediate supervisor","meaningZh":"直屬主管"},{"text":"shift supervisor","meaningZh":"輪班主管"}]
supplant	verb	verb	to take the place of something or someone, especially by force or through gradual replacement	取代；排擠	正式用語，常見 supplant an old system/technology，強調逐漸或強行取而代之。	Digital cameras have largely supplanted traditional film cameras.	數位相機已大幅取代了傳統底片相機。	[{"text":"supplant traditional methods","meaningZh":"取代傳統方法"},{"text":"be supplanted by","meaningZh":"被……取代"}]
supple	verb	verb	to make something soft and flexible, or to become so	使柔軟；變柔韌	較少見的動詞用法，強調透過處理使原本僵硬的物體變得柔軟易彎，如皮革保養。	Regular conditioning helps supple the leather over time.	定期保養能讓皮革隨時間逐漸變得柔軟。	[]
supplement	noun	noun	something added to something else to complete or improve it, such as a nutritional product	補充物；營養補充品	常見 vitamin supplement，也可指額外附加的資訊或內容，如 a supplement to the textbook。	She takes a daily vitamin supplement to stay healthy.	她每天服用維他命補充品以維持健康。	[{"text":"dietary supplement","meaningZh":"膳食補充品"},{"text":"vitamin supplement","meaningZh":"維生素補充品"}]
supplementary	adjective	adjective	added to something else in order to complete or improve it	補充的；追加的	常見 supplementary material/income，強調並非主要部分，而是額外附加以求完整。	The teacher provided supplementary materials for students who needed extra help.	老師為需要額外協助的學生提供了補充教材。	[{"text":"supplementary material","meaningZh":"補充資料"},{"text":"supplementary income","meaningZh":"額外收入"}]
supposedly	adverb	adverb	according to what is generally believed or claimed, though this may not be true	據稱；按理說	常用於表達對某說法的保留態度，暗示消息未經證實，如 supposedly true。	The medicine is supposedly effective, but there's little scientific evidence.	這種藥據稱有效，但科學證據卻很少。	[{"text":"supposedly true","meaningZh":"據稱為真的"},{"text":"supposedly harmless","meaningZh":"據稱無害的"}]
suppress	verb	verb	to prevent something from being expressed, published, or known, or to stop something by force	壓制；鎮壓	常見 suppress a rebellion（鎮壓叛亂）、suppress emotions（壓抑情緒），依受詞判斷字面或抽象義。	The government tried to suppress news of the protest.	政府試圖壓制這場抗議的消息。	[{"text":"suppress a rebellion","meaningZh":"鎮壓叛亂"},{"text":"suppress a smile","meaningZh":"忍住笑容"}]
supreme	adjective	adjective	highest in rank, authority, or importance	最高的；至高無上的	常見 supreme court、supreme commander，強調位階或程度上無可超越的地位。	The Supreme Court made a final ruling on the case.	最高法院對這起案件做出了最終裁決。	[{"text":"supreme authority","meaningZh":"最高權力"}]
surge	noun	noun	a sudden, powerful increase in something, such as an emotion, activity, or amount	激增；澎湃	常見 a surge in demand/energy，強調數量或情緒突然且強烈地上升。	The country saw a surge in tourism after the pandemic ended.	疫情結束後，這個國家的觀光業出現了激增。	[{"text":"a surge in demand","meaningZh":"需求激增"}]
surgeon	noun	noun	a doctor who performs surgical operations	外科醫生	常見 heart surgeon（心臟外科醫生），指專門執行手術的醫師。	The surgeon performed a delicate operation on the patient's heart.	這位外科醫生對病人的心臟進行了一場精細的手術。	[{"text":"an orthopedic surgeon","meaningZh":"骨科外科醫師"}]
surgery	noun	noun	a medical procedure that involves cutting into the body to treat disease or injury	手術；外科	常見 undergo surgery（接受手術），也可指外科這個醫學分支或診間（英式用法）。	She underwent surgery to repair her broken knee.	她接受了手術來修復她受傷的膝蓋。	[{"text":"undergo surgery","meaningZh":"接受手術"}]
surmise	verb	verb	to guess or suppose something based on limited or incomplete evidence	推測；臆測	正式用語，常見 surmise that...，強調在證據不足的情況下做出的合理猜測。	From her tone, I surmised that something was wrong.	從她的語氣，我推測有些不對勁。	[{"text":"surmise that","meaningZh":"推測……"}]
surplus	noun	noun	an amount of something left over after all requirements have been met	剩餘；盈餘	常見 budget surplus（預算盈餘），與 deficit（赤字）相對，指超出需求的多餘部分。	The country reported a trade surplus for the third year in a row.	這個國家連續第三年公布貿易順差。	[{"text":"a budget surplus","meaningZh":"預算盈餘"}]
surrender	verb	verb	to stop resisting and admit defeat, or to give up control of something	投降；交出	常見 surrender to the enemy、surrender control，強調放棄抵抗或交出所有權、控制權。	The army surrendered after weeks of fighting.	這支軍隊在數週的戰鬥後投降了。	[{"text":"surrender to the authorities","meaningZh":"向當局投降"}]
surreptitious	adjective	adjective	done secretly and often quickly, to avoid being noticed	偷偷摸摸的；秘密的	正式用語，常修飾 glance、action，強調刻意隱瞞、避免被人發現的舉動。	He took a surreptitious glance at his phone during the meeting.	他在會議中偷偷瞄了一眼手機。	[{"text":"a surreptitious glance","meaningZh":"偷偷的一瞥"}]
surveillance	noun	noun	the close monitoring of a person or place, especially by the police or authorities	監視	常見 under surveillance、surveillance camera，指持續且有目的地觀察以蒐集資訊。	The suspect has been under police surveillance for weeks.	這名嫌疑人已被警方監視數週。	[{"text":"under surveillance","meaningZh":"受到監視"}]
survey	noun	noun	a study in which people are asked questions to gather information or opinions, or a general examination of something	調查；概觀	常見 conduct a survey，也可指土地測量或整體性的檢視（a survey of the field）。	The company conducted a survey to understand customer satisfaction.	這家公司進行了一項調查，以了解顧客滿意度。	[{"text":"conduct a survey","meaningZh":"進行調查"}]
surveyor	noun	noun	a person whose job is to measure and examine land or buildings	測量員；勘測員	常見 land surveyor，指專門測量地界、建築結構或進行統計調查的專業人員。	The surveyor measured the boundaries of the property before construction began.	測量員在施工前先測量了這塊地產的邊界。	[{"text":"a land surveyor","meaningZh":"土地測量員"}]
survival	noun	noun	the state of continuing to live or exist, especially in difficult circumstances	生存；存活	常見 survival of the fittest（適者生存）、survival skills，強調在艱困環境中維持生命或存續。	Learning basic survival skills can be useful in emergencies.	學習基本的求生技能在緊急情況下會很有用。	[{"text":"survival skills","meaningZh":"求生技能"}]
survivor	noun	noun	a person who continues to live after an accident, illness, or difficult experience	生還者；倖存者	常見 cancer survivor、the sole survivor，指經歷災難或困境後仍存活下來的人。	She is a survivor of the plane crash that killed dozens of passengers.	她是那場造成數十名乘客罹難的空難的生還者。	[{"text":"a cancer survivor","meaningZh":"癌症存活者"}]
susceptibility	noun	noun	the state of being easily affected or harmed by something, such as illness or influence	易感性；易受影響的傾向	常見 susceptibility to disease，強調對特定事物容易受到影響或傷害的體質或特性。	Smoking increases susceptibility to lung disease.	吸菸會增加罹患肺部疾病的易感性。	[{"text":"susceptibility to infection","meaningZh":"易受感染的傾向"}]
suspend	verb	verb	to officially stop something for a period of time, or to hang something so it can move freely	暫停；懸掛	常見 suspend a program/license，也可指字面上懸掛物體，如 suspend from the ceiling。	The airline suspended flights due to the severe storm.	因為這場嚴重的暴風雨，這家航空公司暫停了航班。	[{"text":"suspend operations","meaningZh":"暫停營運"},{"text":"suspend from the ceiling","meaningZh":"從天花板懸掛"}]
suspension	noun	noun	the act of officially stopping something for a period of time, especially as a punishment	暫停；停職	常見 suspension from school/work，強調因違規或特定原因而被暫時中止資格或職務。	The player received a two-game suspension for his conduct.	這名球員因行為不當而遭到禁賽兩場的處分。	[{"text":"suspension from duty","meaningZh":"停職"}]
suspicion	noun	noun	a feeling that someone has done something wrong, or that something is not right, without proof	懷疑；猜疑	常見 arouse suspicion、under suspicion，強調缺乏確鑿證據下的懷疑感受。	Her sudden wealth aroused suspicion among her colleagues.	她突然致富的情況引起了同事們的懷疑。	[{"text":"arouse suspicion","meaningZh":"引起懷疑"}]
suspicious	adjective	adjective	feeling or causing a belief that something is wrong or dishonest	可疑的；懷疑的	常見 suspicious behavior、be suspicious of，可指令人起疑的行為，也可指人本身多疑的態度。	The security guard noticed a suspicious package near the entrance.	警衛注意到入口附近有一個可疑的包裹。	[{"text":"suspicious of strangers","meaningZh":"對陌生人懷疑"},{"text":"a suspicious package","meaningZh":"可疑包裹"}]
sustain	verb	verb	to keep something going over a period of time, or to suffer an injury or loss	維持；遭受（傷害）	常見 sustain growth（維持成長）、sustain an injury（受傷），依受詞判斷字面或抽象義。	The company managed to sustain steady growth despite the recession.	儘管經濟衰退，這家公司仍設法維持穩定的成長。	[{"text":"sustain growth","meaningZh":"維持成長"},{"text":"sustain injuries","meaningZh":"受傷"}]
sustenance	noun	noun	food and drink needed to stay alive, or the means of supporting life	食物；生計	正式用語，常見 draw sustenance from，也可比喻指精神上的支持來源。	The hikers carried enough sustenance for a week in the wilderness.	這些健行者攜帶了足夠在荒野中生存一週的食物。	[{"text":"provide sustenance","meaningZh":"提供維生所需"}]
swagger	verb	verb	to walk or behave in a way that shows excessive confidence or self-importance	大搖大擺；趾高氣揚	帶輕微負面意涵，形容人走路或舉止顯得過於自信、傲慢，如 swagger into the room。	He swaggered into the office after winning the championship.	贏得冠軍後，他趾高氣揚地走進辦公室。	[{"text":"swagger into a room","meaningZh":"大搖大擺地走進房間"}]
swallow	verb	verb	to make food or drink pass down the throat into the stomach, or to accept something unpleasant without complaint	吞嚥；忍受（不悅之事）	字面指吞下食物；比喻指默默忍受屈辱或接受不愉快的事，如 swallow one's pride。	She had to swallow her pride and ask for help.	她不得不放下自尊，開口求助。	[{"text":"swallow a pill","meaningZh":"吞藥丸"},{"text":"swallow your pride","meaningZh":"忍氣吞聲放下自尊"}]
swamp	noun	noun	an area of low, wet land, often partly covered with water and vegetation	沼澤	常見 swamp land，也可比喻指陷入難以應付的困境（be swamped with work）。	Alligators are commonly found in swamps in the southern United States.	鱷魚在美國南部的沼澤地帶很常見。	[{"text":"a mangrove swamp","meaningZh":"紅樹林沼澤"}]
sway	noun	noun	the power to influence people's opinions or actions	影響力；支配力	常見 hold sway over，強調對他人決策或想法具有主導性的影響。	The senator's speech had considerable sway over undecided voters.	這位參議員的演說對猶豫不決的選民有相當大的影響力。	[{"text":"hold sway over","meaningZh":"支配或影響……"}]
swear	verb	verb	to make a solemn promise, or to use offensive language	發誓；咒罵	常見 swear to tell the truth（宣誓說實話）、swear at someone（對某人咒罵），依語境判斷。	Witnesses must swear to tell the truth in court.	證人在法庭上必須宣誓說實話。	[{"text":"swear an oath","meaningZh":"宣誓"},{"text":"swear at someone","meaningZh":"咒罵某人"}]
sweat	noun	noun	moisture that comes out through the skin, especially due to heat, exercise, or anxiety	汗水	常見 break out in a sweat，也可比喻指辛勤努力的成果，如 blood, sweat, and tears。	He wiped the sweat from his forehead after the run.	跑完步後，他擦去了額頭上的汗水。	[{"text":"break out in a sweat","meaningZh":"突然冒汗"}]
swell	verb	verb	to become larger or more swollen, or to increase gradually in amount or intensity	腫脹；增大	字面指身體部位因發炎而腫大；比喻指數量、聲音等逐漸增強，如 the crowd swelled。	Her ankle began to swell after the fall.	她跌倒後，腳踝開始腫脹。	[{"text":"swell up","meaningZh":"腫起來"}]
swerve	verb	verb	to change direction suddenly, especially to avoid hitting something	突然轉向	常見 swerve to avoid，強調車輛或人為閃避障礙物而突然改變方向。	The driver swerved to avoid hitting the deer.	駕駛猛然轉向以避免撞上那隻鹿。	[{"text":"swerve to avoid a collision","meaningZh":"突然轉向以避免碰撞"}]
swift	noun	noun	a small, fast-flying bird similar in appearance to a swallow	雨燕	鳥類學用語，指這種以快速飛行著稱、外形近似燕子的候鳥。	Swifts can be seen darting through the sky at dusk.	黃昏時分可以看見雨燕在天空中疾速穿梭。	[{"text":"a flock of swifts","meaningZh":"一群雨燕"}]
swipe	verb	verb	to move a card or finger across a surface, especially to make a payment or unlock a device, or to hit with a sweeping motion	刷（卡）；揮打	常見 swipe a card、swipe right（滑動螢幕），也可指用力揮擊。	She swiped her card to pay for the groceries.	她刷卡付了雜貨的費用。	[{"text":"swipe a card","meaningZh":"刷卡"},{"text":"swipe left","meaningZh":"向左滑動"}]
swirl	verb	verb	to move in a twisting, circular motion	打旋；盤旋	常見 leaves swirl in the wind，形容物體或液體以旋轉方式移動。	The dry leaves swirled around in the autumn wind.	枯葉在秋風中打著旋飛舞。	[{"text":"swirl around","meaningZh":"盤旋打轉"}]
switch	noun	noun	a device used to turn something on or off, or a change from one thing to another	開關；轉換	常見 flip a switch、a switch in strategy，字面指控制電路的裝置，也可比喻指立場或方式的改變。	He flipped the switch to turn on the lights.	他按下開關打開了燈。	[{"text":"a light switch","meaningZh":"電燈開關"},{"text":"make the switch to","meaningZh":"轉換為……"}]
syllable	noun	noun	a unit of pronunciation that forms all or part of a word, usually containing a vowel sound	音節	語言學用語，常見 a two-syllable word，指構成單字發音的基本單位。	The word "banana" has three syllables.	「banana」這個字有三個音節。	[{"text":"a stressed syllable","meaningZh":"重讀音節"}]
syllabus	noun	noun	an outline of the topics to be covered in a course of study	課程大綱	教育用語，常見 course syllabus，指列出課程內容、進度與要求的文件。	The professor handed out the syllabus on the first day of class.	教授在第一堂課發下了課程大綱。	[{"text":"a course syllabus","meaningZh":"課程大綱"}]
symbiosis	noun	noun	a close and often mutually beneficial relationship between two different organisms or groups	共生（關係）	生物學用語，常見 symbiotic relationship，也可比喻指人類或組織間互利互惠的合作關係。	The relationship between the bees and the flowers is a classic example of symbiosis.	蜜蜂與花朵之間的關係是共生的經典例子。	[{"text":"a symbiosis between species","meaningZh":"物種間的共生關係"}]
symbolize	verb	verb	to represent or stand for something else, especially an idea or quality	象徵；代表	常見 symbolize freedom/hope，強調某物或行為所承載的抽象意義。	The dove is often used to symbolize peace.	鴿子常被用來象徵和平。	[{"text":"symbolize peace","meaningZh":"象徵和平"}]
symmetry	noun	noun	the quality of having two halves that match each other exactly in size and shape	對稱；勻稱	常見 facial symmetry、symmetry in design，強調物體或圖案兩側完全對應的美感或結構特性。	The building's design is admired for its perfect symmetry.	這棟建築的設計因其完美的對稱性而備受讚賞。	[{"text":"bilateral symmetry","meaningZh":"左右對稱"}]
sympathetic	adjective	adjective	showing understanding and compassion for someone's feelings or difficulties	有同情心的；表示同情的	常見 sympathetic to/toward，強調對他人處境感同身受並給予支持的態度。	The manager was sympathetic to her situation and gave her extra time off.	經理對她的處境表示同情，給了她額外的休假。	[{"text":"sympathetic to someone's plight","meaningZh":"同情某人的困境"}]
sympathy	noun	noun	a feeling of understanding and caring about someone else's suffering or misfortune	同情；憐憫	常見 express sympathy、in sympathy with，強調對他人不幸遭遇的關懷與理解。	She sent a card expressing her sympathy for their loss.	她寄了一張卡片，對他們的喪親之痛表達慰問。	[{"text":"express sympathy for","meaningZh":"對……表達同情"}]
symphony	noun	noun	a long musical composition for a full orchestra, usually with several distinct movements	交響曲	音樂用語，常見 Beethoven's symphony，指由管絃樂團演奏的大型古典音樂作品。	The orchestra performed Beethoven's Fifth Symphony.	這個管絃樂團演奏了貝多芬的第五號交響曲。	[{"text":"compose a symphony","meaningZh":"創作交響曲"}]
symptom	noun	noun	a physical or mental sign that indicates the presence of a disease or condition	症狀	醫學用語，常見 flu symptoms，也可比喻指某問題的外在徵兆，如 a symptom of a larger issue。	Fever and cough are common symptoms of the flu.	發燒和咳嗽是流感常見的症狀。	[{"text":"symptoms of flu","meaningZh":"流感症狀"}]
syndrome	noun	noun	a group of symptoms that consistently occur together and are typical of a particular condition	症候群	醫學用語，常見 Down syndrome，也可比喻指一系列共同出現的現象或行為模式。	The doctor diagnosed him with chronic fatigue syndrome.	醫生診斷他罹患慢性疲勞症候群。	[{"text":"chronic fatigue syndrome","meaningZh":"慢性疲勞症候群"}]
synthesis	noun	noun	the combination of separate ideas, elements, or substances to form a coherent whole	綜合；合成	化學語境指化合物的合成過程；一般語境則指將不同想法整合成一個完整體系。	The report is a synthesis of research from multiple academic disciplines.	這份報告是多個學術領域研究成果的綜合整理。	[{"text":"chemical synthesis","meaningZh":"化學合成"},{"text":"a synthesis of ideas","meaningZh":"想法的綜合"}]
synthetic	adjective	adjective	made by combining chemical substances, rather than occurring naturally	合成的；人造的	常見 synthetic fabric/material，指經人工化學方式製造而非自然生成的產品。	This jacket is made from synthetic materials that are waterproof.	這件外套是用防水的合成材料製成的。	[{"text":"synthetic fibers","meaningZh":"合成纖維"}]
systematic	adjective	adjective	done according to a fixed plan or system, in a thorough and organized way	有系統的；有條理的	常見 systematic approach/review，強調依照既定方法、有組織地進行事情。	The researchers conducted a systematic review of existing studies.	研究人員對現有研究進行了一次系統性的回顧。	[{"text":"a systematic approach","meaningZh":"有系統的方法"}]
tablet	noun	noun	a small, flat, portable computer with a touchscreen, or a small solid pill of medicine	平板電腦；藥片	現代常見指觸控式行動裝置（如 iPad）；也可指壓製成片狀的藥物。	She takes a vitamin tablet every morning with breakfast.	她每天早餐時都會服用一片維他命。	[{"text":"a tablet computer","meaningZh":"平板電腦"},{"text":"take a tablet","meaningZh":"服用一顆藥片"}]
taboo	noun	noun	a subject, word, or action that is avoided because it is considered socially or culturally unacceptable	禁忌	常見 break a taboo、a cultural taboo，指因社會習俗或宗教信仰而被視為不宜提及或做的事。	Talking about salary is still a taboo topic in many workplaces.	在許多職場中，談論薪資仍是一個禁忌話題。	[{"text":"break a taboo","meaningZh":"打破禁忌"}]
taciturn	adjective	adjective	tending to say very little; not talkative	沉默寡言的	正式用語，形容人性格內斂、不愛說話，語氣中性，非負面。	The taciturn old man rarely spoke to strangers.	這位沉默寡言的老人很少和陌生人說話。	[{"text":"a taciturn man","meaningZh":"沉默寡言的男人"}]
tackle	verb	verb	to make a determined effort to deal with a difficult problem, or to physically stop an opponent in sports	處理（難題）；擒抱（對手）	常見 tackle an issue/problem，也可指美式足球等運動中的擒抱動作。	The government must tackle the growing housing crisis.	政府必須處理日益嚴重的住房危機。	[{"text":"tackle a problem","meaningZh":"處理問題"}]
tactic	noun	noun	a specific action or method used to achieve a particular goal, especially in a larger plan	戰術；策略	常見 delaying tactic、marketing tactic，指為達成目標所採取的具體行動或手段。	The team used a defensive tactic to protect their lead.	這支球隊採用防守戰術來保住領先優勢。	[{"text":"a delaying tactic","meaningZh":"拖延戰術"}]
tactile	adjective	adjective	relating to or experienced through the sense of touch	觸覺的	常見 tactile feedback/sensation，指與觸摸感知相關的事物，常見於科技產品設計語境。	The new phone screen provides a satisfying tactile feedback when typed on.	這款新手機螢幕打字時能提供令人滿意的觸覺回饋。	[{"text":"tactile feedback","meaningZh":"觸覺回饋"}]
talent	noun	noun	a natural ability to do something well	天賦；才能	常見 have a talent for，強調與生俱來、擅長某項技能或活動的能力。	She has a natural talent for painting.	她有繪畫方面的天賦。	[{"text":"a talent for music","meaningZh":"音樂天賦"}]
talented	adjective	adjective	having a natural ability to do something well	有才能的；有天賦的	常修飾 musician、athlete，形容人在某領域展現出色的天賦。	He is one of the most talented young musicians in the country.	他是這個國家最有才華的年輕音樂家之一。	[{"text":"a talented musician","meaningZh":"有才華的音樂家"}]
tango	noun	noun	a fast, dramatic ballroom dance originating in Argentina, or the music for this dance	探戈舞	南美文化用語，常見 dance the tango，指這種節奏強烈、風格戲劇化的雙人舞蹈。	The couple performed an elegant tango at the competition.	這對舞伴在比賽中表演了一支優雅的探戈。	[{"text":"dance the tango","meaningZh":"跳探戈"}]
tank	noun	noun	a large container for holding liquid or gas, or an armored military vehicle	槽；坦克	兩義依語境：儲存液體或氣體的容器（fish tank、gas tank）；軍事用語指裝甲戰車。	The aquarium has a large tank filled with tropical fish.	這座水族館有一個裝滿熱帶魚的大水槽。	[{"text":"a fuel tank","meaningZh":"燃料槽"},{"text":"a battle tank","meaningZh":"戰車"}]
tantamount	adjective	adjective	equivalent in effect or seriousness to something, even if not stated directly	等同於；相當於	常見 tantamount to，正式用語，強調某行為或說法實質上等同於另一件更嚴重的事。	His silence was tantamount to an admission of guilt.	他的沉默等同於承認了罪行。	[{"text":"tantamount to an admission","meaningZh":"無異於承認"}]
taper	verb	verb	to gradually become narrower at one end, or to gradually decrease in amount or intensity	逐漸變細；逐漸減少	字面指物體末端逐漸縮小（a taper candle）；比喻指數量或強度逐步降低，如 taper off。	The medication dosage will taper off gradually over several weeks.	這種藥物的劑量將在數週內逐漸減少。	[{"text":"taper off","meaningZh":"逐漸減少"},{"text":"taper to a point","meaningZh":"逐漸變細成尖端"}]
tariff	verb	verb	to impose a tax on goods imported or exported	對……課徵關稅	較少見的動詞用法，指官方對進出口商品課稅的行為；名詞用法 a tariff 更常見。	The new legislation tariffs all imported electronics at a higher rate.	這項新法規對所有進口電子產品課徵更高的關稅。	[{"text":"tariff imported goods","meaningZh":"對進口貨物課徵關稅"}]
tarnish	verb	verb	to make a metal surface dull by exposure to air, or to damage someone's reputation	使失去光澤；玷汙（名譽）	字面指金屬因氧化而失去光澤；比喻指使名聲、形象受損，如 tarnish one's image。	The scandal tarnished the company's reputation for years.	這起醜聞讓公司的聲譽多年蒙受汙點。	[{"text":"tarnish someone's reputation","meaningZh":"損害某人的名譽"}]
tasty	adjective	adjective	having a pleasant flavor; delicious	美味的；可口的	常修飾 food、meal，口語常用詞，強調食物味道好，令人喜愛。	She cooked a tasty dinner for her family.	她為家人煮了一頓美味的晚餐。	[{"text":"a tasty meal","meaningZh":"美味的一餐"}]
tattered	adjective	adjective	old and torn, especially referring to clothing or fabric	破爛的；襤褸的	常修飾 clothes、flag，形容物品因老舊或磨損而破損不堪。	He wore a tattered coat that had seen better days.	他穿著一件早已破舊不堪的外套。	[{"text":"tattered clothes","meaningZh":"襤褸的衣物"}]
taut	adjective	adjective	stretched tight, with no slack, or (of a situation) tense	拉緊的；緊繃的	字面指繩索等物拉得很緊；比喻指氣氛或情勢緊張，如 a taut atmosphere。	Make sure the rope is taut before you start climbing.	開始攀爬前，請確認繩索已經拉緊。	[{"text":"a taut rope","meaningZh":"拉緊的繩子"}]
tease	verb	verb	to make fun of someone in a playful or sometimes unkind way	嘲弄；取笑	常見 tease sb about sth，語氣可以是善意玩笑，也可能帶有輕微惡意，需依語境判斷。	His classmates teased him about his new haircut.	他的同學拿他的新髮型取笑他。	[{"text":"tease someone about","meaningZh":"拿……取笑某人"}]
technician	noun	noun	a person skilled in the practical application of a particular technical field	技師；技術人員	常見 lab technician、sound technician，指具備特定技術專長並實際操作設備或流程的人員。	The technician repaired the malfunctioning equipment within an hour.	這位技師在一小時內修好了故障的設備。	[{"text":"a laboratory technician","meaningZh":"實驗室技術員"}]
tedious	adjective	adjective	boring and taking too much time or effort, causing tiredness or lack of interest	沉悶的；乏味冗長的	常修飾 task、process，形容事情因過程冗長或重複而令人感到厭倦。	Filling out the tax forms was a tedious process.	填寫稅務表格是一件沉悶乏味的事。	[{"text":"a tedious task","meaningZh":"繁瑣乏味的工作"}]
teeter	verb	verb	to move or balance unsteadily, as if about to fall	搖搖欲墜；蹣跚	常見 teeter on the edge，字面指身體搖晃不穩；比喻指情勢處於不穩定、瀕臨崩潰的邊緣。	The old ladder teetered dangerously as he climbed higher.	他越爬越高時，那把老舊的梯子搖搖欲墜，十分危險。	[{"text":"teeter on the brink of","meaningZh":"瀕臨"}]
telegraph	noun	noun	a system or device for sending messages over long distances using electrical signals, especially in the past	電報	歷史科技用語，常見 send a telegraph，指早期用於長距離通訊的電子裝置或系統。	Before telephones, people relied on the telegraph to send urgent messages.	在電話出現之前，人們仰賴電報傳送緊急訊息。	[{"text":"an electric telegraph","meaningZh":"電報機"}]
telescope	noun	noun	an instrument used to view distant objects, especially in astronomy, by making them appear larger and closer	望遠鏡	常見 astronomical telescope，指用於觀測遠方（尤指天文）物體的光學儀器。	Astronomers used a powerful telescope to observe the distant galaxy.	天文學家使用一台強力望遠鏡觀測那個遙遠的星系。	[{"text":"a space telescope","meaningZh":"太空望遠鏡"}]
temerity	noun	noun	excessive boldness or confidence that shows a lack of respect for danger or propriety	魯莽；放肆的膽量	正式用語，常見 have the temerity to，帶輕微負面意涵，指大膽到近乎無禮或不知輕重的程度。	He had the temerity to question the CEO's decision in front of everyone.	他竟膽敢在眾人面前質疑執行長的決定。	[{"text":"have the temerity to","meaningZh":"竟然膽敢"}]
temper	noun	noun	a person's tendency to become angry easily, or their general state of mind or mood	脾氣；性情	常見 lose one's temper（發脾氣）、have a bad temper，強調情緒控制能力或性格傾向。	He needs to learn to control his temper at work.	他需要學會在工作中控制自己的脾氣。	[{"text":"lose your temper","meaningZh":"發脾氣"},{"text":"keep your temper","meaningZh":"忍住怒氣"}]
temple	noun	noun	a building used for worship, especially in certain religions such as Hinduism or Buddhism	寺廟；神殿	常見 Buddhist temple，也可指人體太陽穴（較少見義項，需依語境判斷）。	Visitors must remove their shoes before entering the temple.	遊客進入寺廟前必須脫鞋。	[{"text":"a Buddhist temple","meaningZh":"佛寺"}]
temporarily	adverb	adverb	for a limited period of time; not permanently	暫時地；臨時地	常見 temporarily closed，強調狀態或情況只是短期而非永久性的。	The store is temporarily closed for renovations.	這家商店因整修而暫時歇業。	[{"text":"temporarily closed","meaningZh":"暫時關閉"}]
temporary	adjective	adjective	lasting for only a limited period of time; not permanent	暫時的；臨時的	常見 temporary job/solution，與 permanent 相對，強調時效有限、非長久性質。	She took a temporary job while looking for something more permanent.	她在尋找更穩定的工作期間先做了一份臨時工作。	[{"text":"temporary accommodation","meaningZh":"臨時住所"}]
tempt	verb	verb	to make someone want to do or have something, especially something they should not	誘惑；引誘	常見 tempt sb to do sth、be tempted by，強調激起某人做出可能不明智選擇的慾望。	The dessert menu tempted her to order something sweet.	甜點菜單誘使她點了些甜食。	[{"text":"tempt someone into doing something","meaningZh":"引誘某人做某事"}]
temptation	noun	noun	a strong desire to do or have something, especially something considered wrong or unwise	誘惑	常見 resist temptation，指抵抗想做不該做的事的內在慾望。	He resisted the temptation to check his phone during the meeting.	他抵擋住了在會議中查看手機的誘惑。	[{"text":"resist temptation","meaningZh":"抵抗誘惑"}]
tenacious	adjective	adjective	determined to continue doing something despite difficulty; not giving up easily	堅韌不拔的；固執的	常修飾 person、grip，形容人堅持到底、不輕易放棄的個性。	She is a tenacious negotiator who never backs down.	她是位堅韌不拔、絕不退讓的談判高手。	[{"text":"a tenacious defender","meaningZh":"頑強的捍衛者"}]
tenacity	noun	noun	the quality of being determined and persistent, especially in difficult situations	堅韌；毅力	常見 show tenacity，強調面對困難時仍堅持不懈的特質。	His tenacity paid off when he finally secured the contract.	他的堅持不懈終於獲得回報，成功拿下了這份合約。	[{"text":"sheer tenacity","meaningZh":"純粹的堅韌毅力"}]
tenancy	noun	noun	the period or condition of renting and occupying property as a tenant	租賃（期間）	正式用語，常見 during her tenancy，指承租並使用房產的期間或這種法律關係本身。	The tenancy agreement lasts for one year.	這份租賃合約為期一年。	[{"text":"a tenancy agreement","meaningZh":"租賃契約"}]
tenant	noun	noun	a person who pays rent to occupy land or a building owned by someone else	房客；承租人	常見 landlord and tenant，與 landlord（房東）相對，指支付租金使用房產的一方。	The landlord raised the rent for all tenants in the building.	房東調漲了這棟大樓所有房客的租金。	[{"text":"a sitting tenant","meaningZh":"目前仍在承租的房客"}]
tendency	noun	noun	a natural inclination to act or think in a particular way	傾向；趨勢	常見 have a tendency to，強調某種行為或發展的自然、慣常方向。	He has a tendency to procrastinate when facing difficult tasks.	他面對困難任務時，有拖延的傾向。	[{"text":"a tendency to do something","meaningZh":"做某事的傾向"}]
tender	noun	noun	a formal offer to supply goods or carry out work at a stated price	投標；報價	商業用語，常見 submit a tender（提交標案），指企業針對特定案件正式提出的價格與條件。	The construction firm submitted a tender for the new bridge project.	這家營造公司為這項新橋樑工程提交了投標書。	[{"text":"put a contract out to tender","meaningZh":"將合約公開招標"}]
tense	noun	noun	a form of a verb that shows the time an action happens, such as past, present, or future	時態	文法用語，常見 past tense、future tense，指動詞變化以表達動作發生的時間點。	Remember to use the past tense when describing yesterday's events.	描述昨天發生的事情時，記得使用過去式。	[{"text":"the past tense","meaningZh":"過去式"}]
tension	noun	noun	a feeling of nervousness or unease caused by stress or conflict, or the state of being physically stretched	緊張；張力	常見 political tension、muscle tension，依語境指心理壓力或物理上的拉緊狀態。	There was a lot of tension between the two coworkers.	這兩位同事之間有相當多的緊張關係。	[{"text":"ease tension","meaningZh":"緩解緊張"},{"text":"surface tension","meaningZh":"表面張力"}]
tenure	noun	noun	the period or right of holding a position, especially a permanent academic post	任期；終身職	常見 during his tenure as CEO，也可指大學教授獲得的終身聘任資格（academic tenure）。	She was granted tenure after years of research and teaching.	經過多年的研究與教學，她獲得了終身教職。	[{"text":"academic tenure","meaningZh":"學術終身職"},{"text":"during someone's tenure","meaningZh":"在某人任職期間"}]
terminal	adjective	adjective	relating to a disease that will eventually cause death, or located at the end of something	末期的；終點的	醫學語境指無法治癒的疾病（terminal illness）；也可指位於盡頭的地點，如 terminal building（航廈）。	He was diagnosed with a terminal illness last year.	他去年被診斷出罹患末期疾病。	[{"text":"a terminal illness","meaningZh":"末期疾病"}]
terminate	verb	verb	to bring something to an end, or to end someone's employment	終止；解僱	常見 terminate a contract/employee，語氣正式，強調正式結束某項協議或職務關係。	The company terminated his contract due to budget cuts.	這家公司因預算削減而終止了他的合約。	[{"text":"terminate a contract","meaningZh":"終止契約"}]
termination	noun	noun	the act of officially ending something, such as a contract or employment	終止；解僱	常見 termination of employment，強調正式結束某段關係、協議或狀態的行為。	The termination of the lease requires a 30-day notice.	終止這份租約需要提前三十天通知。	[{"text":"termination of employment","meaningZh":"終止僱用"}]
terrace	noun	noun	a flat outdoor area next to a building, often used for sitting or dining, or a row of similar houses	露臺；連棟房屋	常見 rooftop terrace，也可指英式排列整齊、共用牆壁的一排住宅。	They enjoyed dinner on the terrace overlooking the sea.	他們在能俯瞰大海的露臺上享用晚餐。	[{"text":"a roof terrace","meaningZh":"屋頂露臺"}]
terrain	noun	noun	the physical features of an area of land, especially in terms of how difficult it is to move across	地形；地勢	常見 rugged terrain、mountainous terrain，強調地表的高低起伏與通行難易度。	The off-road vehicle was designed to handle rough terrain.	這輛越野車專為應付崎嶇地形而設計。	[{"text":"rugged terrain","meaningZh":"崎嶇地形"}]
terrestrial	adjective	adjective	relating to the earth, or living or growing on land rather than in water or air	陸地的；地球的	常見 terrestrial animals（陸生動物），也可用於天文學語境，指與地球相關（非地外）的事物。	Terrestrial animals need different adaptations than aquatic ones.	陸生動物需要與水生動物不同的適應方式。	[{"text":"terrestrial animals","meaningZh":"陸生動物"}]
terribly	adverb	adverb	very badly, or to a great extent	非常；糟糕地	常修飾形容詞（terribly sorry）或動詞（go terribly wrong），可加強語氣或描述程度嚴重。	I'm terribly sorry for the confusion I caused.	我對造成的混亂感到非常抱歉。	[{"text":"terribly sorry","meaningZh":"非常抱歉"},{"text":"go terribly wrong","meaningZh":"出嚴重差錯"}]
terrific	adjective	adjective	extremely good or impressive	極好的；了不起的	口語用語，語氣正面，強調對某事物印象深刻、非常滿意。	She did a terrific job organizing the entire event.	她把整場活動安排得非常出色。	[{"text":"a terrific performance","meaningZh":"出色的表現"}]
terrify	verb	verb	to make someone feel extreme fear	使極度恐懼	常見 be terrified of，強調引發強烈、深切的恐懼感，程度比 scare 更強。	The thought of public speaking terrifies him.	一想到要公開演講，他就感到極度恐懼。	[{"text":"be terrified of","meaningZh":"極度害怕"}]
territorial	adjective	adjective	relating to the ownership or control of a particular area of land, or (of an animal or person) protective of one's own space	領土的；有地盤意識的	常見 territorial dispute（領土爭端），也可形容動物或人對自己空間、資源的防衛性行為。	The two countries have been in a territorial dispute for decades.	這兩個國家已為領土爭端持續了數十年。	[{"text":"territorial disputes","meaningZh":"領土爭端"},{"text":"territorial behavior","meaningZh":"護衛地盤的行為"}]
territory	noun	noun	an area of land under the control of a particular government, or an area of responsibility or expertise	領土；範圍	常見 disputed territory，也可比喻指某人負責或熟悉的領域，如 sales territory（業務轄區）。	The company expanded into new sales territories last year.	這家公司去年拓展到了新的業務轄區。	[{"text":"unfamiliar territory","meaningZh":"不熟悉的領域"}]
terror	noun	noun	extreme fear, or the use of violence to cause such fear for political purposes	恐怖；恐懼	常見 live in terror、act of terror，強調極度的害怕感或蓄意製造恐懼的暴力行為。	The villagers lived in terror during the years of civil war.	村民們在那些年的內戰期間活在恐懼之中。	[{"text":"in terror","meaningZh":"驚恐萬分"}]
testify	verb	verb	to give a formal statement as evidence in a court of law	作證；證明	法律用語，常見 testify against/for，強調在法庭上提供正式的證詞。	The witness testified that she saw the defendant at the scene.	這名證人作證表示她看見被告出現在案發現場。	[{"text":"testify under oath","meaningZh":"宣誓作證"}]
testimony	noun	noun	a formal statement given as evidence, especially in court	證詞；證言	法律用語，常見 give testimony，指正式提供的陳述以作為證據支持某項主張。	Her testimony was crucial in convicting the suspect.	她的證詞對定罪這名嫌疑人至關重要。	[{"text":"give testimony","meaningZh":"提供證詞"}]
supple	adjective	adjective	able to bend or move easily without becoming stiff or breaking	柔軟的；柔韌的；靈活的	常用來形容皮革等材料柔軟易彎，或身體、四肢靈活柔韌；例如 supple leather（柔軟的皮革）。	Regular stretching helps keep your muscles supple.	規律伸展有助於保持肌肉柔韌。	[{"text":"supple leather","meaningZh":"柔軟的皮革"},{"text":"keep your body supple","meaningZh":"保持身體柔韌"}]
